step,block_size,lr,train_loss,train_ema,gn
0,128,6.666667e-06,4.1522,4.1522,1.067
1,128,1.333333e-05,4.1377,4.1515,1.055
2,128,2.000000e-05,4.1538,4.1516,1.069
3,128,2.666667e-05,4.1462,4.1513,1.060
4,128,3.333333e-05,4.1517,4.1514,1.067
5,128,4.000000e-05,4.1444,4.1510,1.062
6,128,4.666667e-05,4.1453,4.1507,1.065
7,128,5.333333e-05,4.1318,4.1498,1.053
8,128,6.000000e-05,4.1423,4.1494,1.064
9,128,6.666667e-05,4.1403,4.1489,1.060
10,128,7.333333e-05,4.1538,4.1492,1.067
11,128,8.000000e-05,4.1372,4.1486,1.060
12,128,8.666667e-05,4.1251,4.1474,1.051
13,128,9.333333e-05,4.1397,4.1470,1.060
14,128,1.000000e-04,4.1351,4.1464,1.057
15,128,1.066667e-04,4.1390,4.1461,1.061
16,128,1.133333e-04,4.1351,4.1455,1.054
17,128,1.200000e-04,4.1185,4.1442,1.041
18,128,1.266667e-04,4.1228,4.1431,1.045
19,128,1.333333e-04,4.1543,4.1437,1.070
20,128,1.400000e-04,4.1382,4.1434,1.059
21,128,1.466667e-04,4.1238,4.1424,1.049
22,128,1.533333e-04,4.1251,4.1415,1.047
23,128,1.600000e-04,4.1269,4.1408,1.051
24,128,1.666667e-04,4.1450,4.1410,1.060
25,128,1.733333e-04,4.1279,4.1404,1.052
26,128,1.800000e-04,4.1283,4.1398,1.048
27,128,1.866667e-04,4.1381,4.1397,1.054
28,128,1.933333e-04,4.1297,4.1392,1.051
29,128,2.000000e-04,4.1115,4.1378,1.038
30,128,2.066667e-04,4.1342,4.1376,1.051
31,128,2.133333e-04,4.1087,4.1362,1.035
32,128,2.200000e-04,4.1129,4.1350,1.040
33,128,2.266667e-04,4.1152,4.1340,1.040
34,128,2.333333e-04,4.1188,4.1333,1.044
35,128,2.400000e-04,4.1134,4.1323,1.034
36,128,2.466667e-04,4.0963,4.1305,1.019
37,128,2.533333e-04,4.1061,4.1292,1.030
38,128,2.600000e-04,4.0954,4.1276,1.019
39,128,2.666667e-04,4.1264,4.1275,1.045
40,128,2.733333e-04,4.1064,4.1264,1.024
41,128,2.800000e-04,4.0941,4.1248,1.017
42,128,2.866667e-04,4.1050,4.1238,1.025
43,128,2.933333e-04,4.0950,4.1224,1.017
44,128,3.000000e-04,4.0986,4.1212,1.022
45,128,3.066667e-04,4.1095,4.1206,1.021
46,128,3.133333e-04,4.1140,4.1203,1.029
47,128,3.200000e-04,4.0953,4.1190,1.012
48,128,3.266667e-04,4.0952,4.1178,1.015
49,128,3.333333e-04,4.0949,4.1167,1.015
50,128,3.400000e-04,4.1113,4.1164,1.020
51,128,3.466667e-04,4.0974,4.1155,1.013
52,128,3.533333e-04,4.0830,4.1139,1.002
53,128,3.600000e-04,4.0993,4.1131,1.013
54,128,3.666667e-04,4.0901,4.1120,1.006
55,128,3.733333e-04,4.0650,4.1096,0.988
56,128,3.800000e-04,4.0709,4.1077,0.991
57,128,3.866667e-04,4.0810,4.1064,0.997
58,128,3.933333e-04,4.0745,4.1048,0.996
59,128,4.000000e-04,4.0875,4.1039,1.002
60,128,4.066667e-04,4.0704,4.1022,0.990
61,128,4.133333e-04,4.0685,4.1005,0.989
62,128,4.200000e-04,4.0888,4.1000,1.006
63,128,4.266667e-04,4.0715,4.0985,0.994
64,128,4.333333e-04,4.0839,4.0978,0.990
65,128,4.400000e-04,4.0683,4.0963,0.987
66,128,4.466667e-04,4.0494,4.0940,0.970
67,128,4.533333e-04,4.0678,4.0927,0.983
68,128,4.600000e-04,4.0729,4.0917,0.983
69,128,4.666667e-04,4.0603,4.0901,0.979
70,128,4.733333e-04,4.0680,4.0890,0.977
71,128,4.800000e-04,4.0756,4.0883,0.979
72,128,4.866667e-04,4.0507,4.0865,0.962
73,128,4.933333e-04,4.0637,4.0853,0.974
74,128,5.000000e-04,4.0524,4.0837,0.961
75,128,5.066667e-04,4.0680,4.0829,0.970
76,128,5.133333e-04,4.0520,4.0813,0.959
77,128,5.200000e-04,4.0531,4.0799,0.959
78,128,5.266667e-04,4.0431,4.0781,0.952
79,128,5.333333e-04,4.0509,4.0767,0.958
80,128,5.400000e-04,4.0591,4.0758,0.963
81,128,5.466667e-04,4.0433,4.0742,0.948
82,128,5.533333e-04,4.0527,4.0731,0.956
83,128,5.600000e-04,4.0466,4.0718,0.950
84,128,5.666667e-04,4.0517,4.0708,0.955
85,128,5.733333e-04,4.0401,4.0693,0.952
86,128,5.800000e-04,4.0596,4.0688,0.961
87,128,5.866667e-04,4.0525,4.0680,0.957
88,128,5.933333e-04,4.0524,4.0672,0.959
89,128,6.000000e-04,4.0465,4.0662,0.948
90,128,6.066667e-04,4.0366,4.0647,0.945
91,128,6.133333e-04,4.0217,4.0625,0.934
92,128,6.200000e-04,4.0310,4.0610,0.948
93,128,6.266667e-04,4.0251,4.0592,0.940
94,128,6.333333e-04,4.0699,4.0597,0.970
95,128,6.400000e-04,4.0180,4.0576,0.929
96,128,6.466667e-04,4.0271,4.0561,0.940
97,128,6.533333e-04,4.0353,4.0550,0.944
98,128,6.600000e-04,4.0193,4.0533,0.930
99,128,6.666667e-04,4.0276,4.0520,0.935
100,128,6.733333e-04,4.0228,4.0505,0.930
101,128,6.800000e-04,4.0223,4.0491,0.929
102,128,6.866667e-04,4.0132,4.0473,0.921
103,128,6.933333e-04,4.0158,4.0457,0.927
104,128,7.000000e-04,4.0180,4.0443,0.931
105,128,7.066667e-04,3.9966,4.0420,0.916
106,128,7.133333e-04,4.0076,4.0402,0.922
107,128,7.200000e-04,4.0067,4.0386,0.925
108,128,7.266667e-04,3.9935,4.0363,0.916
109,128,7.333333e-04,3.9702,4.0330,0.897
110,128,7.400000e-04,3.9856,4.0306,0.908
111,128,7.466667e-04,3.9921,4.0287,0.908
112,128,7.533333e-04,3.9786,4.0262,0.898
113,128,7.600000e-04,3.9668,4.0232,0.884
114,128,7.666667e-04,3.9863,4.0214,0.900
115,128,7.733333e-04,3.9916,4.0199,0.904
116,128,7.800000e-04,3.9615,4.0170,0.880
117,128,7.866667e-04,3.9751,4.0149,0.895
118,128,7.933333e-04,3.9856,4.0134,0.902
119,128,8.000000e-04,3.9725,4.0114,0.887
120,128,8.066667e-04,3.9403,4.0078,0.860
121,128,8.133333e-04,3.9435,4.0046,0.873
122,128,8.200000e-04,3.9431,4.0015,0.865
123,128,8.266667e-04,3.9364,3.9983,0.867
124,128,8.333333e-04,3.9273,3.9947,0.857
125,128,8.400000e-04,3.9329,3.9916,0.870
126,128,8.466667e-04,3.9253,3.9883,0.860
127,128,8.533333e-04,3.8863,3.9832,0.831
128,128,8.600000e-04,3.8941,3.9788,0.839
129,128,8.666667e-04,3.8969,3.9747,0.839
130,128,8.733333e-04,3.8859,3.9702,0.829
131,128,8.800000e-04,3.8917,3.9663,0.835
132,128,8.866667e-04,3.8921,3.9626,0.835
133,128,8.933333e-04,3.8848,3.9587,0.832
134,128,9.000000e-04,3.8847,3.9550,0.832
135,128,9.066667e-04,3.8916,3.9518,0.834
136,128,9.133333e-04,3.8697,3.9477,0.812
137,128,9.200000e-04,3.8539,3.9430,0.805
138,128,9.266667e-04,3.8504,3.9384,0.800
139,128,9.333333e-04,3.8584,3.9344,0.801
140,128,9.400000e-04,3.8611,3.9307,0.800
141,128,9.466667e-04,3.8340,3.9259,0.783
142,128,9.533333e-04,3.8586,3.9225,0.801
143,128,9.600000e-04,3.8443,3.9186,0.788
144,128,9.666667e-04,3.8569,3.9155,0.796
145,128,9.733333e-04,3.8519,3.9124,0.796
146,128,9.800000e-04,3.8360,3.9085,0.772
147,128,9.866667e-04,3.8358,3.9049,0.785
148,128,9.933333e-04,3.8454,3.9019,0.784
149,128,1.000000e-03,3.8389,3.8988,0.780
150,128,1.006667e-03,3.8442,3.8960,0.778
151,128,1.013333e-03,3.8463,3.8936,0.782
152,128,1.020000e-03,3.8408,3.8909,0.780
153,128,1.026667e-03,3.8330,3.8880,0.770
154,128,1.033333e-03,3.8390,3.8856,0.773
155,128,1.040000e-03,3.8374,3.8832,0.767
156,128,1.046667e-03,3.8295,3.8805,0.769
157,128,1.053333e-03,3.8147,3.8772,0.751
158,128,1.060000e-03,3.8281,3.8747,0.761
159,128,1.066667e-03,3.8061,3.8713,0.749
160,128,1.073333e-03,3.8175,3.8686,0.751
161,128,1.080000e-03,3.8201,3.8662,0.745
162,128,1.086667e-03,3.7859,3.8622,0.724
163,128,1.093333e-03,3.7961,3.8589,0.730
164,128,1.100000e-03,3.7686,3.8544,0.713
165,128,1.106667e-03,3.7852,3.8509,0.726
166,128,1.113333e-03,3.7865,3.8477,0.727
167,128,1.120000e-03,3.7715,3.8439,0.714
168,128,1.126667e-03,3.7715,3.8403,0.712
169,128,1.133333e-03,3.7845,3.8375,0.729
170,128,1.140000e-03,3.7640,3.8338,0.712
171,128,1.146667e-03,3.7520,3.8297,0.698
172,128,1.153333e-03,3.7437,3.8254,0.694
173,128,1.160000e-03,3.7398,3.8211,0.691
174,128,1.166667e-03,3.7447,3.8173,0.695
175,128,1.173333e-03,3.7529,3.8141,0.698
176,128,1.180000e-03,3.7617,3.8115,0.707
177,128,1.186667e-03,3.7484,3.8083,0.694
178,128,1.193333e-03,3.7624,3.8060,0.705
179,128,1.200000e-03,3.7301,3.8022,0.678
180,128,1.206667e-03,3.7395,3.7991,0.675
181,128,1.213333e-03,3.7352,3.7959,0.676
182,128,1.220000e-03,3.7427,3.7932,0.679
183,128,1.226667e-03,3.7122,3.7892,0.657
184,128,1.233333e-03,3.7243,3.7859,0.660
185,128,1.240000e-03,3.7192,3.7826,0.655
186,128,1.246667e-03,3.6984,3.7784,0.648
187,128,1.253333e-03,3.6989,3.7744,0.642
188,128,1.260000e-03,3.6933,3.7703,0.641
189,128,1.266667e-03,3.7069,3.7672,0.649
190,128,1.273333e-03,3.6973,3.7637,0.642
191,128,1.280000e-03,3.6908,3.7600,0.633
192,128,1.286667e-03,3.6733,3.7557,0.625
193,128,1.293333e-03,3.6777,3.7518,0.634
194,128,1.300000e-03,3.6481,3.7466,0.604
195,128,1.306667e-03,3.6712,3.7428,0.620
196,128,1.313333e-03,3.6506,3.7382,0.604
197,128,1.320000e-03,3.6455,3.7336,0.604
198,128,1.326667e-03,3.6403,3.7289,0.594
199,128,1.333333e-03,3.6521,3.7251,0.604
200,128,1.340000e-03,3.6412,3.7209,0.604
201,128,1.346667e-03,3.6630,3.7180,0.614
202,128,1.353333e-03,3.6375,3.7140,0.606
203,128,1.360000e-03,3.6114,3.7089,0.590
204,128,1.366667e-03,3.5902,3.7029,0.580
205,128,1.373333e-03,3.5808,3.6968,0.580
206,128,1.380000e-03,3.5707,3.6905,0.577
207,128,1.386667e-03,3.5600,3.6840,0.573
208,128,1.393333e-03,3.5611,3.6778,0.575
209,128,1.400000e-03,3.5331,3.6706,0.560
210,128,1.406667e-03,3.5462,3.6644,0.565
211,128,1.413333e-03,3.5592,3.6591,0.580
212,128,1.420000e-03,3.5419,3.6533,0.572
213,128,1.426667e-03,3.5320,3.6472,0.565
214,128,1.433333e-03,3.5365,3.6417,0.567
215,128,1.440000e-03,3.5198,3.6356,0.558
216,128,1.446667e-03,3.5143,3.6295,0.559
217,128,1.453333e-03,3.5040,3.6232,0.542
218,128,1.460000e-03,3.5004,3.6171,0.541
219,128,1.466667e-03,3.5096,3.6117,0.542
220,128,1.473333e-03,3.4924,3.6057,0.525
221,128,1.480000e-03,3.4931,3.6001,0.519
222,128,1.486667e-03,3.4876,3.5945,0.515
223,128,1.493333e-03,3.4904,3.5893,0.519
224,128,1.500000e-03,3.4945,3.5845,0.519
225,128,1.506667e-03,3.4952,3.5801,0.520
226,128,1.513333e-03,3.4857,3.5754,0.506
227,128,1.520000e-03,3.4960,3.5714,0.510
228,128,1.526667e-03,3.4872,3.5672,0.504
229,128,1.533333e-03,3.4963,3.5636,0.513
230,128,1.540000e-03,3.4755,3.5592,0.497
231,128,1.546667e-03,3.4903,3.5558,0.505
232,128,1.553333e-03,3.4739,3.5517,0.490
233,128,1.560000e-03,3.4604,3.5471,0.494
234,128,1.566667e-03,3.4428,3.5419,0.484
235,128,1.573333e-03,3.4477,3.5372,0.492
236,128,1.580000e-03,3.4372,3.5322,0.492
237,128,1.586667e-03,3.4346,3.5273,0.490
238,128,1.593333e-03,3.4400,3.5229,0.492
239,128,1.600000e-03,3.4364,3.5186,0.491
240,128,1.606667e-03,3.4160,3.5135,0.486
241,128,1.613333e-03,3.4179,3.5087,0.482
242,128,1.620000e-03,3.3954,3.5030,0.478
243,128,1.626667e-03,3.3775,3.4968,0.462
244,128,1.633333e-03,3.3951,3.4917,0.481
245,128,1.640000e-03,3.3787,3.4860,0.469
246,128,1.646667e-03,3.3406,3.4788,0.472
247,128,1.653333e-03,3.2004,3.4648,0.453
248,128,1.660000e-03,3.1363,3.4484,0.411
249,128,1.666667e-03,3.1269,3.4323,0.475
250,128,1.673333e-03,3.1216,3.4168,0.506
251,128,1.680000e-03,3.1150,3.4017,0.493
252,128,1.686667e-03,3.1143,3.3873,0.744
253,128,1.693333e-03,3.1179,3.3739,0.736
254,128,1.700000e-03,3.4388,3.3771,1.974
255,128,1.706667e-03,3.1070,3.3636,0.813
256,128,1.713333e-03,3.0185,3.3464,0.584
257,128,1.720000e-03,2.9872,3.3284,0.505
258,128,1.726667e-03,2.9608,3.3100,0.471
259,128,1.733333e-03,2.9629,3.2927,0.373
260,128,1.740000e-03,2.9799,3.2770,0.446
261,128,1.746667e-03,2.9769,3.2620,0.455
262,128,1.753333e-03,2.9708,3.2475,0.462
263,128,1.760000e-03,2.8874,3.2295,0.432
264,128,1.766667e-03,2.8756,3.2118,0.463
265,128,1.773333e-03,2.8632,3.1943,0.457
266,128,1.780000e-03,2.9130,3.1803,1.529
267,128,1.786667e-03,2.8756,3.1650,1.433
268,128,1.793333e-03,2.8315,3.1484,1.201
269,128,1.800000e-03,2.8135,3.1316,1.212
270,128,1.806667e-03,2.7767,3.1139,0.393
271,128,1.813333e-03,2.7461,3.0955,0.264
272,128,1.820000e-03,2.7748,3.0794,0.388
273,128,1.826667e-03,2.7907,3.0650,0.397
274,128,1.833333e-03,2.7733,3.0504,0.391
275,128,1.840000e-03,2.7656,3.0362,0.384
276,128,1.846667e-03,2.7188,3.0203,0.689
277,128,1.853333e-03,2.6951,3.0041,0.713
278,128,1.860000e-03,2.6935,2.9885,0.587
279,128,1.866667e-03,2.6736,2.9728,0.581
280,128,1.873333e-03,2.7126,2.9598,0.334
281,128,1.880000e-03,2.6968,2.9466,0.337
282,128,1.886667e-03,2.6890,2.9337,0.355
283,128,1.893333e-03,2.6937,2.9217,0.363
284,128,1.900000e-03,2.7360,2.9124,0.476
285,128,1.906667e-03,2.7090,2.9023,1.061
286,128,1.913333e-03,2.6979,2.8921,1.058
287,128,1.920000e-03,2.6242,2.8787,0.944
288,128,1.926667e-03,3.1204,2.8908,3.193
289,128,1.933333e-03,3.1043,2.9014,3.133
290,128,1.940000e-03,2.5693,2.8848,0.599
291,128,1.946667e-03,2.6243,2.8718,0.309
292,128,1.953333e-03,2.6670,2.8616,0.397
293,128,1.960000e-03,2.6601,2.8515,0.411
294,128,1.966667e-03,2.7033,2.8441,0.428
295,128,1.973333e-03,2.5151,2.8276,0.131
296,128,1.980000e-03,2.5113,2.8118,0.147
297,128,1.986667e-03,2.5099,2.7967,0.276
298,128,1.993333e-03,2.5180,2.7828,0.290
299,128,2.000000e-03,2.5103,2.7692,0.175
300,128,2.000000e-03,2.4853,2.7550,0.187
301,128,2.000000e-03,2.4811,2.7413,0.187
302,128,2.000000e-03,2.4726,2.7278,0.283
303,128,1.999999e-03,2.4806,2.7155,0.264
304,128,1.999999e-03,2.4532,2.7024,0.224
305,128,1.999998e-03,2.4408,2.6893,0.220
306,128,1.999997e-03,2.4315,2.6764,0.137
307,128,1.999996e-03,2.4378,2.6645,0.128
308,128,1.999995e-03,2.4238,2.6524,0.122
309,128,1.999994e-03,2.4218,2.6409,0.118
310,128,1.999992e-03,2.4266,2.6302,0.101
311,128,1.999990e-03,3.0759,2.6525,3.793
312,128,1.999989e-03,2.4579,2.6427,0.651
313,128,1.999987e-03,2.4618,2.6337,0.614
314,128,1.999985e-03,2.4443,2.6242,0.337
315,128,1.999982e-03,2.4235,2.6142,0.380
316,128,1.999980e-03,2.5403,2.6105,0.508
317,128,1.999977e-03,2.5397,2.6070,0.506
318,128,1.999974e-03,2.6010,2.6067,1.519
319,128,1.999971e-03,2.5522,2.6039,0.493
320,128,1.999968e-03,2.6986,2.6087,2.054
321,128,1.999965e-03,2.4105,2.5988,0.366
322,128,1.999962e-03,2.3745,2.5875,0.331
323,128,1.999958e-03,2.7034,2.5933,2.510
324,128,1.999954e-03,2.3722,2.5823,0.277
325,128,1.999951e-03,2.3419,2.5703,0.257
326,128,1.999947e-03,2.3421,2.5589,0.269
327,128,1.999942e-03,2.3623,2.5490,0.277
328,128,1.999938e-03,2.3627,2.5397,0.250
329,128,1.999934e-03,2.4909,2.5373,0.489
330,128,1.999929e-03,2.4852,2.5347,0.518
331,128,1.999924e-03,2.4833,2.5321,0.504
332,128,1.999919e-03,2.4886,2.5299,1.138
333,128,1.999914e-03,2.4699,2.5269,1.074
334,128,1.999909e-03,2.3386,2.5175,0.125
335,128,1.999903e-03,2.3046,2.5069,0.096
336,128,1.999898e-03,2.3034,2.4967,0.099
337,128,1.999892e-03,2.2736,2.4855,0.078
338,128,1.999886e-03,2.2595,2.4742,0.088
339,128,1.999880e-03,2.2803,2.4645,0.109
340,128,1.999873e-03,2.2929,2.4560,0.100
341,128,1.999867e-03,2.2787,2.4471,0.107
342,128,1.999861e-03,2.2591,2.4377,0.126
343,128,1.999854e-03,2.2563,2.4286,0.125
344,128,1.999847e-03,2.2545,2.4199,0.139
345,128,1.999840e-03,2.2441,2.4111,0.123
346,128,1.999833e-03,2.2509,2.4031,0.160
347,128,1.999825e-03,2.2577,2.3958,0.142
348,128,1.999818e-03,2.2324,2.3877,0.113
349,128,1.999810e-03,2.2294,2.3798,0.116
350,128,1.999802e-03,2.6539,2.3935,2.262
351,128,1.999794e-03,2.2783,2.3877,0.548
352,128,1.999786e-03,2.2302,2.3798,0.208
353,128,1.999778e-03,2.2498,2.3733,0.215
354,128,1.999769e-03,2.2153,2.3654,0.243
355,128,1.999761e-03,2.2346,2.3589,0.284
356,128,1.999752e-03,2.2435,2.3531,0.248
357,128,1.999743e-03,2.2014,2.3455,0.247
358,128,1.999734e-03,2.2086,2.3387,0.291
359,128,1.999725e-03,2.2002,2.3318,0.207
360,128,1.999715e-03,2.1789,2.3241,0.157
361,128,1.999706e-03,2.1902,2.3174,0.391
362,128,1.999696e-03,2.2911,2.3161,0.935
363,128,1.999686e-03,2.1651,2.3086,0.131
364,128,1.999676e-03,2.1457,2.3004,0.106
365,128,1.999666e-03,2.1430,2.2925,0.107
366,128,1.999656e-03,2.2319,2.2895,0.503
367,128,1.999645e-03,2.1465,2.2824,0.291
368,128,1.999634e-03,2.1960,2.2780,0.343
369,128,1.999624e-03,2.2347,2.2759,0.428
370,128,1.999613e-03,2.2199,2.2731,0.350
371,128,1.999601e-03,2.2495,2.2719,0.417
372,128,1.999590e-03,2.1251,2.2646,0.242
373,128,1.999579e-03,2.1376,2.2582,0.585
374,128,1.999567e-03,2.1232,2.2515,0.236
375,128,1.999555e-03,2.1148,2.2446,0.217
376,128,1.999543e-03,2.0954,2.2372,0.144
377,128,1.999531e-03,2.0984,2.2302,0.149
378,128,1.999519e-03,2.0643,2.2219,0.143
379,128,1.999507e-03,2.0992,2.2158,0.229
380,128,1.999494e-03,2.0965,2.2098,0.213
381,128,1.999481e-03,2.0303,2.2009,0.133
382,128,1.999468e-03,2.0638,2.1940,0.106
383,128,1.999455e-03,2.0443,2.1865,0.138
384,128,1.999442e-03,2.0857,2.1815,0.577
385,128,1.999429e-03,2.1014,2.1775,0.588
386,128,1.999415e-03,2.0302,2.1701,0.303
387,128,1.999402e-03,2.0259,2.1629,0.155
388,128,1.999388e-03,2.0530,2.1574,0.148
389,128,1.999374e-03,2.0342,2.1512,0.316
390,128,1.999360e-03,2.0168,2.1445,0.194
391,128,1.999345e-03,2.0206,2.1383,0.172
392,128,1.999331e-03,2.1079,2.1368,0.258
393,128,1.999316e-03,2.0035,2.1301,0.254
394,128,1.999301e-03,2.0302,2.1251,0.263
395,128,1.999286e-03,1.9925,2.1185,0.238
396,128,1.999271e-03,2.0105,2.1131,0.238
397,128,1.999256e-03,2.0408,2.1095,0.249
398,128,1.999241e-03,2.0584,2.1069,0.213
399,128,1.999225e-03,2.0425,2.1037,0.250
400,128,1.999209e-03,2.0017,2.0986,0.155
401,128,1.999194e-03,1.9851,2.0929,0.168
402,128,1.999177e-03,2.1792,2.0973,2.577
403,128,1.999161e-03,1.9576,2.0903,0.152
404,128,1.999145e-03,2.0359,2.0876,0.255
405,128,1.999128e-03,2.0151,2.0839,0.237
406,128,1.999112e-03,2.0093,2.0802,0.251
407,128,1.999095e-03,1.9749,2.0749,0.308
408,128,1.999078e-03,1.9757,2.0700,0.311
409,128,1.999061e-03,1.9681,2.0649,0.256
410,128,1.999043e-03,1.9651,2.0599,0.137
411,128,1.999026e-03,1.9625,2.0550,0.121
412,128,1.999008e-03,1.9324,2.0489,0.090
413,128,1.998991e-03,2.0090,2.0469,0.252
414,128,1.998973e-03,1.9404,2.0416,0.080
415,128,1.998954e-03,1.9545,2.0372,0.084
416,128,1.998936e-03,1.9106,2.0309,0.096
417,128,1.998918e-03,1.8951,2.0241,0.147
418,128,1.998899e-03,1.9286,2.0193,0.154
419,128,1.998881e-03,2.0990,2.0233,1.410
420,128,1.998862e-03,1.9163,2.0180,0.191
421,128,1.998843e-03,1.9197,2.0130,0.161
422,128,1.998823e-03,2.0028,2.0125,0.261
423,128,1.998804e-03,1.9025,2.0070,0.129
424,128,1.998784e-03,1.9124,2.0023,0.104
425,128,1.998765e-03,1.8832,1.9963,0.124
426,128,1.998745e-03,1.8962,1.9913,0.158
427,128,1.998725e-03,1.8992,1.9867,0.198
428,128,1.998705e-03,1.8897,1.9819,0.199
429,128,1.998684e-03,1.8860,1.9771,0.229
430,128,1.998664e-03,1.9023,1.9733,0.196
431,128,1.998643e-03,1.8855,1.9689,0.177
432,128,1.998623e-03,1.8591,1.9635,0.204
433,128,1.998602e-03,1.8855,1.9596,0.122
434,128,1.998581e-03,1.8563,1.9544,0.125
435,128,1.998559e-03,1.8574,1.9496,0.155
436,128,1.998538e-03,2.0333,1.9537,1.429
437,128,1.998516e-03,1.8516,1.9486,0.222
438,128,1.998495e-03,1.8389,1.9431,0.247
439,128,1.998473e-03,1.8637,1.9392,0.231
440,128,1.998451e-03,1.8744,1.9359,0.237
441,128,1.998428e-03,1.8614,1.9322,0.241
442,128,1.998406e-03,1.8395,1.9276,0.231
443,128,1.998384e-03,1.8487,1.9236,0.230
444,128,1.998361e-03,1.8503,1.9200,0.201
445,128,1.998338e-03,1.8415,1.9160,0.187
446,128,1.998315e-03,1.8425,1.9124,0.176
447,128,1.998292e-03,1.8510,1.9093,0.196
448,128,1.998269e-03,1.8092,1.9043,0.228
449,128,1.998245e-03,1.8682,1.9025,0.209
450,128,1.998221e-03,1.8620,1.9005,0.186
451,128,1.998198e-03,1.8492,1.8979,0.214
452,128,1.998174e-03,1.8181,1.8939,0.199
453,128,1.998150e-03,1.8175,1.8901,0.185
454,128,1.998125e-03,1.8571,1.8884,0.194
455,128,1.998101e-03,1.8055,1.8843,0.195
456,128,1.998076e-03,1.8090,1.8805,0.159
457,128,1.998052e-03,1.9386,1.8834,0.767
458,128,1.998027e-03,1.8008,1.8793,0.160
459,128,1.998002e-03,1.8309,1.8769,0.153
460,128,1.997977e-03,1.7778,1.8719,0.231
461,128,1.997951e-03,1.8195,1.8693,0.217
462,128,1.997926e-03,1.8190,1.8668,0.204
463,128,1.997900e-03,1.7919,1.8630,0.271
464,128,1.997874e-03,1.8235,1.8611,0.213
465,128,1.997848e-03,1.8004,1.8580,0.229
466,128,1.997822e-03,1.7999,1.8551,0.167
467,128,1.997796e-03,1.7924,1.8520,0.188
468,128,1.997769e-03,1.7908,1.8489,0.181
469,128,1.997743e-03,1.7732,1.8451,0.193
470,128,1.997716e-03,1.8007,1.8429,0.145
471,128,1.997689e-03,1.8071,1.8411,0.136
472,128,1.997662e-03,1.9065,1.8444,0.757
473,128,1.997634e-03,1.8181,1.8431,0.160
474,128,1.997607e-03,1.7665,1.8393,0.203
475,128,1.997580e-03,1.7759,1.8361,0.200
476,128,1.997552e-03,1.7937,1.8340,0.179
477,128,1.997524e-03,1.7851,1.8315,0.214
478,128,1.997496e-03,1.7877,1.8293,0.239
479,128,1.997468e-03,1.7878,1.8273,0.232
480,128,1.997439e-03,1.7946,1.8256,0.256
481,128,1.997411e-03,1.7831,1.8235,0.234
482,128,1.997382e-03,1.8016,1.8224,0.211
483,128,1.997353e-03,1.7522,1.8189,0.141
484,128,1.997324e-03,1.7574,1.8158,0.118
485,128,1.997295e-03,1.7691,1.8135,0.139
486,128,1.997266e-03,1.7348,1.8095,0.136
487,128,1.997236e-03,1.7522,1.8067,0.126
488,128,1.997207e-03,1.7671,1.8047,0.069
489,128,1.997177e-03,1.7633,1.8026,0.087
490,128,1.997147e-03,1.8084,1.8029,0.632
491,128,1.997117e-03,1.7633,1.8009,0.092
492,128,1.997087e-03,1.7489,1.7983,0.156
493,128,1.997056e-03,1.7285,1.7948,0.172
494,128,1.997026e-03,1.7275,1.7915,0.187
495,128,1.996995e-03,1.7183,1.7878,0.186
496,128,1.996964e-03,1.7456,1.7857,0.201
497,128,1.996933e-03,1.7221,1.7825,0.216
498,128,1.996902e-03,1.7244,1.7796,0.181
499,128,1.996870e-03,1.7099,1.7761,0.243
500,128,1.996839e-03,1.7124,1.7729,0.186
501,128,1.996807e-03,1.7333,1.7710,0.177
502,128,1.996775e-03,1.7167,1.7683,0.178
503,128,1.996743e-03,1.7420,1.7669,0.152
504,128,1.996711e-03,1.7442,1.7658,0.206
505,128,1.996679e-03,1.7763,1.7663,0.548
506,128,1.996647e-03,1.7493,1.7655,0.142
507,128,1.996614e-03,1.7160,1.7630,0.185
508,128,1.996581e-03,1.7121,1.7605,0.128
509,128,1.996548e-03,1.7157,1.7582,0.184
510,128,1.996515e-03,1.7164,1.7561,0.171
511,128,1.996482e-03,1.7128,1.7540,0.210
512,128,1.996448e-03,1.6761,1.7501,0.273
513,128,1.996415e-03,1.6976,1.7475,0.273
514,128,1.996381e-03,1.6913,1.7446,0.280
515,128,1.996347e-03,1.7792,1.7464,0.568
516,128,1.996313e-03,1.6715,1.7426,0.263
517,128,1.996279e-03,1.6853,1.7398,0.213
518,128,1.996245e-03,1.6980,1.7377,0.221
519,128,1.996210e-03,1.6944,1.7355,0.206
520,128,1.996176e-03,1.6790,1.7327,0.234
521,128,1.996141e-03,1.6714,1.7296,0.203
522,128,1.996106e-03,1.6948,1.7279,0.195
523,128,1.996071e-03,1.7166,1.7273,0.131
524,128,1.996035e-03,1.7031,1.7261,0.174
525,128,1.996000e-03,1.7059,1.7251,0.471
526,128,1.995964e-03,1.6824,1.7230,0.214
527,128,1.995929e-03,1.7052,1.7221,0.163
528,128,1.995893e-03,1.6789,1.7199,0.142
529,128,1.995857e-03,1.6996,1.7189,0.136
530,128,1.995820e-03,1.6560,1.7157,0.186
531,128,1.995784e-03,1.6525,1.7126,0.216
532,128,1.995747e-03,1.6938,1.7116,0.122
533,128,1.995711e-03,1.6557,1.7088,0.149
534,128,1.995674e-03,1.7174,1.7093,0.446
535,128,1.995637e-03,1.6609,1.7069,0.255
536,128,1.995600e-03,1.6532,1.7042,0.317
537,128,1.995562e-03,1.6585,1.7019,0.233
538,128,1.995525e-03,1.6754,1.7006,0.238
539,128,1.995487e-03,1.6653,1.6988,0.210
540,128,1.995449e-03,1.6560,1.6967,0.202
541,128,1.995411e-03,1.6466,1.6942,0.200
542,128,1.995373e-03,1.7006,1.6945,0.407
543,128,1.995335e-03,1.6580,1.6927,0.250
544,128,1.995296e-03,1.6288,1.6895,0.316
545,128,1.995258e-03,1.6310,1.6865,0.322
546,128,1.995219e-03,1.7142,1.6879,0.401
547,128,1.995180e-03,1.6564,1.6863,0.266
548,128,1.995141e-03,1.6358,1.6838,0.224
549,128,1.995102e-03,1.6381,1.6815,0.185
550,128,1.995062e-03,1.6586,1.6804,0.205
551,128,1.995023e-03,1.6335,1.6780,0.194
552,128,1.994983e-03,1.6871,1.6785,0.189
553,128,1.994943e-03,1.6644,1.6778,0.206
554,128,1.994903e-03,1.6504,1.6764,0.194
555,128,1.994863e-03,1.7129,1.6782,0.410
556,128,1.994823e-03,1.6435,1.6765,0.179
557,128,1.994782e-03,1.6670,1.6760,0.196
558,128,1.994742e-03,1.6215,1.6733,0.222
559,128,1.994701e-03,1.6811,1.6737,0.365
560,128,1.994660e-03,1.6173,1.6709,0.220
561,128,1.994619e-03,1.6010,1.6674,0.257
562,128,1.994577e-03,1.6085,1.6644,0.209
563,128,1.994536e-03,1.6503,1.6637,0.262
564,128,1.994494e-03,1.6413,1.6626,0.282
565,128,1.994453e-03,1.6241,1.6607,0.189
566,128,1.994411e-03,1.6793,1.6616,0.330
567,128,1.994369e-03,1.6305,1.6601,0.165
568,128,1.994327e-03,1.6011,1.6571,0.267
569,128,1.994284e-03,1.6279,1.6556,0.273
570,128,1.994242e-03,1.6442,1.6551,0.299
571,128,1.994199e-03,1.6159,1.6531,0.224
572,128,1.994156e-03,1.6102,1.6510,0.272
573,128,1.994113e-03,1.6201,1.6494,0.283
574,128,1.994070e-03,1.6599,1.6499,0.293
575,128,1.994027e-03,1.6530,1.6501,0.137
576,128,1.993983e-03,1.6096,1.6481,0.188
577,128,1.993939e-03,1.5866,1.6450,0.215
578,128,1.993896e-03,1.6246,1.6440,0.264
579,128,1.993852e-03,1.5845,1.6410,0.198
580,128,1.993808e-03,1.6201,1.6400,0.251
581,128,1.993763e-03,1.6368,1.6398,0.265
582,128,1.993719e-03,1.6174,1.6387,0.284
583,128,1.993674e-03,1.6263,1.6381,0.291
584,128,1.993630e-03,1.6077,1.6365,0.310
585,128,1.993585e-03,1.5867,1.6341,0.205
586,128,1.993540e-03,1.5707,1.6309,0.228
587,128,1.993495e-03,1.5908,1.6289,0.204
588,128,1.993449e-03,1.5989,1.6274,0.244
589,128,1.993404e-03,1.5726,1.6246,0.242
590,128,1.993358e-03,1.6281,1.6248,0.213
591,128,1.993312e-03,1.6004,1.6236,0.143
592,128,1.993266e-03,1.6164,1.6232,0.126
593,128,1.993220e-03,1.6016,1.6222,0.236
594,128,1.993174e-03,1.5993,1.6210,0.356
595,128,1.993127e-03,1.5664,1.6183,0.309
596,128,1.993081e-03,1.6210,1.6184,0.215
597,128,1.993034e-03,1.5851,1.6168,0.175
598,128,1.992987e-03,1.5215,1.6120,0.188
599,128,1.992940e-03,1.5357,1.6082,0.149
600,128,1.992893e-03,1.5435,1.6049,0.177
601,128,1.992845e-03,1.6056,1.6050,0.247
602,128,1.992798e-03,1.6261,1.6060,0.270
603,128,1.992750e-03,1.5656,1.6040,0.295
604,128,1.992702e-03,1.5870,1.6032,0.278
605,128,1.992654e-03,1.5736,1.6017,0.362
606,128,1.992606e-03,1.5992,1.6016,0.246
607,128,1.992557e-03,1.6019,1.6016,0.263
608,128,1.992509e-03,1.6205,1.6025,0.278
609,128,1.992460e-03,1.5668,1.6007,0.247
610,128,1.992411e-03,1.5687,1.5991,0.249
611,128,1.992363e-03,1.5762,1.5980,0.220
612,128,1.992313e-03,1.5493,1.5956,0.164
613,128,1.992264e-03,1.5389,1.5927,0.172
614,128,1.992215e-03,1.5302,1.5896,0.183
615,128,1.992165e-03,1.6184,1.5910,0.143
616,128,1.992115e-03,1.6011,1.5915,0.167
617,128,1.992065e-03,1.5593,1.5899,0.363
618,128,1.992015e-03,1.5710,1.5890,0.337
619,128,1.991965e-03,1.5496,1.5870,0.317
620,128,1.991915e-03,1.5926,1.5873,0.215
621,128,1.991864e-03,1.5558,1.5857,0.164
622,128,1.991813e-03,1.5757,1.5852,0.130
623,128,1.991763e-03,1.5577,1.5838,0.155
624,128,1.991712e-03,1.5369,1.5815,0.260
625,128,1.991660e-03,1.5926,1.5821,0.248
626,128,1.991609e-03,1.5586,1.5809,0.243
627,128,1.991558e-03,1.5298,1.5783,0.177
628,128,1.991506e-03,1.5303,1.5759,0.149
629,128,1.991454e-03,1.5264,1.5735,0.160
630,128,1.991402e-03,1.5767,1.5736,0.314
631,128,1.991350e-03,1.5910,1.5745,0.281
632,128,1.991298e-03,1.5998,1.5758,0.253
633,128,1.991245e-03,1.5691,1.5754,0.307
634,128,1.991193e-03,1.5651,1.5749,0.219
635,128,1.991140e-03,1.5587,1.5741,0.183
636,128,1.991087e-03,1.5297,1.5719,0.157
637,128,1.991034e-03,1.5659,1.5716,0.190
638,128,1.990981e-03,1.5617,1.5711,0.273
639,128,1.990928e-03,1.5500,1.5700,0.146
640,128,1.990874e-03,1.5236,1.5677,0.157
641,128,1.990820e-03,1.5597,1.5673,0.234
642,128,1.990767e-03,1.5593,1.5669,0.234
643,128,1.990713e-03,1.5586,1.5665,0.154
644,128,1.990659e-03,1.5101,1.5637,0.133
645,128,1.990604e-03,1.5447,1.5627,0.153
646,128,1.990550e-03,1.5030,1.5597,0.105
647,128,1.990495e-03,1.5782,1.5607,0.228
648,128,1.990440e-03,1.5738,1.5613,0.206
649,128,1.990385e-03,1.4769,1.5571,0.123
650,128,1.990330e-03,1.5681,1.5576,0.168
651,128,1.990275e-03,1.5211,1.5558,0.143
652,128,1.990220e-03,1.5134,1.5537,0.232
653,128,1.990164e-03,1.4822,1.5501,0.278
654,128,1.990108e-03,1.5809,1.5517,0.289
655,128,1.990053e-03,1.5285,1.5505,0.092
656,128,1.989997e-03,1.4902,1.5475,0.088
657,128,1.989940e-03,1.4876,1.5445,0.074
658,128,1.989884e-03,1.4869,1.5416,0.134
659,128,1.989828e-03,1.4812,1.5386,0.242
660,128,1.989771e-03,1.5112,1.5372,0.190
661,128,1.989714e-03,1.5028,1.5355,0.145
662,128,1.989657e-03,1.4810,1.5328,0.148
663,128,1.989600e-03,1.5053,1.5314,0.086
664,128,1.989543e-03,1.4871,1.5292,0.090
665,128,1.989485e-03,1.4871,1.5271,0.111
666,128,1.989428e-03,1.5056,1.5260,0.133
667,128,1.989370e-03,1.4745,1.5234,0.198
668,128,1.989312e-03,1.4703,1.5208,0.249
669,128,1.989254e-03,1.4614,1.5178,0.121
670,128,1.989196e-03,1.5129,1.5176,0.104
671,128,1.989137e-03,1.4970,1.5165,0.103
672,128,1.989079e-03,1.5000,1.5157,0.169
673,128,1.989020e-03,1.4945,1.5146,0.194
674,128,1.988961e-03,1.4856,1.5132,0.199
675,128,1.988902e-03,1.4783,1.5114,0.197
676,128,1.988843e-03,1.4804,1.5099,0.154
677,128,1.988784e-03,1.4499,1.5069,0.168
678,128,1.988725e-03,1.5084,1.5070,0.100
679,128,1.988665e-03,1.4943,1.5063,0.156
680,128,1.988605e-03,1.4949,1.5058,0.142
681,128,1.988545e-03,1.4810,1.5045,0.217
682,128,1.988485e-03,1.4884,1.5037,0.178
683,128,1.988425e-03,1.4684,1.5020,0.107
684,128,1.988364e-03,1.4334,1.4985,0.156
685,128,1.988304e-03,1.4917,1.4982,0.108
686,128,1.988243e-03,1.4616,1.4964,0.186
687,128,1.988182e-03,1.4648,1.4948,0.190
688,128,1.988121e-03,1.4235,1.4912,0.185
689,128,1.988060e-03,1.4820,1.4908,0.198
690,128,1.987999e-03,1.4681,1.4896,0.146
691,128,1.987937e-03,1.4450,1.4874,0.107
692,128,1.987876e-03,1.4598,1.4860,0.159
693,128,1.987814e-03,1.4580,1.4846,0.171
694,128,1.987752e-03,1.4710,1.4839,0.248
695,128,1.987690e-03,1.4501,1.4822,0.208
696,128,1.987628e-03,1.4967,1.4830,0.151
697,128,1.987565e-03,1.4463,1.4811,0.175
698,128,1.987502e-03,1.4504,1.4796,0.138
699,128,1.987440e-03,1.4662,1.4789,0.121
700,128,1.987377e-03,1.4160,1.4758,0.176
701,128,1.987314e-03,1.4549,1.4747,0.195
702,128,1.987251e-03,1.4582,1.4739,0.215
703,128,1.987187e-03,1.4541,1.4729,0.206
704,128,1.987124e-03,1.4656,1.4725,0.171
705,128,1.987060e-03,1.4428,1.4711,0.177
706,128,1.986996e-03,1.4409,1.4696,0.197
707,128,1.986932e-03,1.4536,1.4688,0.229
708,128,1.986868e-03,1.4664,1.4686,0.183
709,128,1.986804e-03,1.4471,1.4676,0.201
710,128,1.986739e-03,1.4645,1.4674,0.164
711,128,1.986675e-03,1.4223,1.4652,0.210
712,128,1.986610e-03,1.4799,1.4659,0.113
713,128,1.986545e-03,1.4387,1.4645,0.255
714,128,1.986480e-03,1.4406,1.4633,0.124
715,128,1.986415e-03,1.3896,1.4596,0.194
716,128,1.986349e-03,1.4320,1.4583,0.115
717,128,1.986284e-03,1.4060,1.4556,0.093
718,128,1.986218e-03,1.4270,1.4542,0.199
719,128,1.986152e-03,1.4523,1.4541,0.216
720,128,1.986086e-03,1.3908,1.4510,0.142
721,128,1.986020e-03,1.4308,1.4499,0.107
722,128,1.985954e-03,1.4614,1.4505,0.126
723,128,1.985887e-03,1.4506,1.4505,0.107
724,128,1.985821e-03,1.4407,1.4500,0.250
725,128,1.985754e-03,1.4448,1.4498,0.256
726,128,1.985687e-03,1.4299,1.4488,0.150
727,128,1.985620e-03,1.4021,1.4464,0.152
728,128,1.985552e-03,1.4241,1.4453,0.185
729,128,1.985485e-03,1.4107,1.4436,0.167
730,128,1.985417e-03,1.4056,1.4417,0.151
731,128,1.985350e-03,1.4142,1.4403,0.112
732,128,1.985282e-03,1.4522,1.4409,0.109
733,128,1.985214e-03,1.3812,1.4379,0.314
734,128,1.985146e-03,1.4597,1.4390,0.161
735,128,1.985077e-03,1.4362,1.4389,0.166
736,128,1.985009e-03,1.4218,1.4380,0.103
737,128,1.984940e-03,1.4139,1.4368,0.118
738,128,1.984871e-03,1.4410,1.4370,0.169
739,128,1.984802e-03,1.3765,1.4340,0.311
740,128,1.984733e-03,1.4029,1.4324,0.293
741,128,1.984664e-03,1.4448,1.4331,0.137
742,128,1.984594e-03,1.4163,1.4322,0.109
743,128,1.984525e-03,1.4271,1.4320,0.100
744,128,1.984455e-03,1.4465,1.4327,0.240
745,128,1.984385e-03,1.4028,1.4312,0.259
746,128,1.984315e-03,1.4440,1.4318,0.230
747,128,1.984245e-03,1.3974,1.4301,0.170
748,128,1.984174e-03,1.4223,1.4297,0.131
749,128,1.984104e-03,1.3796,1.4272,0.158
750,128,1.984033e-03,1.4056,1.4261,0.187
751,128,1.983962e-03,1.4373,1.4267,0.177
752,128,1.983891e-03,1.3947,1.4251,0.283
753,128,1.983820e-03,1.3946,1.4236,0.175
754,128,1.983749e-03,1.3840,1.4216,0.175
755,128,1.983677e-03,1.4364,1.4223,0.127
756,128,1.983606e-03,1.4337,1.4229,0.320
757,128,1.983534e-03,1.4276,1.4231,0.232
758,128,1.983462e-03,1.4171,1.4228,0.167
759,128,1.983390e-03,1.4051,1.4220,0.157
760,128,1.983318e-03,1.3748,1.4196,0.178
761,128,1.983245e-03,1.4015,1.4187,0.126
762,128,1.983173e-03,1.4099,1.4182,0.175
763,128,1.983100e-03,1.4125,1.4180,0.125
764,128,1.983027e-03,1.4204,1.4181,0.179
765,128,1.982954e-03,1.4445,1.4194,0.211
766,128,1.982881e-03,1.3906,1.4180,0.218
767,128,1.982808e-03,1.4200,1.4181,0.230
768,128,1.982734e-03,1.3845,1.4164,0.230
769,128,1.982661e-03,1.4117,1.4162,0.138
770,128,1.982587e-03,1.4143,1.4161,0.099
771,128,1.982513e-03,1.3653,1.4135,0.166
772,128,1.982439e-03,1.4376,1.4147,0.172
773,128,1.982365e-03,1.3845,1.4132,0.189
774,128,1.982290e-03,1.3894,1.4120,0.148
775,128,1.982216e-03,1.4169,1.4123,0.121
776,128,1.982141e-03,1.3438,1.4088,0.280
777,128,1.982066e-03,1.4004,1.4084,0.142
778,128,1.981991e-03,1.4042,1.4082,0.105
779,128,1.981916e-03,1.3588,1.4057,0.151
780,128,1.981840e-03,1.3838,1.4046,0.211
781,128,1.981765e-03,1.4065,1.4047,0.189
782,128,1.981689e-03,1.3973,1.4044,0.274
783,128,1.981613e-03,1.4072,1.4045,0.214
784,128,1.981537e-03,1.4069,1.4046,0.122
785,128,1.981461e-03,1.3829,1.4035,0.126
786,128,1.981385e-03,1.4149,1.4041,0.207
787,128,1.981309e-03,1.8318,1.4255,4.522
788,128,1.981232e-03,1.6789,1.4382,3.473
789,128,1.981155e-03,1.6142,1.4470,2.614
790,128,1.981078e-03,1.4593,1.4476,0.474
791,128,1.981001e-03,1.4283,1.4466,0.468
792,128,1.980924e-03,1.3893,1.4437,0.401
793,128,1.980847e-03,1.3998,1.4415,0.310
794,128,1.980769e-03,1.4411,1.4415,0.245
795,128,1.980692e-03,1.4595,1.4424,0.192
796,128,1.980614e-03,1.6087,1.4507,2.261
797,128,1.980536e-03,1.6218,1.4593,2.090
798,128,1.980458e-03,1.4033,1.4565,0.388
799,128,1.980379e-03,1.4135,1.4543,0.427
800,128,1.980301e-03,1.3633,1.4498,0.401
801,128,1.980222e-03,1.3913,1.4469,0.239
802,128,1.980144e-03,1.3762,1.4433,0.244
803,128,1.980065e-03,1.6115,1.4517,2.082
804,128,1.979986e-03,1.7197,1.4651,2.331
805,128,1.979906e-03,1.3962,1.4617,0.421
806,128,1.979827e-03,1.3957,1.4584,0.418
807,128,1.979747e-03,1.3999,1.4555,0.397
808,128,1.979668e-03,1.3978,1.4526,0.379
809,128,1.979588e-03,1.3971,1.4498,0.339
810,128,1.979508e-03,1.4611,1.4504,1.266
811,128,1.979428e-03,1.5085,1.4533,1.228
812,128,1.979348e-03,1.3679,1.4490,0.310
813,128,1.979267e-03,1.3843,1.4458,0.412
814,128,1.979186e-03,1.3837,1.4427,0.429
815,128,1.979106e-03,1.3922,1.4401,0.143
816,128,1.979025e-03,1.4185,1.4391,0.171
817,128,1.978944e-03,1.6004,1.4471,1.861
818,128,1.978862e-03,1.3841,1.4440,0.415
819,128,1.978781e-03,1.3830,1.4409,0.400
820,128,1.978700e-03,1.5455,1.4462,1.485
821,128,1.978618e-03,1.4143,1.4446,0.404
822,128,1.978536e-03,1.3800,1.4413,0.428
823,128,1.978454e-03,1.4029,1.4394,0.411
824,128,1.978372e-03,1.4944,1.4422,0.981
825,128,1.978290e-03,1.4476,1.4424,0.857
826,128,1.978207e-03,1.4066,1.4406,0.374
827,128,1.978124e-03,1.4110,1.4392,0.338
828,128,1.978042e-03,1.4210,1.4383,0.403
829,128,1.977959e-03,1.4166,1.4372,0.410
830,128,1.977876e-03,1.3877,1.4347,0.422
831,128,1.977792e-03,1.4688,1.4364,1.142
832,128,1.977709e-03,1.4736,1.4383,1.092
833,128,1.977625e-03,1.4342,1.4381,0.464
834,128,1.977542e-03,1.3841,1.4354,0.293
835,128,1.977458e-03,1.3848,1.4328,0.274
836,128,1.977374e-03,1.3752,1.4300,0.277
837,128,1.977290e-03,1.4341,1.4302,0.854
838,128,1.977205e-03,1.4022,1.4288,0.450
839,128,1.977121e-03,1.3814,1.4264,0.663
840,128,1.977036e-03,1.4283,1.4265,0.364
841,128,1.976952e-03,1.3925,1.4248,0.370
842,128,1.976867e-03,1.3872,1.4229,0.206
843,128,1.976781e-03,1.5013,1.4268,1.254
844,128,1.976696e-03,1.4262,1.4268,0.686
845,128,1.976611e-03,1.3925,1.4251,0.486
846,128,1.976525e-03,1.4131,1.4245,0.491
847,128,1.976440e-03,1.4172,1.4241,0.358
848,128,1.976354e-03,1.3881,1.4223,0.356
849,128,1.976268e-03,1.3914,1.4208,0.850
850,128,1.976182e-03,1.4374,1.4216,0.792
851,128,1.976095e-03,1.3876,1.4199,0.494
852,128,1.976009e-03,1.4254,1.4202,0.479
853,128,1.975922e-03,1.4216,1.4202,0.457
854,128,1.975835e-03,1.5317,1.4258,1.075
855,128,1.975748e-03,1.3556,1.4223,0.481
856,128,1.975661e-03,1.3994,1.4212,0.367
857,128,1.975574e-03,1.3681,1.4185,0.380
858,128,1.975487e-03,1.4061,1.4179,0.674
859,128,1.975399e-03,1.4033,1.4172,0.407
860,128,1.975311e-03,1.4062,1.4166,0.474
861,128,1.975223e-03,1.4098,1.4163,0.495
862,128,1.975135e-03,1.3847,1.4147,0.424
863,128,1.975047e-03,1.3886,1.4134,0.434
864,128,1.974959e-03,1.4097,1.4132,0.594
865,128,1.974870e-03,1.3681,1.4109,0.544
866,128,1.974782e-03,1.4417,1.4125,0.491
867,128,1.974693e-03,1.4037,1.4120,0.489
868,128,1.974604e-03,1.3676,1.4098,0.311
869,128,1.974515e-03,1.4279,1.4107,0.865
870,128,1.974426e-03,1.4508,1.4127,0.903
871,128,1.974336e-03,1.4090,1.4125,0.427
872,128,1.974247e-03,1.4260,1.4132,0.487
873,128,1.974157e-03,1.4161,1.4134,0.436
874,128,1.974067e-03,1.3723,1.4113,0.419
875,128,1.973977e-03,1.4007,1.4108,0.981
876,128,1.973887e-03,1.3740,1.4089,0.732
877,128,1.973797e-03,1.3581,1.4064,0.358
878,128,1.973706e-03,1.4075,1.4064,0.496
879,128,1.973616e-03,1.4003,1.4061,0.525
880,128,1.973525e-03,1.3944,1.4055,0.475
881,128,1.973434e-03,1.3631,1.4034,0.340
882,128,1.973343e-03,1.3611,1.4013,0.312
883,128,1.973251e-03,1.3772,1.4001,0.321
884,128,1.973160e-03,1.3336,1.3968,0.300
885,128,1.973068e-03,1.3513,1.3945,0.387
886,128,1.972977e-03,1.4267,1.3961,0.439
887,128,1.972885e-03,1.4135,1.3970,0.450
888,128,1.972793e-03,1.3770,1.3960,0.476
889,128,1.972701e-03,1.4715,1.3998,0.756
890,128,1.972608e-03,1.4432,1.4019,0.520
891,128,1.972516e-03,1.3896,1.4013,0.491
892,128,1.972423e-03,1.4226,1.4024,0.446
893,128,1.972330e-03,1.3407,1.3993,0.486
894,128,1.972238e-03,1.3576,1.3972,0.452
895,128,1.972144e-03,1.3523,1.3950,0.450
896,128,1.972051e-03,1.3294,1.3917,0.312
897,128,1.971958e-03,1.3913,1.3917,0.573
898,128,1.971864e-03,1.4325,1.3937,0.539
899,128,1.971771e-03,1.3702,1.3925,0.587
900,128,1.971677e-03,1.3921,1.3925,0.549
901,128,1.971583e-03,1.3657,1.3912,0.397
902,128,1.971488e-03,1.3647,1.3898,0.577
903,128,1.971394e-03,1.3877,1.3897,0.480
904,128,1.971300e-03,1.3489,1.3877,0.339
905,128,1.971205e-03,1.4212,1.3894,0.532
906,128,1.971110e-03,1.4136,1.3906,0.538
907,128,1.971015e-03,1.3830,1.3902,0.559
908,128,1.970920e-03,1.4321,1.3923,0.610
909,128,1.970825e-03,1.3961,1.3925,0.593
910,128,1.970730e-03,1.3398,1.3899,0.314
911,128,1.970634e-03,1.3676,1.3887,0.380
912,128,1.970538e-03,1.4101,1.3898,0.515
913,128,1.970442e-03,1.3870,1.3897,0.559
914,128,1.970346e-03,1.3568,1.3880,0.237
915,128,1.970250e-03,1.3106,1.3842,0.219
916,128,1.970154e-03,1.3246,1.3812,0.211
917,128,1.970058e-03,1.2936,1.3768,0.171
918,128,1.969961e-03,1.3414,1.3750,0.181
919,128,1.969864e-03,1.2886,1.3707,0.204
920,128,1.969767e-03,1.2731,1.3658,0.160
921,128,1.969670e-03,1.3103,1.3631,0.156
922,128,1.969573e-03,1.4297,1.3664,0.479
923,128,1.969476e-03,1.3234,1.3642,0.206
924,128,1.969378e-03,1.2901,1.3605,0.134
925,128,1.969280e-03,1.3469,1.3599,0.528
926,128,1.969182e-03,1.3783,1.3608,0.363
927,128,1.969084e-03,1.3989,1.3627,0.625
928,128,1.968986e-03,1.3937,1.3642,0.608
929,128,1.968888e-03,1.3200,1.3620,0.269
930,128,1.968790e-03,1.3900,1.3634,0.400
931,128,1.968691e-03,1.3327,1.3619,0.267
932,128,1.968592e-03,1.3290,1.3602,0.149
933,128,1.968493e-03,1.2768,1.3561,0.145
934,128,1.968394e-03,1.2939,1.3530,0.149
935,128,1.968295e-03,1.3326,1.3519,0.169
936,128,1.968196e-03,1.3349,1.3511,0.183
937,128,1.968096e-03,1.3157,1.3493,0.130
938,128,1.967996e-03,1.2966,1.3467,0.169
939,128,1.967897e-03,1.3661,1.3477,0.362
940,128,1.967797e-03,1.3109,1.3458,0.114
941,128,1.967696e-03,1.4438,1.3507,0.515
942,128,1.967596e-03,1.3289,1.3496,0.124
943,128,1.967496e-03,1.3110,1.3477,0.127
944,128,1.967395e-03,1.3445,1.3475,0.129
945,128,1.967294e-03,1.3861,1.3495,0.375
946,128,1.967193e-03,1.3226,1.3481,0.118
947,128,1.967092e-03,1.3214,1.3468,0.107
948,128,1.966991e-03,1.3144,1.3452,0.122
949,128,1.966890e-03,1.2661,1.3412,0.119
950,128,1.966788e-03,1.3217,1.3402,0.194
951,128,1.966687e-03,1.2989,1.3382,0.175
952,128,1.966585e-03,1.3401,1.3383,0.393
953,128,1.966483e-03,1.3993,1.3413,0.647
954,128,1.966381e-03,1.3896,1.3437,0.585
955,128,1.966278e-03,1.3394,1.3435,0.405
956,128,1.966176e-03,1.2884,1.3408,0.196
957,128,1.966073e-03,1.3233,1.3399,0.171
958,128,1.965971e-03,1.3054,1.3382,0.174
959,128,1.965868e-03,1.2639,1.3345,0.145
960,128,1.965765e-03,1.2985,1.3327,0.128
961,128,1.965662e-03,1.2845,1.3303,0.117
962,128,1.965558e-03,1.3509,1.3313,0.319
963,128,1.965455e-03,1.3015,1.3298,0.180
964,128,1.965351e-03,1.3063,1.3286,0.237
965,128,1.965247e-03,1.2937,1.3269,0.122
966,128,1.965143e-03,1.2904,1.3250,0.109
967,128,1.965039e-03,1.2941,1.3235,0.331
968,128,1.964935e-03,1.2770,1.3212,0.121
969,128,1.964831e-03,1.3353,1.3219,0.125
970,128,1.964726e-03,1.2845,1.3200,0.144
971,128,1.964621e-03,1.3002,1.3190,0.124
972,128,1.964516e-03,1.2599,1.3161,0.110
973,128,1.964411e-03,1.3276,1.3166,0.368
974,128,1.964306e-03,1.2982,1.3157,0.077
975,128,1.964201e-03,1.2953,1.3147,0.130
976,128,1.964095e-03,1.2905,1.3135,0.127
977,128,1.963990e-03,1.2812,1.3119,0.125
978,128,1.963884e-03,1.2792,1.3102,0.117
979,128,1.963778e-03,1.3029,1.3099,0.299
980,128,1.963672e-03,1.2749,1.3081,0.138
981,128,1.963566e-03,1.2543,1.3054,0.159
982,128,1.963459e-03,1.2963,1.3050,0.191
983,128,1.963353e-03,1.3387,1.3067,0.364
984,128,1.963246e-03,1.2890,1.3058,0.094
985,128,1.963139e-03,1.2872,1.3048,0.133
986,128,1.963032e-03,1.2990,1.3046,0.158
987,128,1.962925e-03,1.2849,1.3036,0.118
988,128,1.962818e-03,1.2722,1.3020,0.154
989,128,1.962710e-03,1.2840,1.3011,0.270
990,128,1.962603e-03,1.3388,1.3030,0.248
991,128,1.962495e-03,1.2700,1.3013,0.137
992,128,1.962387e-03,1.3040,1.3015,0.146
993,128,1.962279e-03,1.2708,1.2999,0.129
994,128,1.962171e-03,1.2903,1.2995,0.097
995,128,1.962062e-03,1.2655,1.2978,0.117
996,128,1.961954e-03,1.2472,1.2952,0.154
997,128,1.961845e-03,1.2666,1.2938,0.136
998,128,1.961736e-03,1.2825,1.2932,0.237
999,128,1.961627e-03,1.3000,1.2936,0.272
1000,128,1.961518e-03,1.2882,1.2933,0.124
1001,128,1.961409e-03,1.2718,1.2922,0.172
1002,128,1.961300e-03,1.2783,1.2915,0.125
1003,128,1.961190e-03,1.2659,1.2903,0.130
1004,128,1.961080e-03,1.2875,1.2901,0.111
1005,128,1.960970e-03,1.2779,1.2895,0.123
1006,128,1.960860e-03,1.3152,1.2908,0.262
1007,128,1.960750e-03,1.2800,1.2903,0.208
1008,128,1.960640e-03,1.2833,1.2899,0.192
1009,128,1.960529e-03,1.2826,1.2895,0.151
1010,128,1.960419e-03,1.2811,1.2891,0.140
1011,128,1.960308e-03,1.2772,1.2885,0.162
1012,128,1.960197e-03,1.3341,1.2908,0.275
1013,128,1.960086e-03,1.3055,1.2915,0.118
1014,128,1.959975e-03,1.2678,1.2904,0.149
1015,128,1.959863e-03,1.3195,1.2918,0.131
1016,128,1.959752e-03,1.3026,1.2924,0.201
1017,128,1.959640e-03,1.2699,1.2912,0.133
1018,128,1.959528e-03,1.2677,1.2901,0.129
1019,128,1.959416e-03,1.2878,1.2899,0.160
1020,128,1.959304e-03,1.2927,1.2901,0.250
1021,128,1.959192e-03,1.3093,1.2910,0.199
1022,128,1.959079e-03,1.2552,1.2892,0.176
1023,128,1.958967e-03,1.2832,1.2889,0.143
1024,128,1.958854e-03,1.2874,1.2889,0.125
1025,128,1.958741e-03,1.2406,1.2865,0.194
1026,128,1.958628e-03,1.2685,1.2856,0.116
1027,128,1.958515e-03,1.2860,1.2856,0.219
1028,128,1.958401e-03,1.2977,1.2862,0.207
1029,128,1.958288e-03,1.2723,1.2855,0.245
1030,128,1.958174e-03,1.2626,1.2843,0.204
1031,128,1.958060e-03,1.3100,1.2856,0.133
1032,128,1.957946e-03,1.2746,1.2851,0.112
1033,128,1.957832e-03,1.2441,1.2830,0.183
1034,128,1.957718e-03,1.2788,1.2828,0.127
1035,128,1.957604e-03,1.3007,1.2837,0.097
1036,128,1.957489e-03,1.2918,1.2841,0.187
1037,128,1.957374e-03,1.2729,1.2836,0.158
1038,128,1.957259e-03,1.3235,1.2856,0.187
1039,128,1.957144e-03,1.2557,1.2841,0.263
1040,128,1.957029e-03,1.2851,1.2841,0.146
1041,128,1.956914e-03,1.2162,1.2807,0.167
1042,128,1.956798e-03,1.2921,1.2813,0.133
1043,128,1.956683e-03,1.3143,1.2829,0.247
1044,128,1.956567e-03,1.2796,1.2828,0.174
1045,128,1.956451e-03,1.2702,1.2821,0.130
1046,128,1.956335e-03,1.2450,1.2803,0.205
1047,128,1.956219e-03,1.2706,1.2798,0.220
1048,128,1.956102e-03,1.2617,1.2789,0.150
1049,128,1.955986e-03,1.2790,1.2789,0.144
1050,128,1.955869e-03,1.2762,1.2788,0.162
1051,128,1.955752e-03,1.3033,1.2800,0.232
1052,128,1.955635e-03,1.2843,1.2802,0.176
1053,128,1.955518e-03,1.2600,1.2792,0.181
1054,128,1.955401e-03,1.2758,1.2790,0.176
1055,128,1.955283e-03,1.2677,1.2785,0.158
1056,128,1.955166e-03,1.2936,1.2792,0.150
1057,128,1.955048e-03,1.2505,1.2778,0.180
1058,128,1.954930e-03,1.2580,1.2768,0.167
1059,128,1.954812e-03,1.2919,1.2775,0.277
1060,128,1.954694e-03,1.2909,1.2782,0.170
1061,128,1.954576e-03,1.2611,1.2774,0.200
1062,128,1.954457e-03,1.2822,1.2776,0.191
1063,128,1.954338e-03,1.2562,1.2765,0.194
1064,128,1.954220e-03,1.2826,1.2768,0.130
1065,128,1.954101e-03,1.2709,1.2765,0.223
1066,128,1.953982e-03,1.2970,1.2776,0.256
1067,128,1.953862e-03,1.2596,1.2767,0.151
1068,128,1.953743e-03,1.2714,1.2764,0.166
1069,128,1.953623e-03,1.2553,1.2753,0.225
1070,128,1.953504e-03,1.2513,1.2741,0.160
1071,128,1.953384e-03,1.2414,1.2725,0.156
1072,128,1.953264e-03,1.2892,1.2733,0.201
1073,128,1.953144e-03,1.2133,1.2703,0.146
1074,128,1.953023e-03,1.2585,1.2698,0.163
1075,128,1.952903e-03,1.2395,1.2682,0.167
1076,128,1.952782e-03,1.2604,1.2678,0.224
1077,128,1.952662e-03,1.2674,1.2678,0.125
1078,128,1.952541e-03,1.2269,1.2658,0.133
1079,128,1.952420e-03,1.2395,1.2645,0.191
1080,128,1.952298e-03,1.2408,1.2633,0.163
1081,128,1.952177e-03,1.2166,1.2609,0.095
1082,128,1.952056e-03,1.2536,1.2606,0.131
1083,128,1.951934e-03,1.2578,1.2604,0.121
1084,128,1.951812e-03,1.2688,1.2608,0.206
1085,128,1.951690e-03,1.2245,1.2590,0.231
1086,128,1.951568e-03,1.2343,1.2578,0.166
1087,128,1.951446e-03,1.2551,1.2577,0.198
1088,128,1.951323e-03,1.2272,1.2561,0.214
1089,128,1.951201e-03,1.2612,1.2564,0.169
1090,128,1.951078e-03,1.2761,1.2574,0.225
1091,128,1.950955e-03,1.2272,1.2559,0.204
1092,128,1.950832e-03,1.2523,1.2557,0.116
1093,128,1.950709e-03,1.2337,1.2546,0.214
1094,128,1.950586e-03,1.2723,1.2555,0.151
1095,128,1.950462e-03,1.2488,1.2551,0.092
1096,128,1.950339e-03,1.2499,1.2549,0.219
1097,128,1.950215e-03,1.2607,1.2552,0.211
1098,128,1.950091e-03,1.2738,1.2561,0.220
1099,128,1.949967e-03,1.2373,1.2552,0.099
1100,128,1.949843e-03,1.2411,1.2545,0.160
1101,128,1.949719e-03,1.2454,1.2540,0.162
1102,128,1.949594e-03,1.2634,1.2545,0.172
1103,128,1.949469e-03,1.2750,1.2555,0.148
1104,128,1.949345e-03,1.2383,1.2547,0.225
1105,128,1.949220e-03,1.2621,1.2550,0.151
1106,128,1.949094e-03,1.2404,1.2543,0.153
1107,128,1.948969e-03,1.2482,1.2540,0.112
1108,128,1.948844e-03,1.2499,1.2538,0.097
1109,128,1.948718e-03,1.2494,1.2536,0.243
1110,128,1.948593e-03,1.2438,1.2531,0.249
1111,128,1.948467e-03,1.2133,1.2511,0.124
1112,128,1.948341e-03,1.2196,1.2495,0.108
1113,128,1.948215e-03,1.2930,1.2517,0.107
1114,128,1.948088e-03,1.2163,1.2499,0.104
1115,128,1.947962e-03,1.2687,1.2509,0.240
1116,128,1.947835e-03,1.2328,1.2500,0.275
1117,128,1.947709e-03,1.2470,1.2498,0.238
1118,128,1.947582e-03,1.2203,1.2483,0.121
1119,128,1.947455e-03,1.2155,1.2467,0.174
1120,128,1.947327e-03,1.2100,1.2449,0.304
1121,128,1.947200e-03,1.2475,1.2450,0.144
1122,128,1.947073e-03,1.1659,1.2410,0.084
1123,128,1.946945e-03,1.2310,1.2405,0.207
1124,128,1.946817e-03,1.2657,1.2418,0.145
1125,128,1.946689e-03,1.2796,1.2437,0.232
1126,128,1.946561e-03,1.2576,1.2444,0.247
1127,128,1.946433e-03,1.2612,1.2452,0.106
1128,128,1.946304e-03,1.2364,1.2448,0.116
1129,128,1.946176e-03,1.2371,1.2444,0.154
1130,128,1.946047e-03,1.2772,1.2460,0.105
1131,128,1.945918e-03,1.2320,1.2453,0.257
1132,128,1.945789e-03,1.2891,1.2475,0.132
1133,128,1.945660e-03,1.2434,1.2473,0.204
1134,128,1.945531e-03,1.2345,1.2467,0.188
1135,128,1.945402e-03,1.2468,1.2467,0.299
1136,128,1.945272e-03,1.2197,1.2453,0.102
1137,128,1.945142e-03,1.2083,1.2435,0.118
1138,128,1.945012e-03,1.2014,1.2414,0.118
1139,128,1.944882e-03,1.2109,1.2399,0.200
1140,128,1.944752e-03,1.1773,1.2367,0.128
1141,128,1.944622e-03,1.2298,1.2364,0.167
1142,128,1.944491e-03,1.2280,1.2360,0.168
1143,128,1.944361e-03,1.2676,1.2375,0.150
1144,128,1.944230e-03,1.2711,1.2392,0.174
1145,128,1.944099e-03,1.1982,1.2372,0.104
1146,128,1.943968e-03,1.2170,1.2362,0.116
1147,128,1.943837e-03,1.2128,1.2350,0.142
1148,128,1.943705e-03,1.2744,1.2370,0.147
1149,128,1.943574e-03,1.2547,1.2378,0.146
1150,128,1.943442e-03,1.2030,1.2361,0.102
1151,128,1.943310e-03,1.2173,1.2352,0.139
1152,128,1.943178e-03,1.2092,1.2339,0.101
1153,128,1.943046e-03,1.2344,1.2339,0.109
1154,128,1.942914e-03,1.2200,1.2332,0.116
1155,128,1.942782e-03,1.2255,1.2328,0.118
1156,128,1.942649e-03,1.2340,1.2329,0.269
1157,128,1.942516e-03,1.2029,1.2314,0.121
1158,128,1.942383e-03,1.2200,1.2308,0.200
1159,128,1.942250e-03,1.2510,1.2318,0.148
1160,128,1.942117e-03,1.2241,1.2314,0.175
1161,128,1.941984e-03,1.2670,1.2332,0.232
1162,128,1.941851e-03,1.2426,1.2337,0.117
1163,128,1.941717e-03,1.2300,1.2335,0.140
1164,128,1.941583e-03,1.2011,1.2319,0.135
1165,128,1.941449e-03,1.2290,1.2317,0.110
1166,128,1.941315e-03,1.1926,1.2298,0.122
1167,128,1.941181e-03,1.2206,1.2293,0.094
1168,128,1.941047e-03,1.2361,1.2297,0.084
1169,128,1.940912e-03,1.2459,1.2305,0.136
1170,128,1.940778e-03,1.2202,1.2300,0.087
1171,128,1.940643e-03,1.2228,1.2296,0.284
1172,128,1.940508e-03,1.2257,1.2294,0.157
1173,128,1.940373e-03,1.2092,1.2284,0.136
1174,128,1.940238e-03,1.2178,1.2279,0.103
1175,128,1.940102e-03,1.2267,1.2278,0.097
1176,128,1.939967e-03,1.2633,1.2296,0.133
1177,128,1.939831e-03,1.2448,1.2303,0.098
1178,128,1.939695e-03,1.2384,1.2307,0.088
1179,128,1.939559e-03,1.2265,1.2305,0.113
1180,128,1.939423e-03,1.2237,1.2302,0.196
1181,128,1.939287e-03,1.2217,1.2298,0.117
1182,128,1.939150e-03,1.2327,1.2299,0.189
1183,128,1.939014e-03,1.2523,1.2310,0.143
1184,128,1.938877e-03,1.2147,1.2302,0.173
1185,128,1.938740e-03,1.2255,1.2300,0.080
1186,128,1.938603e-03,1.2142,1.2292,0.188
1187,128,1.938466e-03,1.2185,1.2286,0.106
1188,128,1.938329e-03,1.2426,1.2293,0.161
1189,128,1.938191e-03,1.2374,1.2297,0.211
1190,128,1.938054e-03,1.2128,1.2289,0.117
1191,128,1.937916e-03,1.2261,1.2288,0.124
1192,128,1.937778e-03,1.2227,1.2285,0.095
1193,128,1.937640e-03,1.2314,1.2286,0.169
1194,128,1.937502e-03,1.1984,1.2271,0.193
1195,128,1.937364e-03,1.1701,1.2242,0.131
1196,128,1.937225e-03,1.2200,1.2240,0.110
1197,128,1.937086e-03,1.2043,1.2230,0.161
1198,128,1.936948e-03,1.2427,1.2240,0.136
1199,128,1.936809e-03,1.2060,1.2231,0.108
1200,128,1.936670e-03,1.2176,1.2228,0.153
1201,128,1.936530e-03,1.2064,1.2220,0.144
1202,128,1.936391e-03,1.1537,1.2186,0.161
1203,128,1.936252e-03,1.2244,1.2189,0.102
1204,128,1.936112e-03,1.2380,1.2198,0.126
1205,128,1.935972e-03,1.2233,1.2200,0.116
1206,128,1.935832e-03,1.2313,1.2206,0.175
1207,128,1.935692e-03,1.2068,1.2199,0.099
1208,128,1.935552e-03,1.2201,1.2199,0.103
1209,128,1.935411e-03,1.2200,1.2199,0.084
1210,128,1.935271e-03,1.1813,1.2180,0.112
1211,128,1.935130e-03,1.2530,1.2197,0.137
1212,128,1.934989e-03,1.2059,1.2190,0.161
1213,128,1.934848e-03,1.1973,1.2180,0.125
1214,128,1.934707e-03,1.2256,1.2183,0.101
1215,128,1.934566e-03,1.1869,1.2168,0.162
1216,128,1.934424e-03,1.2098,1.2164,0.153
1217,128,1.934283e-03,1.2414,1.2177,0.177
1218,128,1.934141e-03,1.2198,1.2178,0.153
1219,128,1.933999e-03,1.2485,1.2193,0.120
1220,128,1.933857e-03,1.2061,1.2186,0.185
1221,128,1.933715e-03,1.2052,1.2180,0.139
1222,128,1.933573e-03,1.2198,1.2181,0.168
1223,128,1.933430e-03,1.1885,1.2166,0.119
1224,128,1.933288e-03,1.2195,1.2167,0.151
1225,128,1.933145e-03,1.2712,1.2195,0.170
1226,128,1.933002e-03,1.2265,1.2198,0.225
1227,128,1.932859e-03,1.1944,1.2185,0.184
1228,128,1.932716e-03,1.2053,1.2179,0.157
1229,128,1.932572e-03,1.1961,1.2168,0.124
1230,128,1.932429e-03,1.1914,1.2155,0.126
1231,128,1.932285e-03,1.2181,1.2156,0.105
1232,128,1.932141e-03,1.2359,1.2167,0.161
1233,128,1.931998e-03,1.2066,1.2162,0.166
1234,128,1.931853e-03,1.1722,1.2140,0.095
1235,128,1.931709e-03,1.2099,1.2138,0.089
1236,128,1.931565e-03,1.1827,1.2122,0.096
1237,128,1.931420e-03,1.2058,1.2119,0.155
1238,128,1.931276e-03,1.2218,1.2124,0.165
1239,128,1.931131e-03,1.2075,1.2121,0.117
1240,128,1.930986e-03,1.1943,1.2112,0.174
1241,128,1.930841e-03,1.2191,1.2116,0.203
1242,128,1.930696e-03,1.2023,1.2112,0.141
1243,128,1.930550e-03,1.1997,1.2106,0.123
1244,128,1.930405e-03,1.1992,1.2100,0.102
1245,128,1.930259e-03,1.1783,1.2084,0.074
1246,128,1.930113e-03,1.2020,1.2081,0.106
1247,128,1.929967e-03,1.1936,1.2074,0.249
1248,128,1.929821e-03,1.2191,1.2080,0.226
1249,128,1.929675e-03,1.2201,1.2086,0.139
1250,128,1.929528e-03,1.4585,1.2211,1.394
1251,128,1.929382e-03,1.4438,1.2322,1.192
1252,128,1.929235e-03,1.3824,1.2397,1.040
1253,128,1.929088e-03,1.2951,1.2425,0.688
1254,128,1.928941e-03,1.3072,1.2457,0.860
1255,128,1.928794e-03,1.2435,1.2456,0.391
1256,128,1.928647e-03,1.2484,1.2458,0.399
1257,128,1.928499e-03,1.2483,1.2459,0.410
1258,128,1.928352e-03,1.2413,1.2457,0.368
1259,128,1.928204e-03,1.3733,1.2520,0.686
1260,128,1.928056e-03,1.3143,1.2552,0.617
1261,128,1.927908e-03,1.2731,1.2561,0.568
1262,128,1.927760e-03,1.2489,1.2557,0.450
1263,128,1.927611e-03,1.2950,1.2577,0.389
1264,128,1.927463e-03,1.2466,1.2571,0.381
1265,128,1.927314e-03,1.3299,1.2607,0.720
1266,128,1.927166e-03,1.2920,1.2623,0.570
1267,128,1.927017e-03,1.2729,1.2628,0.560
1268,128,1.926868e-03,1.3100,1.2652,0.344
1269,128,1.926718e-03,1.2839,1.2661,0.363
1270,128,1.926569e-03,1.2876,1.2672,0.550
1271,128,1.926419e-03,1.3211,1.2699,0.511
1272,128,1.926270e-03,1.2897,1.2709,0.537
1273,128,1.926120e-03,1.4388,1.2793,1.034
1274,128,1.925970e-03,1.2996,1.2803,0.650
1275,128,1.925820e-03,1.2237,1.2775,0.300
1276,128,1.925670e-03,1.2809,1.2776,0.457
1277,128,1.925519e-03,1.2975,1.2786,0.590
1278,128,1.925369e-03,1.2533,1.2774,0.295
1279,128,1.925218e-03,1.2845,1.2777,0.312
1280,128,1.925067e-03,1.3204,1.2799,0.537
1281,128,1.924917e-03,1.3070,1.2812,0.709
1282,128,1.924765e-03,1.2756,1.2809,0.662
1283,128,1.924614e-03,1.2749,1.2806,0.607
1284,128,1.924463e-03,1.2463,1.2789,0.301
1285,128,1.924311e-03,1.2695,1.2784,0.264
1286,128,1.924160e-03,1.2447,1.2768,0.232
1287,128,1.924008e-03,1.3136,1.2786,0.612
1288,128,1.923856e-03,1.3675,1.2830,0.964
1289,128,1.923704e-03,1.2794,1.2829,0.256
1290,128,1.923551e-03,1.2768,1.2826,0.268
1291,128,1.923399e-03,1.2850,1.2827,0.620
1292,128,1.923246e-03,1.2656,1.2818,0.549
1293,128,1.923094e-03,1.1961,1.2775,0.204
1294,128,1.922941e-03,1.2273,1.2750,0.207
1295,128,1.922788e-03,1.3023,1.2764,0.432
1296,128,1.922635e-03,1.2558,1.2754,0.623
1297,128,1.922481e-03,1.2510,1.2741,0.266
1298,128,1.922328e-03,1.1973,1.2703,0.221
1299,128,1.922174e-03,1.2475,1.2692,0.352
1300,128,1.922021e-03,1.3141,1.2714,0.646
1301,128,1.921867e-03,1.3105,1.2734,0.616
1302,128,1.921713e-03,1.2290,1.2711,0.230
1303,128,1.921559e-03,1.2546,1.2703,0.228
1304,128,1.921404e-03,1.2508,1.2693,0.745
1305,128,1.921250e-03,1.3352,1.2726,0.633
1306,128,1.921095e-03,1.2346,1.2707,0.200
1307,128,1.920941e-03,1.2606,1.2702,0.234
1308,128,1.920786e-03,1.2012,1.2668,0.149
1309,128,1.920631e-03,1.2197,1.2644,0.221
1310,128,1.920476e-03,1.2577,1.2641,0.601
1311,128,1.920320e-03,1.1979,1.2608,0.200
1312,128,1.920165e-03,1.2020,1.2578,0.198
1313,128,1.920009e-03,1.2672,1.2583,0.397
1314,128,1.919853e-03,1.3120,1.2610,0.466
1315,128,1.919698e-03,1.2873,1.2623,0.686
1316,128,1.919542e-03,1.2408,1.2612,0.198
1317,128,1.919385e-03,1.2272,1.2595,0.263
1318,128,1.919229e-03,1.2311,1.2581,0.212
1319,128,1.919073e-03,1.2216,1.2563,0.371
1320,128,1.918916e-03,1.3350,1.2602,0.708
1321,128,1.918759e-03,1.2044,1.2574,0.188
1322,128,1.918602e-03,1.2984,1.2595,0.502
1323,128,1.918445e-03,1.1809,1.2555,0.278
1324,128,1.918288e-03,1.2602,1.2558,0.365
1325,128,1.918131e-03,1.2357,1.2548,0.230
1326,128,1.917973e-03,1.1993,1.2520,0.155
1327,128,1.917816e-03,1.2368,1.2512,0.157
1328,128,1.917658e-03,1.2135,1.2494,0.257
1329,128,1.917500e-03,1.1712,1.2454,0.484
1330,128,1.917342e-03,1.3610,1.2512,0.514
1331,128,1.917184e-03,1.2717,1.2522,0.387
1332,128,1.917025e-03,1.1908,1.2492,0.242
1333,128,1.916867e-03,1.1968,1.2466,0.149
1334,128,1.916708e-03,1.2674,1.2476,0.295
1335,128,1.916549e-03,1.1924,1.2448,0.166
1336,128,1.916390e-03,1.2383,1.2445,0.382
1337,128,1.916231e-03,1.1968,1.2421,0.330
1338,128,1.916072e-03,1.2260,1.2413,0.171
1339,128,1.915913e-03,1.2230,1.2404,0.143
1340,128,1.915753e-03,1.2456,1.2407,0.139
1341,128,1.915594e-03,1.1927,1.2383,0.098
1342,128,1.915434e-03,1.1926,1.2360,0.416
1343,128,1.915274e-03,1.3699,1.2427,0.742
1344,128,1.915114e-03,1.2250,1.2418,0.317
1345,128,1.914954e-03,1.4889,1.2542,2.574
1346,128,1.914793e-03,1.2572,1.2543,0.307
1347,128,1.914633e-03,1.2262,1.2529,0.289
1348,128,1.914472e-03,1.2439,1.2525,0.292
1349,128,1.914311e-03,1.1983,1.2497,0.152
1350,128,1.914150e-03,1.2525,1.2499,0.554
1351,128,1.913989e-03,1.2377,1.2493,0.130
1352,128,1.913828e-03,1.1987,1.2467,0.169
1353,128,1.913667e-03,1.5305,1.2609,2.636
1354,128,1.913505e-03,1.2776,1.2618,0.360
1355,128,1.913344e-03,1.2167,1.2595,0.304
1356,128,1.913182e-03,1.1983,1.2565,0.165
1357,128,1.913020e-03,1.2292,1.2551,0.160
1358,128,1.912858e-03,1.2015,1.2524,0.336
1359,128,1.912695e-03,1.2522,1.2524,0.263
1360,128,1.912533e-03,1.2283,1.2512,0.180
1361,128,1.912371e-03,1.4267,1.2600,2.182
1362,128,1.912208e-03,1.4240,1.2682,0.776
1363,128,1.912045e-03,1.2429,1.2669,0.293
1364,128,1.911882e-03,1.2375,1.2654,0.254
1365,128,1.911719e-03,1.4406,1.2742,2.186
1366,128,1.911556e-03,1.2249,1.2717,0.440
1367,128,1.911392e-03,1.2186,1.2691,0.238
1368,128,1.911229e-03,1.1997,1.2656,0.213
1369,128,1.911065e-03,1.2122,1.2629,0.197
1370,128,1.910901e-03,1.2235,1.2610,0.297
1371,128,1.910737e-03,1.4400,1.2699,2.237
1372,128,1.910573e-03,1.2512,1.2690,0.226
1373,128,1.910409e-03,1.2139,1.2662,0.243
1374,128,1.910245e-03,1.2069,1.2633,0.178
1375,128,1.910080e-03,1.2161,1.2609,0.152
1376,128,1.909915e-03,1.1895,1.2573,0.185
1377,128,1.909751e-03,1.4212,1.2655,2.149
1378,128,1.909586e-03,1.2085,1.2627,0.231
1379,128,1.909421e-03,1.2055,1.2598,0.285
1380,128,1.909255e-03,1.2324,1.2584,0.308
1381,128,1.909090e-03,1.3564,1.2633,1.864
1382,128,1.908924e-03,1.2481,1.2626,0.230
1383,128,1.908759e-03,1.2291,1.2609,0.260
1384,128,1.908593e-03,1.2234,1.2590,0.268
1385,128,1.908427e-03,1.1980,1.2560,0.262
1386,128,1.908261e-03,1.1513,1.2507,0.244
1387,128,1.908095e-03,1.4240,1.2594,1.901
1388,128,1.907928e-03,1.3322,1.2630,1.636
1389,128,1.907762e-03,1.2109,1.2604,0.308
1390,128,1.907595e-03,1.2683,1.2608,0.298
1391,128,1.907428e-03,1.2476,1.2602,0.323
1392,128,1.907261e-03,1.2206,1.2582,0.320
1393,128,1.907094e-03,1.1958,1.2551,0.277
1394,128,1.906927e-03,1.1701,1.2508,0.240
1395,128,1.906760e-03,1.1552,1.2460,0.233
1396,128,1.906592e-03,1.3812,1.2528,1.583
1397,128,1.906424e-03,1.2952,1.2549,1.102
1398,128,1.906256e-03,1.2217,1.2533,0.330
1399,128,1.906089e-03,1.1974,1.2505,0.311
1400,128,1.905920e-03,1.2266,1.2493,0.315
1401,128,1.905752e-03,1.2081,1.2472,0.366
1402,128,1.905584e-03,1.2139,1.2456,0.307
1403,128,1.905415e-03,1.1903,1.2428,0.212
1404,128,1.905247e-03,1.1919,1.2402,0.273
1405,128,1.905078e-03,1.1841,1.2374,0.268
1406,128,1.904909e-03,1.3638,1.2438,1.380
1407,128,1.904740e-03,1.2167,1.2424,0.251
1408,128,1.904570e-03,1.2023,1.2404,0.274
1409,128,1.904401e-03,1.3082,1.2438,1.383
1410,128,1.904232e-03,1.2318,1.2432,0.338
1411,128,1.904062e-03,1.2245,1.2423,0.325
1412,128,1.903892e-03,1.1788,1.2391,0.294
1413,128,1.903722e-03,1.1996,1.2371,0.222
1414,128,1.903552e-03,1.3550,1.2430,1.235
1415,128,1.903382e-03,1.2213,1.2419,0.295
1416,128,1.903211e-03,1.2326,1.2415,0.357
1417,128,1.903041e-03,1.2229,1.2405,0.227
1418,128,1.902870e-03,1.2172,1.2394,0.285
1419,128,1.902699e-03,1.2930,1.2420,1.126
1420,128,1.902529e-03,1.2018,1.2400,0.267
1421,128,1.902357e-03,1.2265,1.2394,0.293
1422,128,1.902186e-03,1.1903,1.2369,0.282
1423,128,1.902015e-03,1.2301,1.2366,0.344
1424,128,1.901843e-03,1.2456,1.2370,0.930
1425,128,1.901672e-03,1.2848,1.2394,0.824
1426,128,1.901500e-03,1.2119,1.2380,0.378
1427,128,1.901328e-03,1.2096,1.2366,0.374
1428,128,1.901156e-03,1.2603,1.2378,0.400
1429,128,1.900984e-03,1.2174,1.2368,0.261
1430,128,1.900811e-03,1.2330,1.2366,0.249
1431,128,1.900639e-03,1.2064,1.2351,0.253
1432,128,1.900466e-03,1.1953,1.2331,0.339
1433,128,1.900293e-03,1.3255,1.2377,1.035
1434,128,1.900120e-03,1.2121,1.2364,0.290
1435,128,1.899947e-03,1.2187,1.2355,0.765
1436,128,1.899774e-03,1.2212,1.2348,0.344
1437,128,1.899601e-03,1.2756,1.2369,0.368
1438,128,1.899427e-03,1.1620,1.2331,0.215
1439,128,1.899254e-03,1.2513,1.2340,0.192
1440,128,1.899080e-03,1.3299,1.2388,1.272
1441,128,1.898906e-03,1.1862,1.2362,0.323
1442,128,1.898732e-03,1.1950,1.2341,0.327
1443,128,1.898558e-03,1.1838,1.2316,0.320
1444,128,1.898383e-03,1.2554,1.2328,0.750
1445,128,1.898209e-03,1.1918,1.2308,0.712
1446,128,1.898034e-03,1.2292,1.2307,0.345
1447,128,1.897859e-03,1.2199,1.2301,0.272
1448,128,1.897685e-03,1.2629,1.2318,0.254
1449,128,1.897509e-03,1.8092,1.2606,6.977
1450,128,1.897334e-03,1.2306,1.2591,0.339
1451,128,1.897159e-03,1.2632,1.2594,0.312
1452,128,1.896983e-03,1.2479,1.2588,0.800
1453,128,1.896808e-03,1.2217,1.2569,0.727
1454,128,1.896632e-03,1.2353,1.2558,0.431
1455,128,1.896456e-03,1.2374,1.2549,0.349
1456,128,1.896280e-03,1.2379,1.2541,0.283
1457,128,1.896104e-03,1.2113,1.2519,0.242
1458,128,1.895928e-03,1.2441,1.2515,0.275
1459,128,1.895751e-03,1.2807,1.2530,0.849
1460,128,1.895575e-03,1.2266,1.2517,0.264
1461,128,1.895398e-03,1.1653,1.2474,0.226
1462,128,1.895221e-03,1.2279,1.2464,0.637
1463,128,1.895044e-03,1.1819,1.2432,0.378
1464,128,1.894867e-03,1.9666,1.2793,7.532
1465,128,1.894689e-03,1.2461,1.2777,0.383
1466,128,1.894512e-03,1.2117,1.2744,0.592
1467,128,1.894334e-03,1.2148,1.2714,0.368
1468,128,1.894157e-03,1.2188,1.2688,0.404
1469,128,1.893979e-03,1.3056,1.2706,1.105
1470,128,1.893801e-03,1.2792,1.2710,0.920
1471,128,1.893623e-03,1.2031,1.2676,0.390
1472,128,1.893444e-03,1.2190,1.2652,0.355
1473,128,1.893266e-03,1.2577,1.2648,0.314
1474,128,1.893087e-03,1.1936,1.2613,0.335
1475,128,1.892909e-03,1.2392,1.2602,0.322
1476,128,1.892730e-03,1.9059,1.2925,5.994
1477,128,1.892551e-03,1.2524,1.2905,1.034
1478,128,1.892372e-03,1.2275,1.2873,0.290
1479,128,1.892192e-03,1.2189,1.2839,0.832
1480,128,1.892013e-03,1.2338,1.2814,0.334
1481,128,1.891834e-03,1.2320,1.2789,0.320
1482,128,1.891654e-03,1.2057,1.2753,0.350
1483,128,1.891474e-03,1.1876,1.2709,0.338
1484,128,1.891294e-03,1.2739,1.2710,0.667
1485,128,1.891114e-03,1.2198,1.2685,0.606
1486,128,1.890934e-03,1.2293,1.2665,0.509
1487,128,1.890753e-03,1.2126,1.2638,0.362
1488,128,1.890573e-03,1.1994,1.2606,0.300
1489,128,1.890392e-03,1.6952,1.2823,4.491
1490,128,1.890211e-03,1.1742,1.2769,0.244
1491,128,1.890030e-03,1.2568,1.2759,0.235
1492,128,1.889849e-03,1.1856,1.2714,0.240
1493,128,1.889668e-03,1.2274,1.2692,0.597
1494,128,1.889487e-03,1.2055,1.2660,0.570
1495,128,1.889305e-03,1.2326,1.2643,0.360
1496,128,1.889123e-03,1.2200,1.2621,0.358
1497,128,1.888942e-03,1.2171,1.2599,0.315
1498,128,1.888760e-03,1.2456,1.2592,0.819
1499,128,1.888578e-03,1.2196,1.2572,0.713
1500,128,1.888395e-03,1.2272,1.2557,0.400
1501,128,1.888213e-03,1.5773,1.2718,3.118
1502,128,1.888031e-03,1.2487,1.2706,0.373
1503,128,1.887848e-03,1.2456,1.2694,0.349
1504,128,1.887665e-03,1.2576,1.2688,0.826
1505,128,1.887482e-03,1.2356,1.2671,0.486
1506,128,1.887299e-03,1.2386,1.2657,0.334
1507,128,1.887116e-03,1.2137,1.2631,0.314
1508,128,1.886933e-03,1.5726,1.2786,3.194
1509,128,1.886749e-03,1.2326,1.2763,0.297
1510,128,1.886566e-03,1.2529,1.2751,0.584
1511,128,1.886382e-03,1.2650,1.2746,0.818
1512,128,1.886198e-03,1.2135,1.2715,0.370
1513,128,1.886014e-03,1.2019,1.2681,0.379
1514,128,1.885830e-03,1.2005,1.2647,0.352
1515,128,1.885646e-03,1.4810,1.2755,3.278
1516,128,1.885461e-03,1.2918,1.2763,0.852
1517,128,1.885277e-03,1.2374,1.2744,0.644
1518,128,1.885092e-03,1.2085,1.2711,0.368
1519,128,1.884907e-03,1.2259,1.2688,0.358
1520,128,1.884722e-03,1.2461,1.2677,0.312
1521,128,1.884537e-03,1.2175,1.2652,0.325
1522,128,1.884352e-03,1.2014,1.2620,0.317
1523,128,1.884166e-03,1.5319,1.2755,3.308
1524,128,1.883981e-03,1.2279,1.2731,0.870
1525,128,1.883795e-03,1.2294,1.2709,0.681
1526,128,1.883609e-03,1.2349,1.2691,0.350
1527,128,1.883423e-03,1.2505,1.2682,0.350
1528,128,1.883237e-03,1.2042,1.2650,0.307
1529,128,1.883051e-03,1.2162,1.2625,0.447
1530,128,1.882865e-03,1.2095,1.2599,0.379
1531,128,1.882678e-03,1.2218,1.2580,0.354
1532,128,1.882491e-03,1.5077,1.2705,3.161
1533,128,1.882305e-03,1.2283,1.2684,0.418
1534,128,1.882118e-03,1.2566,1.2678,0.655
1535,128,1.881931e-03,1.1967,1.2642,0.310
1536,128,1.881743e-03,1.2210,1.2621,0.466
1537,128,1.881556e-03,1.2182,1.2599,0.379
1538,128,1.881368e-03,1.2002,1.2569,0.390
1539,128,1.881181e-03,1.2002,1.2540,0.457
1540,128,1.880993e-03,1.6627,1.2745,4.387
1541,128,1.880805e-03,1.2449,1.2730,0.700
1542,128,1.880617e-03,1.2346,1.2711,0.388
1543,128,1.880429e-03,1.2313,1.2691,0.386
1544,128,1.880241e-03,1.2296,1.2671,0.370
1545,128,1.880052e-03,1.2509,1.2663,0.226
1546,128,1.879864e-03,1.2149,1.2637,0.654
1547,128,1.879675e-03,1.2153,1.2613,0.613
1548,128,1.879486e-03,1.4181,1.2692,2.362
1549,128,1.879297e-03,1.2861,1.2700,0.395
1550,128,1.879108e-03,1.2261,1.2678,0.418
1551,128,1.878919e-03,1.2147,1.2651,0.388
1552,128,1.878729e-03,1.2412,1.2639,0.400
1553,128,1.878540e-03,1.4454,1.2730,2.571
1554,128,1.878350e-03,1.1945,1.2691,0.579
1555,128,1.878160e-03,1.2345,1.2674,0.430
1556,128,1.877970e-03,1.1932,1.2637,0.377
1557,128,1.877780e-03,1.2171,1.2613,0.348
1558,128,1.877590e-03,1.2061,1.2586,0.325
1559,128,1.877399e-03,1.2226,1.2568,0.320
1560,128,1.877209e-03,1.1963,1.2537,0.436
1561,128,1.877018e-03,1.3393,1.2580,1.823
1562,128,1.876827e-03,1.1848,1.2544,0.351
1563,128,1.876636e-03,1.1504,1.2492,0.320
1564,128,1.876445e-03,1.2538,1.2494,0.412
1565,128,1.876254e-03,1.2408,1.2490,0.326
1566,128,1.876063e-03,1.5553,1.2643,3.335
1567,128,1.875871e-03,1.2254,1.2623,0.638
1568,128,1.875680e-03,1.2050,1.2595,0.322
1569,128,1.875488e-03,1.2425,1.2586,0.396
1570,128,1.875296e-03,1.1883,1.2551,0.342
1571,128,1.875104e-03,1.2402,1.2544,0.309
1572,128,1.874912e-03,1.2016,1.2517,0.437
1573,128,1.874719e-03,1.2235,1.2503,0.319
1574,128,1.874527e-03,1.3415,1.2549,1.426
1575,128,1.874334e-03,1.3280,1.2585,1.652
1576,128,1.874142e-03,1.2431,1.2578,0.633
1577,128,1.873949e-03,1.1990,1.2548,0.422
1578,128,1.873756e-03,1.1901,1.2516,0.418
1579,128,1.873563e-03,1.2514,1.2516,0.513
1580,128,1.873369e-03,1.1371,1.2458,0.372
1581,128,1.873176e-03,1.1988,1.2435,0.273
1582,128,1.872982e-03,1.2340,1.2430,0.349
1583,128,1.872789e-03,1.2353,1.2426,0.292
1584,128,1.872595e-03,1.2127,1.2411,0.553
1585,128,1.872401e-03,1.1923,1.2387,0.420
1586,128,1.872207e-03,1.2174,1.2376,0.474
1587,128,1.872013e-03,1.1734,1.2344,0.275
1588,128,1.871818e-03,1.3359,1.2395,1.225
1589,128,1.871624e-03,1.1817,1.2366,0.318
1590,128,1.871429e-03,1.1790,1.2337,0.429
1591,128,1.871234e-03,1.1937,1.2317,0.400
1592,128,1.871039e-03,1.3846,1.2394,1.569
1593,128,1.870844e-03,1.1952,1.2372,0.505
1594,128,1.870649e-03,1.2038,1.2355,0.346
1595,128,1.870454e-03,1.1579,1.2316,0.368
1596,128,1.870258e-03,1.2207,1.2311,0.434
1597,128,1.870063e-03,1.2504,1.2320,0.380
1598,128,1.869867e-03,1.1654,1.2287,0.264
1599,128,1.869671e-03,1.3212,1.2333,1.519
1600,128,1.869475e-03,1.1979,1.2315,0.418
1601,128,1.869279e-03,1.2047,1.2302,0.493
1602,128,1.869083e-03,1.2694,1.2322,0.855
1603,128,1.868886e-03,1.2315,1.2321,0.391
1604,128,1.868690e-03,1.1555,1.2283,0.294
1605,128,1.868493e-03,1.1886,1.2263,0.520
1606,128,1.868296e-03,1.2135,1.2257,0.385
1607,128,1.868099e-03,1.2552,1.2271,0.866
1608,128,1.867902e-03,1.1718,1.2244,0.367
1609,128,1.867705e-03,1.1808,1.2222,0.268
1610,128,1.867508e-03,1.1992,1.2211,0.233
1611,128,1.867310e-03,1.1929,1.2196,0.502
1612,128,1.867112e-03,1.2215,1.2197,0.439
1613,128,1.866915e-03,1.2669,1.2221,1.270
1614,128,1.866717e-03,1.2355,1.2228,0.387
1615,128,1.866519e-03,1.1839,1.2208,0.379
1616,128,1.866320e-03,1.1753,1.2185,0.222
1617,128,1.866122e-03,1.1738,1.2163,0.220
1618,128,1.865924e-03,1.2355,1.2173,0.387
1619,128,1.865725e-03,1.3102,1.2219,1.513
1620,128,1.865526e-03,1.2206,1.2218,0.412
1621,128,1.865327e-03,1.2042,1.2210,0.274
1622,128,1.865128e-03,1.1830,1.2191,0.289
1623,128,1.864929e-03,1.1637,1.2163,0.414
1624,128,1.864730e-03,1.2774,1.2194,1.366
1625,128,1.864531e-03,1.2604,1.2214,0.456
1626,128,1.864331e-03,1.2514,1.2229,0.492
1627,128,1.864131e-03,1.2198,1.2228,0.237
1628,128,1.863932e-03,1.1595,1.2196,0.290
1629,128,1.863732e-03,1.1332,1.2153,0.350
1630,128,1.863532e-03,1.3922,1.2241,2.056
1631,128,1.863331e-03,1.1703,1.2214,0.241
1632,128,1.863131e-03,1.1698,1.2188,0.257
1633,128,1.862931e-03,1.1785,1.2168,0.454
1634,128,1.862730e-03,1.1415,1.2131,0.212
1635,128,1.862529e-03,1.2747,1.2161,1.393
1636,128,1.862328e-03,1.1908,1.2149,0.243
1637,128,1.862127e-03,1.2324,1.2157,0.485
1638,128,1.861926e-03,1.1613,1.2130,0.392
1639,128,1.861725e-03,1.1955,1.2122,0.390
1640,128,1.861523e-03,1.2995,1.2165,1.279
1641,128,1.861322e-03,1.2337,1.2174,0.828
1642,128,1.861120e-03,1.2714,1.2201,0.483
1643,128,1.860918e-03,1.2606,1.2221,0.476
1644,128,1.860716e-03,1.1888,1.2204,0.223
1645,128,1.860514e-03,1.1643,1.2176,0.225
1646,128,1.860312e-03,1.1628,1.2149,0.428
1647,128,1.860109e-03,1.2067,1.2145,0.394
1648,128,1.859907e-03,1.1718,1.2124,0.282
1649,128,1.859704e-03,1.1739,1.2104,0.225
1650,128,1.859501e-03,1.2611,1.2130,0.467
1651,128,1.859299e-03,1.4027,1.2224,2.003
1652,128,1.859095e-03,1.2305,1.2228,0.407
1653,128,1.858892e-03,1.1659,1.2200,0.340
1654,128,1.858689e-03,1.2086,1.2194,0.297
1655,128,1.858485e-03,1.5514,1.2360,2.792
1656,128,1.858282e-03,1.4496,1.2467,2.579
1657,128,1.858078e-03,1.2503,1.2469,0.427
1658,128,1.857874e-03,1.2754,1.2483,0.546
1659,128,1.857670e-03,1.2149,1.2466,0.311
1660,128,1.857466e-03,1.1541,1.2420,0.198
1661,128,1.857262e-03,1.2013,1.2400,0.197
1662,128,1.857057e-03,1.2825,1.2421,1.091
1663,128,1.856853e-03,1.1441,1.2372,0.261
1664,128,1.856648e-03,1.1599,1.2333,0.258
1665,128,1.856443e-03,1.1757,1.2305,0.258
1666,128,1.856238e-03,1.2492,1.2314,1.005
1667,128,1.856033e-03,1.1647,1.2281,0.302
1668,128,1.855828e-03,1.2662,1.2300,0.504
1669,128,1.855623e-03,1.6283,1.2499,4.507
1670,128,1.855417e-03,1.4701,1.2609,3.020
1671,128,1.855212e-03,1.2291,1.2593,0.287
1672,128,1.855006e-03,1.3921,1.2659,1.436
1673,128,1.854800e-03,1.2690,1.2661,0.817
1674,128,1.854594e-03,1.2127,1.2634,0.381
1675,128,1.854388e-03,1.2126,1.2609,0.392
1676,128,1.854182e-03,1.2393,1.2598,0.323
1677,128,1.853975e-03,1.2087,1.2573,0.283
1678,128,1.853769e-03,1.1542,1.2521,0.219
1679,128,1.853562e-03,1.1704,1.2480,0.183
1680,128,1.853355e-03,1.1895,1.2451,0.232
1681,128,1.853148e-03,1.2413,1.2449,0.453
1682,128,1.852941e-03,1.2337,1.2443,1.047
1683,128,1.852734e-03,1.3087,1.2476,0.752
1684,128,1.852527e-03,1.1982,1.2451,0.327
1685,128,1.852319e-03,1.2256,1.2441,0.256
1686,128,1.852112e-03,1.5577,1.2598,3.916
1687,128,1.851904e-03,1.1574,1.2547,0.244
1688,128,1.851696e-03,1.2933,1.2566,1.283
1689,128,1.851488e-03,1.2286,1.2552,0.449
1690,128,1.851280e-03,1.2717,1.2560,0.436
1691,128,1.851071e-03,1.1626,1.2514,0.363
1692,128,1.850863e-03,1.2070,1.2491,0.280
1693,128,1.850654e-03,1.1787,1.2456,0.667
1694,128,1.850446e-03,1.4113,1.2539,2.297
1695,128,1.850237e-03,1.1712,1.2498,0.249
1696,128,1.850028e-03,1.2114,1.2479,0.235
1697,128,1.849819e-03,1.1753,1.2442,0.371
1698,128,1.849610e-03,1.2881,1.2464,0.877
1699,128,1.849400e-03,1.2797,1.2481,0.595
1700,128,1.849191e-03,1.5079,1.2611,3.412
1701,128,1.848981e-03,1.1644,1.2562,0.247
1702,128,1.848771e-03,1.2226,1.2546,0.702
1703,128,1.848562e-03,1.2302,1.2533,0.385
1704,128,1.848352e-03,1.1706,1.2492,0.219
1705,128,1.848141e-03,1.3262,1.2531,1.003
1706,128,1.847931e-03,1.4090,1.2608,2.668
1707,128,1.847721e-03,1.1967,1.2576,0.243
1708,128,1.847510e-03,1.1838,1.2539,0.360
1709,128,1.847300e-03,1.1406,1.2483,0.211
1710,128,1.847089e-03,1.1846,1.2451,0.223
1711,128,1.846878e-03,1.2456,1.2451,0.824
1712,128,1.846667e-03,1.2011,1.2429,0.626
1713,128,1.846455e-03,1.2675,1.2441,0.597
1714,128,1.846244e-03,1.4140,1.2526,1.621
1715,128,1.846033e-03,1.4194,1.2610,2.489
1716,128,1.845821e-03,1.1896,1.2574,0.199
1717,128,1.845609e-03,1.2348,1.2563,1.089
1718,128,1.845397e-03,1.2271,1.2548,0.524
1719,128,1.845185e-03,1.2519,1.2547,0.596
1720,128,1.844973e-03,1.1986,1.2519,0.291
1721,128,1.844761e-03,1.1592,1.2472,0.219
1722,128,1.844549e-03,1.1762,1.2437,0.218
1723,128,1.844336e-03,1.1829,1.2406,0.177
1724,128,1.844123e-03,1.1614,1.2367,0.176
1725,128,1.843911e-03,1.2234,1.2360,0.889
1726,128,1.843698e-03,1.1937,1.2339,0.681
1727,128,1.843485e-03,1.1657,1.2305,0.273
1728,128,1.843271e-03,1.1619,1.2271,0.230
1729,128,1.843058e-03,1.2583,1.2286,0.494
1730,128,1.842845e-03,1.2157,1.2280,0.384
1731,128,1.842631e-03,1.1679,1.2250,0.191
1732,128,1.842417e-03,1.4028,1.2339,2.432
1733,128,1.842203e-03,1.4518,1.2448,2.500
1734,128,1.841989e-03,1.2060,1.2428,0.503
1735,128,1.841775e-03,1.2037,1.2409,0.252
1736,128,1.841561e-03,1.1722,1.2374,0.418
1737,128,1.841347e-03,1.2639,1.2388,0.468
1738,128,1.841132e-03,1.1577,1.2347,0.198
1739,128,1.840918e-03,1.2109,1.2335,0.175
1740,128,1.840703e-03,1.1723,1.2305,0.651
1741,128,1.840488e-03,1.2349,1.2307,0.875
1742,128,1.840273e-03,1.2176,1.2300,0.245
1743,128,1.840058e-03,1.5056,1.2438,3.179
1744,128,1.839842e-03,1.1899,1.2411,0.198
1745,128,1.839627e-03,1.1653,1.2373,0.398
1746,128,1.839411e-03,1.1924,1.2351,0.206
1747,128,1.839196e-03,1.1879,1.2327,0.667
1748,128,1.838980e-03,1.3153,1.2368,1.539
1749,128,1.838764e-03,1.1936,1.2347,0.326
1750,128,1.838548e-03,1.1623,1.2311,0.275
1751,128,1.838331e-03,1.1798,1.2285,0.230
1752,128,1.838115e-03,1.1933,1.2267,0.563
1753,128,1.837899e-03,1.1550,1.2232,0.230
1754,128,1.837682e-03,1.3456,1.2293,1.579
1755,128,1.837465e-03,1.1680,1.2262,0.227
1756,128,1.837248e-03,1.1493,1.2224,0.206
1757,128,1.837031e-03,1.2403,1.2233,0.858
1758,128,1.836814e-03,1.1603,1.2201,0.233
1759,128,1.836597e-03,1.1460,1.2164,0.241
1760,128,1.836380e-03,1.1885,1.2150,0.244
1761,128,1.836162e-03,1.4013,1.2243,2.467
1762,128,1.835944e-03,1.2003,1.2231,0.483
1763,128,1.835727e-03,1.1619,1.2201,0.393
1764,128,1.835509e-03,1.1896,1.2185,0.374
1765,128,1.835291e-03,1.1259,1.2139,0.268
1766,128,1.835072e-03,1.1923,1.2128,0.232
1767,128,1.834854e-03,1.2763,1.2160,1.585
1768,128,1.834636e-03,1.1709,1.2137,0.429
1769,128,1.834417e-03,1.2021,1.2132,0.761
1770,128,1.834198e-03,1.1796,1.2115,0.391
1771,128,1.833979e-03,1.2015,1.2110,0.308
1772,128,1.833760e-03,1.1879,1.2098,0.280
1773,128,1.833541e-03,1.1955,1.2091,0.520
1774,128,1.833322e-03,1.3752,1.2174,2.021
1775,128,1.833103e-03,1.2747,1.2203,1.330
1776,128,1.832883e-03,1.1563,1.2171,0.334
1777,128,1.832664e-03,1.1924,1.2158,0.312
1778,128,1.832444e-03,1.1714,1.2136,0.438
1779,128,1.832224e-03,1.1868,1.2123,0.388
1780,128,1.832004e-03,1.1548,1.2094,0.270
1781,128,1.831784e-03,1.2078,1.2093,0.258
1782,128,1.831564e-03,1.1900,1.2084,0.624
1783,128,1.831343e-03,1.1884,1.2074,0.248
1784,128,1.831123e-03,1.1533,1.2047,0.269
1785,128,1.830902e-03,1.1713,1.2030,0.244
1786,128,1.830681e-03,1.1437,1.2000,0.383
1787,128,1.830460e-03,1.2773,1.2039,1.399
1788,128,1.830239e-03,1.2785,1.2076,1.157
1789,128,1.830018e-03,1.2086,1.2077,0.303
1790,128,1.829797e-03,1.1894,1.2068,0.342
1791,128,1.829575e-03,1.1615,1.2045,0.253
1792,128,1.829354e-03,1.2419,1.2064,0.797
1793,128,1.829132e-03,1.1713,1.2046,0.237
1794,128,1.828910e-03,1.1806,1.2034,0.285
1795,128,1.828688e-03,1.1617,1.2013,0.255
1796,128,1.828466e-03,1.1434,1.1984,0.393
1797,128,1.828244e-03,1.1772,1.1974,0.354
1798,128,1.828021e-03,1.3981,1.2074,2.325
1799,128,1.827799e-03,1.2333,1.2087,1.024
1800,128,1.827576e-03,1.1902,1.2078,0.374
1801,128,1.827354e-03,1.1898,1.2069,0.390
1802,128,1.827131e-03,1.1852,1.2058,0.340
1803,128,1.826908e-03,1.1731,1.2042,0.275
1804,128,1.826685e-03,1.1739,1.2026,0.264
1805,128,1.826461e-03,1.1667,1.2008,0.216
1806,128,1.826238e-03,1.1863,1.2001,0.601
1807,128,1.826014e-03,1.1585,1.1980,0.210
1808,128,1.825791e-03,1.4072,1.2085,2.142
1809,128,1.825567e-03,1.1694,1.2065,0.359
1810,128,1.825343e-03,1.1661,1.2045,0.324
1811,128,1.825119e-03,1.1758,1.2031,0.245
1812,128,1.824895e-03,1.1852,1.2022,0.249
1813,128,1.824671e-03,1.1924,1.2017,0.340
1814,128,1.824446e-03,1.3049,1.2069,1.374
1815,128,1.824222e-03,1.1872,1.2059,0.339
1816,128,1.823997e-03,1.2308,1.2071,0.679
1817,128,1.823772e-03,1.1305,1.2033,0.297
1818,128,1.823547e-03,1.1493,1.2006,0.211
1819,128,1.823322e-03,1.2843,1.2048,1.304
1820,128,1.823097e-03,1.1959,1.2043,0.361
1821,128,1.822872e-03,1.1869,1.2035,0.276
1822,128,1.822646e-03,1.1561,1.2011,0.287
1823,128,1.822421e-03,1.1078,1.1964,0.247
1824,128,1.822195e-03,1.1906,1.1961,0.230
1825,128,1.821969e-03,1.1609,1.1944,0.315
1826,128,1.821743e-03,1.2568,1.1975,1.194
1827,128,1.821517e-03,1.1722,1.1962,0.475
1828,128,1.821291e-03,1.1628,1.1946,0.402
1829,128,1.821064e-03,1.1854,1.1941,0.334
1830,128,1.820838e-03,1.1951,1.1942,0.328
1831,128,1.820611e-03,1.2666,1.1978,1.215
1832,128,1.820385e-03,1.1429,1.1950,0.249
1833,128,1.820158e-03,1.1715,1.1938,0.257
1834,128,1.819931e-03,1.1619,1.1923,0.242
1835,128,1.819704e-03,1.1251,1.1889,0.222
1836,128,1.819476e-03,1.1393,1.1864,0.202
1837,128,1.819249e-03,1.2278,1.1885,0.944
1838,128,1.819022e-03,1.1496,1.1865,0.257
1839,128,1.818794e-03,1.1319,1.1838,0.253
1840,128,1.818566e-03,1.1936,1.1843,0.372
1841,128,1.818338e-03,1.1587,1.1830,0.349
1842,128,1.818110e-03,1.2333,1.1855,1.094
1843,128,1.817882e-03,1.1165,1.1821,0.214
1844,128,1.817654e-03,1.1932,1.1826,0.335
1845,128,1.817425e-03,1.1773,1.1824,0.373
1846,128,1.817197e-03,1.2950,1.1880,1.346
1847,128,1.816968e-03,1.1546,1.1863,0.204
1848,128,1.816739e-03,1.1726,1.1856,0.223
1849,128,1.816511e-03,1.1349,1.1831,0.209
1850,128,1.816282e-03,1.1334,1.1806,0.186
1851,128,1.816052e-03,1.1765,1.1804,0.404
1852,128,1.815823e-03,1.1505,1.1789,0.345
1853,128,1.815594e-03,1.1405,1.1770,0.811
1854,128,1.815364e-03,1.2146,1.1789,0.347
1855,128,1.815134e-03,1.1901,1.1794,0.718
1856,128,1.814905e-03,1.1531,1.1781,0.263
1857,128,1.814675e-03,1.1993,1.1792,0.439
1858,128,1.814445e-03,1.0994,1.1752,0.276
1859,128,1.814214e-03,1.1441,1.1736,0.228
1860,128,1.813984e-03,1.2585,1.1779,1.167
1861,128,1.813754e-03,1.2050,1.1792,0.357
1862,128,1.813523e-03,1.2190,1.1812,0.336
1863,128,1.813292e-03,1.1858,1.1815,0.339
1864,128,1.813062e-03,1.1631,1.1805,0.659
1865,128,1.812831e-03,1.1854,1.1808,0.666
1866,128,1.812600e-03,1.1633,1.1799,0.270
1867,128,1.812368e-03,1.1360,1.1777,0.311
1868,128,1.812137e-03,1.1351,1.1756,0.252
1869,128,1.811906e-03,1.1164,1.1726,0.213
1870,128,1.811674e-03,1.2126,1.1746,0.349
1871,128,1.811442e-03,1.1781,1.1748,0.255
1872,128,1.811210e-03,1.2497,1.1785,1.203
1873,128,1.810978e-03,1.2011,1.1797,0.976
1874,128,1.810746e-03,1.2181,1.1816,0.363
1875,128,1.810514e-03,1.1787,1.1814,0.398
1876,128,1.810282e-03,1.2158,1.1832,0.355
1877,128,1.810049e-03,1.1300,1.1805,0.338
1878,128,1.809817e-03,1.1226,1.1776,0.259
1879,128,1.809584e-03,1.1700,1.1772,0.331
1880,128,1.809351e-03,1.1566,1.1762,0.675
1881,128,1.809118e-03,1.1686,1.1758,0.631
1882,128,1.808885e-03,1.1528,1.1747,0.276
1883,128,1.808652e-03,1.1663,1.1742,0.320
1884,128,1.808419e-03,1.1541,1.1732,0.300
1885,128,1.808185e-03,1.1686,1.1730,0.261
1886,128,1.807951e-03,1.2557,1.1771,1.250
1887,128,1.807718e-03,1.1568,1.1761,0.259
1888,128,1.807484e-03,1.1871,1.1767,0.218
1889,128,1.807250e-03,1.1393,1.1748,0.189
1890,128,1.807016e-03,1.2010,1.1761,0.365
1891,128,1.806782e-03,1.1037,1.1725,0.191
1892,128,1.806547e-03,1.1416,1.1709,0.649
1893,128,1.806313e-03,1.1524,1.1700,0.554
1894,128,1.806078e-03,1.1181,1.1674,0.298
1895,128,1.805843e-03,1.1346,1.1658,0.294
1896,128,1.805608e-03,1.1760,1.1663,0.409
1897,128,1.805373e-03,1.1559,1.1658,0.336
1898,128,1.805138e-03,1.1492,1.1649,0.362
1899,128,1.804903e-03,1.1749,1.1654,0.718
1900,128,1.804668e-03,1.1398,1.1642,0.572
1901,128,1.804432e-03,1.2109,1.1665,0.722
1902,128,1.804197e-03,1.1810,1.1672,0.297
1903,128,1.803961e-03,1.2017,1.1689,0.410
1904,128,1.803725e-03,1.1860,1.1698,0.387
1905,128,1.803489e-03,1.1407,1.1683,0.242
1906,128,1.803253e-03,1.1385,1.1669,0.224
1907,128,1.803017e-03,1.1416,1.1656,0.202
1908,128,1.802780e-03,1.1330,1.1640,0.525
1909,128,1.802544e-03,1.1633,1.1639,0.549
1910,128,1.802307e-03,1.1522,1.1633,0.319
1911,128,1.802070e-03,1.1349,1.1619,0.372
1912,128,1.801834e-03,1.1605,1.1618,0.189
1913,128,1.801597e-03,1.2567,1.1666,1.193
1914,128,1.801359e-03,1.2111,1.1688,0.387
1915,128,1.801122e-03,1.1875,1.1698,0.342
1916,128,1.800885e-03,1.1349,1.1680,0.213
1917,128,1.800647e-03,1.1291,1.1661,0.224
1918,128,1.800410e-03,1.2018,1.1679,0.640
1919,128,1.800172e-03,1.1452,1.1667,0.210
1920,128,1.799934e-03,1.1554,1.1662,0.184
1921,128,1.799696e-03,1.1992,1.1678,0.677
1922,128,1.799458e-03,1.0843,1.1636,0.237
1923,128,1.799220e-03,1.1690,1.1639,0.256
1924,128,1.798981e-03,1.1403,1.1627,0.288
1925,128,1.798743e-03,1.1505,1.1621,0.557
1926,128,1.798504e-03,1.1869,1.1633,0.550
1927,128,1.798265e-03,1.1356,1.1620,0.277
1928,128,1.798027e-03,1.1350,1.1606,0.243
1929,128,1.797788e-03,1.1334,1.1592,0.206
1930,128,1.797548e-03,1.1346,1.1580,0.254
1931,128,1.797309e-03,1.1204,1.1561,0.204
1932,128,1.797070e-03,1.1602,1.1563,0.606
1933,128,1.796830e-03,1.1736,1.1572,0.550
1934,128,1.796591e-03,1.1125,1.1550,0.322
1935,128,1.796351e-03,1.2236,1.1584,0.449
1936,128,1.796111e-03,1.1160,1.1563,0.265
1937,128,1.795871e-03,1.1503,1.1560,0.699
1938,128,1.795631e-03,1.1167,1.1540,0.251
1939,128,1.795391e-03,1.1360,1.1531,0.412
1940,128,1.795150e-03,1.1406,1.1525,0.282
1941,128,1.794910e-03,1.1166,1.1507,0.251
1942,128,1.794669e-03,1.1357,1.1499,0.492
1943,128,1.794429e-03,1.1130,1.1481,0.261
1944,128,1.794188e-03,1.1542,1.1484,0.593
1945,128,1.793947e-03,1.1215,1.1471,0.291
1946,128,1.793706e-03,1.1082,1.1451,0.284
1947,128,1.793464e-03,1.1126,1.1435,0.230
1948,128,1.793223e-03,1.1736,1.1450,0.618
1949,128,1.792982e-03,1.1364,1.1446,0.411
1950,128,1.792740e-03,1.1342,1.1440,0.270
1951,128,1.792498e-03,1.1699,1.1453,0.279
1952,128,1.792256e-03,1.1317,1.1447,0.246
1953,128,1.792014e-03,1.1316,1.1440,0.180
1954,128,1.791772e-03,1.1533,1.1445,0.588
1955,128,1.791530e-03,1.1700,1.1457,0.533
1956,128,1.791288e-03,1.1358,1.1452,0.317
1957,128,1.791045e-03,1.1317,1.1446,0.315
1958,128,1.790803e-03,1.1554,1.1451,0.208
1959,128,1.790560e-03,1.1426,1.1450,0.468
1960,128,1.790317e-03,1.1679,1.1461,0.475
1961,128,1.790074e-03,1.1392,1.1458,0.295
1962,128,1.789831e-03,1.1514,1.1461,0.283
1963,128,1.789588e-03,1.1379,1.1457,0.272
1964,128,1.789345e-03,1.1728,1.1470,0.272
1965,128,1.789101e-03,1.1099,1.1452,0.397
1966,128,1.788857e-03,1.1239,1.1441,0.373
1967,128,1.788614e-03,1.1564,1.1447,0.402
1968,128,1.788370e-03,1.1344,1.1442,0.298
1969,128,1.788126e-03,1.1308,1.1435,0.278
1970,128,1.787882e-03,1.1476,1.1437,0.222
1971,128,1.787638e-03,1.1460,1.1438,0.242
1972,128,1.787393e-03,1.1426,1.1438,0.735
1973,128,1.787149e-03,1.1613,1.1447,0.493
1974,128,1.786904e-03,1.1337,1.1441,0.333
1975,128,1.786660e-03,1.1479,1.1443,0.302
1976,128,1.786415e-03,1.1500,1.1446,0.205
1977,128,1.786170e-03,1.1251,1.1436,0.178
1978,128,1.785925e-03,1.1876,1.1458,0.658
1979,128,1.785680e-03,1.1295,1.1450,0.437
1980,128,1.785435e-03,1.1367,1.1446,0.303
1981,128,1.785189e-03,1.0739,1.1410,0.328
1982,128,1.784944e-03,1.1119,1.1396,0.279
1983,128,1.784698e-03,1.1722,1.1412,0.441
1984,128,1.784452e-03,1.1540,1.1419,0.530
1985,128,1.784206e-03,1.0998,1.1398,0.292
1986,128,1.783960e-03,1.1209,1.1388,0.272
1987,128,1.783714e-03,1.1348,1.1386,0.261
1988,128,1.783468e-03,1.1346,1.1384,0.447
1989,128,1.783221e-03,1.1207,1.1375,0.293
1990,128,1.782975e-03,1.1571,1.1385,0.271
1991,128,1.782728e-03,1.1332,1.1382,0.316
1992,128,1.782481e-03,1.1300,1.1378,0.348
1993,128,1.782235e-03,1.1381,1.1378,0.454
1994,128,1.781988e-03,1.1139,1.1366,0.324
1995,128,1.781740e-03,1.1239,1.1360,0.294
1996,128,1.781493e-03,1.1263,1.1355,0.341
1997,128,1.781246e-03,1.1553,1.1365,0.255
1998,128,1.780998e-03,1.1296,1.1362,0.421
1999,128,1.780751e-03,1.1107,1.1349,0.282
2000,128,1.780503e-03,1.1233,1.1343,0.389
2001,128,1.780255e-03,1.1532,1.1353,0.305
2002,128,1.780007e-03,1.1648,1.1367,0.261
2003,128,1.779759e-03,1.1630,1.1380,0.436
2004,128,1.779511e-03,1.1165,1.1370,0.331
2005,128,1.779263e-03,1.0976,1.1350,0.343
2006,128,1.779014e-03,1.1221,1.1344,0.304
2007,128,1.778765e-03,1.1815,1.1367,0.448
2008,128,1.778517e-03,1.1176,1.1358,0.279
2009,128,1.778268e-03,1.1371,1.1358,0.305
2010,128,1.778019e-03,1.1607,1.1371,0.268
2011,128,1.777770e-03,1.1674,1.1386,0.468
2012,128,1.777521e-03,1.1126,1.1373,0.267
2013,128,1.777271e-03,1.1191,1.1364,0.275
2014,128,1.777022e-03,1.1079,1.1349,0.378
2015,128,1.776772e-03,1.1258,1.1345,0.305
2016,128,1.776523e-03,1.1189,1.1337,0.262
2017,128,1.776273e-03,1.1204,1.1331,0.326
2018,128,1.776023e-03,1.1155,1.1322,0.312
2019,128,1.775773e-03,1.1611,1.1336,0.282
2020,128,1.775523e-03,1.1230,1.1331,0.483
2021,128,1.775273e-03,1.1280,1.1328,0.459
2022,128,1.775022e-03,1.1496,1.1337,0.348
2023,128,1.774772e-03,1.1217,1.1331,0.284
2024,128,1.774521e-03,1.1521,1.1340,0.489
2025,128,1.774270e-03,1.1053,1.1326,0.269
2026,128,1.774019e-03,1.1566,1.1338,0.324
2027,128,1.773768e-03,1.1182,1.1330,0.304
2028,128,1.773517e-03,1.1394,1.1333,0.394
2029,128,1.773266e-03,1.1309,1.1332,0.233
2030,128,1.773015e-03,1.1123,1.1322,0.310
2031,128,1.772763e-03,1.1182,1.1315,0.273
2032,128,1.772512e-03,1.1597,1.1329,0.548
2033,128,1.772260e-03,1.1174,1.1321,0.361
2034,128,1.772008e-03,1.1197,1.1315,0.328
2035,128,1.771756e-03,1.1326,1.1315,0.316
2036,128,1.771504e-03,1.1159,1.1308,0.385
2037,128,1.771252e-03,1.1369,1.1311,0.265
2038,128,1.770999e-03,1.1213,1.1306,0.302
2039,128,1.770747e-03,1.1064,1.1294,0.295
2040,128,1.770494e-03,1.1153,1.1287,0.356
2041,128,1.770242e-03,1.1431,1.1294,0.319
2042,128,1.769989e-03,1.1752,1.1317,0.442
2043,128,1.769736e-03,1.1416,1.1322,0.241
2044,128,1.769483e-03,1.1505,1.1331,0.323
2045,128,1.769230e-03,1.1127,1.1321,0.326
2046,128,1.768976e-03,1.1439,1.1327,0.302
2047,128,1.768723e-03,1.1298,1.1325,0.264
2048,128,1.768470e-03,1.1080,1.1313,0.208
2049,128,1.768216e-03,1.1194,1.1307,0.320
2050,128,1.767962e-03,1.1305,1.1307,0.327
2051,128,1.767708e-03,1.1134,1.1298,0.309
2052,128,1.767454e-03,1.1336,1.1300,0.429
2053,128,1.767200e-03,1.1071,1.1289,0.311
2054,128,1.766946e-03,1.1225,1.1285,0.344
2055,128,1.766691e-03,1.1403,1.1291,0.353
2056,128,1.766437e-03,1.1277,1.1291,0.293
2057,128,1.766182e-03,1.1046,1.1278,0.358
2058,128,1.765928e-03,1.1087,1.1269,0.316
2059,128,1.765673e-03,1.1429,1.1277,0.369
2060,128,1.765418e-03,1.0853,1.1256,0.130
2061,128,1.765163e-03,1.1477,1.1267,0.356
2062,128,1.764908e-03,1.1284,1.1268,0.342
2063,128,1.764652e-03,1.1547,1.1281,0.328
2064,128,1.764397e-03,1.1120,1.1273,0.215
2065,128,1.764141e-03,1.0993,1.1259,0.165
2066,128,1.763886e-03,1.1795,1.1286,0.293
2067,128,1.763630e-03,1.1492,1.1296,0.276
2068,128,1.763374e-03,1.1476,1.1305,0.406
2069,128,1.763118e-03,1.0983,1.1289,0.262
2070,128,1.762862e-03,1.1353,1.1293,0.392
2071,128,1.762606e-03,1.1252,1.1291,0.291
2072,128,1.762349e-03,1.1224,1.1287,0.335
2073,128,1.762093e-03,1.1130,1.1279,0.247
2074,128,1.761836e-03,1.1026,1.1267,0.224
2075,128,1.761579e-03,1.1324,1.1269,0.320
2076,128,1.761322e-03,1.1411,1.1277,0.373
2077,128,1.761065e-03,1.1005,1.1263,0.358
2078,128,1.760808e-03,1.0840,1.1242,0.331
2079,128,1.760551e-03,1.0994,1.1229,0.192
2080,128,1.760294e-03,1.1099,1.1223,0.205
2081,128,1.760036e-03,1.0703,1.1197,0.106
2082,128,1.759779e-03,1.1523,1.1213,0.369
2083,128,1.759521e-03,1.1289,1.1217,0.317
2084,128,1.759263e-03,1.1611,1.1237,0.432
2085,128,1.759005e-03,1.0885,1.1219,0.287
2086,128,1.758747e-03,1.1371,1.1227,0.221
2087,128,1.758489e-03,1.1346,1.1233,0.200
2088,128,1.758231e-03,1.1308,1.1237,0.420
2089,128,1.757973e-03,1.1469,1.1248,0.345
2090,128,1.757714e-03,1.1076,1.1240,0.350
2091,128,1.757455e-03,1.1101,1.1233,0.337
2092,128,1.757197e-03,1.1503,1.1246,0.494
2093,128,1.756938e-03,1.0952,1.1231,0.234
2094,128,1.756679e-03,1.1097,1.1225,0.180
2095,128,1.756420e-03,1.1250,1.1226,0.356
2096,128,1.756160e-03,1.1437,1.1237,0.315
2097,128,1.755901e-03,1.1350,1.1242,0.291
2098,128,1.755642e-03,1.0996,1.1230,0.301
2099,128,1.755382e-03,1.0583,1.1198,0.171
2100,128,1.755122e-03,1.1125,1.1194,0.381
2101,128,1.754863e-03,1.1359,1.1202,0.299
2102,128,1.754603e-03,1.1168,1.1200,0.293
2103,128,1.754343e-03,1.0780,1.1179,0.253
2104,128,1.754082e-03,1.1058,1.1173,0.206
2105,128,1.753822e-03,1.0630,1.1146,0.139
2106,128,1.753562e-03,1.1659,1.1172,0.354
2107,128,1.753301e-03,1.1513,1.1189,0.335
2108,128,1.753041e-03,1.1358,1.1197,0.460
2109,128,1.752780e-03,1.0734,1.1174,0.167
2110,128,1.752519e-03,1.1122,1.1172,0.157
2111,128,1.752258e-03,1.1305,1.1178,0.333
2112,128,1.751997e-03,1.1150,1.1177,0.367
2113,128,1.751736e-03,1.1006,1.1168,0.163
2114,128,1.751474e-03,1.0861,1.1153,0.161
2115,128,1.751213e-03,1.0621,1.1126,0.106
2116,128,1.750951e-03,1.1115,1.1126,0.284
2117,128,1.750690e-03,1.1083,1.1124,0.319
2118,128,1.750428e-03,1.1224,1.1129,0.195
2119,128,1.750166e-03,1.1292,1.1137,0.413
2120,128,1.749904e-03,1.1233,1.1142,0.369
2121,128,1.749642e-03,1.1067,1.1138,0.212
2122,128,1.749380e-03,1.0781,1.1120,0.139
2123,128,1.749117e-03,1.0995,1.1114,0.132
2124,128,1.748855e-03,1.0898,1.1103,0.246
2125,128,1.748592e-03,1.0698,1.1083,0.102
2126,128,1.748329e-03,1.1078,1.1083,0.204
2127,128,1.748067e-03,1.1437,1.1100,0.425
2128,128,1.747804e-03,1.0834,1.1087,0.092
2129,128,1.747541e-03,1.0666,1.1066,0.076
2130,128,1.747277e-03,1.0984,1.1062,0.110
2131,128,1.747014e-03,1.0971,1.1057,0.229
2132,128,1.746751e-03,1.0776,1.1043,0.121
2133,128,1.746487e-03,1.0863,1.1034,0.116
2134,128,1.746223e-03,1.1121,1.1038,0.187
2135,128,1.745960e-03,1.1080,1.1041,0.116
2136,128,1.745696e-03,1.1531,1.1065,0.396
2137,128,1.745432e-03,1.0657,1.1045,0.112
2138,128,1.745168e-03,1.0707,1.1028,0.120
2139,128,1.744903e-03,1.1061,1.1029,0.187
2140,128,1.744639e-03,1.1038,1.1030,0.159
2141,128,1.744375e-03,1.0925,1.1025,0.142
2142,128,1.744110e-03,1.1176,1.1032,0.116
2143,128,1.743845e-03,1.1004,1.1031,0.094
2144,128,1.743581e-03,1.0449,1.1002,0.121
2145,128,1.743316e-03,1.0784,1.0991,0.110
2146,128,1.743051e-03,1.1578,1.1020,0.429
2147,128,1.742785e-03,1.0865,1.1012,0.145
2148,128,1.742520e-03,1.1060,1.1015,0.115
2149,128,1.742255e-03,1.0745,1.1001,0.188
2150,128,1.741989e-03,1.1001,1.1001,0.153
2151,128,1.741724e-03,1.0657,1.0984,0.126
2152,128,1.741458e-03,1.0650,1.0967,0.074
2153,128,1.741192e-03,1.0692,1.0954,0.108
2154,128,1.740926e-03,1.0900,1.0951,0.093
2155,128,1.740660e-03,1.0955,1.0951,0.221
2156,128,1.740394e-03,1.0525,1.0930,0.165
2157,128,1.740128e-03,1.1223,1.0944,0.135
2158,128,1.739861e-03,1.0620,1.0928,0.100
2159,128,1.739595e-03,1.0863,1.0925,0.098
2160,128,1.739328e-03,1.0598,1.0909,0.116
2161,128,1.739061e-03,1.1063,1.0916,0.148
2162,128,1.738794e-03,1.0802,1.0911,0.117
2163,128,1.738527e-03,1.0906,1.0910,0.151
2164,128,1.738260e-03,1.0835,1.0907,0.091
2165,128,1.737993e-03,1.1090,1.0916,0.071
2166,128,1.737726e-03,1.0869,1.0914,0.089
2167,128,1.737458e-03,1.0805,1.0908,0.163
2168,128,1.737191e-03,1.0861,1.0906,0.124
2169,128,1.736923e-03,1.0878,1.0904,0.074
2170,128,1.736655e-03,1.1368,1.0928,0.203
2171,128,1.736387e-03,1.1267,1.0944,0.082
2172,128,1.736119e-03,1.0869,1.0941,0.094
2173,128,1.735851e-03,1.0785,1.0933,0.092
2174,128,1.735583e-03,1.1018,1.0937,0.138
2175,128,1.735314e-03,1.0843,1.0932,0.133
2176,128,1.735046e-03,1.1126,1.0942,0.136
2177,128,1.734777e-03,1.0438,1.0917,0.131
2178,128,1.734509e-03,1.1064,1.0924,0.073
2179,128,1.734240e-03,1.0503,1.0903,0.098
2180,128,1.733971e-03,1.1195,1.0918,0.201
2181,128,1.733702e-03,1.0987,1.0921,0.089
2182,128,1.733433e-03,1.0813,1.0916,0.118
2183,128,1.733163e-03,1.0899,1.0915,0.126
2184,128,1.732894e-03,1.0543,1.0896,0.114
2185,128,1.732624e-03,1.0835,1.0893,0.083
2186,128,1.732355e-03,1.0969,1.0897,0.079
2187,128,1.732085e-03,1.0838,1.0894,0.110
2188,128,1.731815e-03,1.0605,1.0880,0.115
2189,128,1.731545e-03,1.0738,1.0873,0.127
2190,128,1.731275e-03,1.1058,1.0882,0.125
2191,128,1.731005e-03,1.1041,1.0890,0.109
2192,128,1.730735e-03,1.0985,1.0895,0.160
2193,128,1.730464e-03,1.1083,1.0904,0.102
2194,128,1.730194e-03,1.0972,1.0907,0.094
2195,128,1.729923e-03,1.1108,1.0917,0.152
2196,128,1.729652e-03,1.0908,1.0917,0.110
2197,128,1.729382e-03,1.0813,1.0912,0.100
2198,128,1.729111e-03,1.0797,1.0906,0.104
2199,128,1.728839e-03,1.1036,1.0913,0.129
2200,128,1.728568e-03,1.0759,1.0905,0.098
2201,128,1.728297e-03,1.0782,1.0899,0.148
2202,128,1.728025e-03,1.0737,1.0891,0.097
2203,128,1.727754e-03,1.0928,1.0892,0.158
2204,128,1.727482e-03,1.0688,1.0882,0.124
2205,128,1.727210e-03,1.0878,1.0882,0.117
2206,128,1.726939e-03,1.0898,1.0883,0.115
2207,128,1.726667e-03,1.0840,1.0881,0.140
2208,128,1.726395e-03,1.0777,1.0875,0.109
2209,128,1.726122e-03,1.0791,1.0871,0.114
2210,128,1.725850e-03,1.0797,1.0868,0.128
2211,128,1.725577e-03,1.0611,1.0855,0.104
2212,128,1.725305e-03,1.0846,1.0854,0.119
2213,128,1.725032e-03,1.0645,1.0844,0.197
2214,128,1.724759e-03,1.0789,1.0841,0.104
2215,128,1.724487e-03,1.0995,1.0849,0.099
2216,128,1.724214e-03,1.0616,1.0837,0.133
2217,128,1.723940e-03,1.0927,1.0842,0.095
2218,128,1.723667e-03,1.0966,1.0848,0.161
2219,128,1.723394e-03,1.1177,1.0864,0.145
2220,128,1.723120e-03,1.0977,1.0870,0.118
2221,128,1.722847e-03,1.0691,1.0861,0.095
2222,128,1.722573e-03,1.0990,1.0867,0.097
2223,128,1.722299e-03,1.0985,1.0873,0.147
2224,128,1.722025e-03,1.1036,1.0881,0.126
2225,128,1.721751e-03,1.1127,1.0894,0.096
2226,128,1.721477e-03,1.0967,1.0897,0.077
2227,128,1.721203e-03,1.0901,1.0898,0.090
2228,128,1.720929e-03,1.0677,1.0886,0.128
2229,128,1.720654e-03,1.0882,1.0886,0.157
2230,128,1.720380e-03,1.1147,1.0899,0.163
2231,128,1.720105e-03,1.0951,1.0902,0.131
2232,128,1.719830e-03,1.0942,1.0904,0.143
2233,128,1.719555e-03,1.1178,1.0918,0.171
2234,128,1.719280e-03,1.0774,1.0910,0.130
2235,128,1.719005e-03,1.1022,1.0916,0.103
2236,128,1.718730e-03,1.0623,1.0901,0.120
2237,128,1.718455e-03,1.1335,1.0923,0.160
2238,128,1.718179e-03,1.0685,1.0911,0.127
2239,128,1.717903e-03,1.0945,1.0913,0.108
2240,128,1.717628e-03,1.1105,1.0922,0.084
2241,128,1.717352e-03,1.0857,1.0919,0.102
2242,128,1.717076e-03,1.0634,1.0905,0.106
2243,128,1.716800e-03,1.0893,1.0904,0.137
2244,128,1.716524e-03,1.0692,1.0894,0.091
2245,128,1.716248e-03,1.0728,1.0885,0.116
2246,128,1.715971e-03,1.0861,1.0884,0.111
2247,128,1.715695e-03,1.0961,1.0888,0.124
2248,128,1.715418e-03,1.0843,1.0886,0.124
2249,128,1.715142e-03,1.0856,1.0884,0.153
2250,128,1.714865e-03,1.0893,1.0885,0.097
2251,128,1.714588e-03,1.1174,1.0899,0.105
2252,128,1.714311e-03,1.0432,1.0876,0.100
2253,128,1.714034e-03,1.0813,1.0873,0.129
2254,128,1.713756e-03,1.0901,1.0874,0.115
2255,128,1.713479e-03,1.0860,1.0873,0.106
2256,128,1.713202e-03,1.0928,1.0876,0.137
2257,128,1.712924e-03,1.0846,1.0875,0.123
2258,128,1.712646e-03,1.0867,1.0874,0.135
2259,128,1.712369e-03,1.2665,1.0964,1.373
2260,128,1.712091e-03,1.0946,1.0963,0.188
2261,128,1.711813e-03,1.1257,1.0978,0.147
2262,128,1.711535e-03,1.0989,1.0978,0.173
2263,128,1.711256e-03,1.0869,1.0973,0.184
2264,128,1.710978e-03,1.0897,1.0969,0.173
2265,128,1.710700e-03,1.1403,1.0991,0.090
2266,128,1.710421e-03,1.0575,1.0970,0.098
2267,128,1.710142e-03,1.2092,1.1026,0.932
2268,128,1.709863e-03,1.1102,1.1030,0.193
2269,128,1.709585e-03,1.1268,1.1042,0.209
2270,128,1.709306e-03,1.1012,1.1040,0.175
2271,128,1.709026e-03,1.1173,1.1047,0.150
2272,128,1.708747e-03,1.0996,1.1044,0.155
2273,128,1.708468e-03,1.1090,1.1047,0.137
2274,128,1.708188e-03,1.0672,1.1028,0.157
2275,128,1.707909e-03,1.0803,1.1017,0.117
2276,128,1.707629e-03,1.1996,1.1065,1.074
2277,128,1.707349e-03,1.1083,1.1066,0.160
2278,128,1.707070e-03,1.0939,1.1060,0.234
2279,128,1.706790e-03,1.1034,1.1059,0.158
2280,128,1.706510e-03,1.0837,1.1048,0.179
2281,128,1.706229e-03,1.0899,1.1040,0.176
2282,128,1.705949e-03,1.0649,1.1021,0.149
2283,128,1.705669e-03,1.2052,1.1072,0.913
2284,128,1.705388e-03,1.1083,1.1073,0.158
2285,128,1.705107e-03,1.1208,1.1079,0.137
2286,128,1.704827e-03,1.0801,1.1066,0.224
2287,128,1.704546e-03,1.0965,1.1060,0.220
2288,128,1.704265e-03,1.0866,1.1051,0.152
2289,128,1.703984e-03,1.0618,1.1029,0.162
2290,128,1.703703e-03,1.1758,1.1066,0.777
2291,128,1.703421e-03,1.1032,1.1064,0.187
2292,128,1.703140e-03,1.0789,1.1050,0.165
2293,128,1.702858e-03,1.0766,1.1036,0.115
2294,128,1.702577e-03,1.0721,1.1020,0.165
2295,128,1.702295e-03,1.1040,1.1021,0.130
2296,128,1.702013e-03,1.1684,1.1054,0.854
2297,128,1.701731e-03,1.1015,1.1052,0.183
2298,128,1.701449e-03,1.1085,1.1054,0.220
2299,128,1.701167e-03,1.1361,1.1069,0.188
2300,128,1.700885e-03,1.1294,1.1081,0.173
2301,128,1.700602e-03,1.0937,1.1073,0.143
2302,128,1.700320e-03,1.0741,1.1057,0.193
2303,128,1.700037e-03,1.1537,1.1081,0.655
2304,128,1.699754e-03,1.1476,1.1101,0.669
2305,128,1.699472e-03,1.1314,1.1111,0.203
2306,128,1.699189e-03,1.1143,1.1113,0.203
2307,128,1.698906e-03,1.1304,1.1122,0.224
2308,128,1.698623e-03,1.1371,1.1135,0.171
2309,128,1.698339e-03,1.0749,1.1115,0.194
2310,128,1.698056e-03,1.0778,1.1099,0.101
2311,128,1.697772e-03,1.0646,1.1076,0.104
2312,128,1.697489e-03,1.1074,1.1076,0.103
2313,128,1.697205e-03,1.0867,1.1065,0.128
2314,128,1.696921e-03,1.1135,1.1069,0.097
2315,128,1.696638e-03,1.1784,1.1105,0.786
2316,128,1.696353e-03,1.1118,1.1105,0.146
2317,128,1.696069e-03,1.4491,1.1275,3.599
2318,128,1.695785e-03,1.1317,1.1277,0.142
2319,128,1.695501e-03,1.0982,1.1262,0.145
2320,128,1.695216e-03,1.0903,1.1244,0.138
2321,128,1.694932e-03,1.1267,1.1245,0.177
2322,128,1.694647e-03,1.1564,1.1261,0.660
2323,128,1.694362e-03,1.0810,1.1239,0.240
2324,128,1.694078e-03,1.0999,1.1227,0.179
2325,128,1.693793e-03,1.0855,1.1208,0.160
2326,128,1.693508e-03,1.3021,1.1299,2.046
2327,128,1.693222e-03,1.1228,1.1295,0.224
2328,128,1.692937e-03,1.1425,1.1302,0.775
2329,128,1.692652e-03,1.1313,1.1302,0.206
2330,128,1.692366e-03,1.1154,1.1295,0.226
2331,128,1.692081e-03,1.1171,1.1289,0.201
2332,128,1.691795e-03,1.0912,1.1270,0.156
2333,128,1.691509e-03,1.0903,1.1251,0.126
2334,128,1.691223e-03,1.0658,1.1222,0.143
2335,128,1.690937e-03,1.4325,1.1377,2.760
2336,128,1.690651e-03,1.1113,1.1364,0.570
2337,128,1.690365e-03,1.0427,1.1317,0.254
2338,128,1.690078e-03,1.0786,1.1290,0.202
2339,128,1.689792e-03,1.0627,1.1257,0.167
2340,128,1.689505e-03,1.1057,1.1247,0.231
2341,128,1.689219e-03,1.0981,1.1234,0.115
2342,128,1.688932e-03,1.0970,1.1221,0.094
2343,128,1.688645e-03,1.2564,1.1288,1.785
2344,128,1.688358e-03,1.1838,1.1315,0.733
2345,128,1.688071e-03,1.1009,1.1300,0.264
2346,128,1.687784e-03,1.0678,1.1269,0.177
2347,128,1.687496e-03,1.0844,1.1248,0.232
2348,128,1.687209e-03,1.0637,1.1217,0.116
2349,128,1.686921e-03,1.1384,1.1225,0.762
2350,128,1.686634e-03,1.0926,1.1211,0.234
2351,128,1.686346e-03,1.0873,1.1194,0.220
2352,128,1.686058e-03,1.2338,1.1251,1.385
2353,128,1.685770e-03,1.1076,1.1242,0.154
2354,128,1.685482e-03,1.0693,1.1215,0.249
2355,128,1.685194e-03,1.1677,1.1238,0.731
2356,128,1.684906e-03,1.0809,1.1216,0.240
2357,128,1.684617e-03,1.0904,1.1201,0.224
2358,128,1.684329e-03,1.0557,1.1169,0.189
2359,128,1.684040e-03,1.0906,1.1155,0.152
2360,128,1.683751e-03,1.4551,1.1325,2.762
2361,128,1.683463e-03,1.0962,1.1307,0.225
2362,128,1.683174e-03,1.0925,1.1288,0.216
2363,128,1.682885e-03,1.0935,1.1270,0.100
2364,128,1.682596e-03,1.1469,1.1280,0.642
2365,128,1.682306e-03,1.1065,1.1270,0.150
2366,128,1.682017e-03,1.2021,1.1307,1.025
2367,128,1.681728e-03,1.0904,1.1287,0.286
2368,128,1.681438e-03,1.1168,1.1281,0.242
2369,128,1.681148e-03,1.1132,1.1274,0.128
2370,128,1.680859e-03,1.1246,1.1272,0.673
2371,128,1.680569e-03,1.1146,1.1266,0.142
2372,128,1.680279e-03,1.1218,1.1263,0.133
2373,128,1.679989e-03,1.0745,1.1237,0.224
2374,128,1.679699e-03,1.1352,1.1243,0.636
2375,128,1.679408e-03,1.0721,1.1217,0.208
2376,128,1.679118e-03,1.2120,1.1262,1.365
2377,128,1.678828e-03,1.0882,1.1243,0.211
2378,128,1.678537e-03,1.1131,1.1238,0.180
2379,128,1.678246e-03,1.1015,1.1226,0.218
2380,128,1.677955e-03,1.1170,1.1224,0.527
2381,128,1.677665e-03,1.1196,1.1222,0.220
2382,128,1.677374e-03,1.1037,1.1213,0.231
2383,128,1.677082e-03,1.1635,1.1234,0.565
2384,128,1.676791e-03,1.0816,1.1213,0.220
2385,128,1.676500e-03,1.1411,1.1223,0.899
2386,128,1.676209e-03,1.1116,1.1218,0.250
2387,128,1.675917e-03,1.0730,1.1193,0.168
2388,128,1.675625e-03,1.1558,1.1212,0.624
2389,128,1.675334e-03,1.1211,1.1212,0.192
2390,128,1.675042e-03,1.0656,1.1184,0.239
2391,128,1.674750e-03,1.0968,1.1173,0.253
2392,128,1.674458e-03,1.1841,1.1206,1.041
2393,128,1.674166e-03,1.1463,1.1219,0.653
2394,128,1.673873e-03,1.0964,1.1206,0.308
2395,128,1.673581e-03,1.1168,1.1205,0.235
2396,128,1.673289e-03,1.1169,1.1203,0.152
2397,128,1.672996e-03,1.0741,1.1180,0.175
2398,128,1.672703e-03,1.1131,1.1177,0.513
2399,128,1.672411e-03,1.0814,1.1159,0.216
2400,128,1.672118e-03,1.1334,1.1168,0.742
2401,128,1.671825e-03,1.1421,1.1181,0.527
2402,128,1.671532e-03,1.1188,1.1181,0.321
2403,128,1.671238e-03,1.0751,1.1159,0.292
2404,128,1.670945e-03,1.1811,1.1192,0.938
2405,128,1.670652e-03,1.1050,1.1185,0.190
2406,128,1.670358e-03,1.1042,1.1178,0.182
2407,128,1.670065e-03,1.1602,1.1199,0.659
2408,128,1.669771e-03,1.1094,1.1194,0.443
2409,128,1.669477e-03,1.1003,1.1184,0.299
2410,128,1.669183e-03,1.0886,1.1169,0.219
2411,128,1.668889e-03,1.1093,1.1165,0.213
2412,128,1.668595e-03,1.1881,1.1201,0.921
2413,128,1.668301e-03,1.0882,1.1185,0.170
2414,128,1.668007e-03,1.0950,1.1173,0.183
2415,128,1.667712e-03,1.1761,1.1203,0.588
2416,128,1.667418e-03,1.0797,1.1183,0.199
2417,128,1.667123e-03,1.0596,1.1153,0.215
2418,128,1.666828e-03,1.1451,1.1168,0.771
2419,128,1.666533e-03,1.1259,1.1173,0.493
2420,128,1.666238e-03,1.1063,1.1167,0.223
2421,128,1.665943e-03,1.0944,1.1156,0.295
2422,128,1.665648e-03,1.0861,1.1141,0.203
2423,128,1.665353e-03,1.1150,1.1142,0.497
2424,128,1.665058e-03,1.1381,1.1154,0.692
2425,128,1.664762e-03,1.1201,1.1156,0.664
2426,128,1.664467e-03,1.0980,1.1147,0.223
2427,128,1.664171e-03,1.1452,1.1162,0.545
2428,128,1.663875e-03,1.1057,1.1157,0.232
2429,128,1.663579e-03,1.0876,1.1143,0.314
2430,128,1.663283e-03,1.0974,1.1135,0.204
2431,128,1.662987e-03,1.0964,1.1126,0.214
2432,128,1.662691e-03,1.1363,1.1138,0.559
2433,128,1.662395e-03,1.1226,1.1142,0.446
2434,128,1.662099e-03,1.1138,1.1142,0.246
2435,128,1.661802e-03,1.1629,1.1167,0.851
2436,128,1.661506e-03,1.1111,1.1164,0.232
2437,128,1.661209e-03,1.0910,1.1151,0.216
2438,128,1.660912e-03,1.0968,1.1142,0.220
2439,128,1.660615e-03,1.0840,1.1127,0.231
2440,128,1.660318e-03,1.2682,1.1205,1.732
2441,128,1.660021e-03,1.1232,1.1206,0.451
2442,128,1.659724e-03,1.0959,1.1194,0.244
2443,128,1.659427e-03,1.0791,1.1174,0.280
2444,128,1.659129e-03,1.1063,1.1168,0.221
2445,128,1.658832e-03,1.1439,1.1182,0.647
2446,128,1.658534e-03,1.1024,1.1174,0.203
2447,128,1.658237e-03,1.1332,1.1182,0.511
2448,128,1.657939e-03,1.0579,1.1151,0.206
2449,128,1.657641e-03,1.1169,1.1152,0.470
2450,128,1.657343e-03,1.0838,1.1137,0.273
2451,128,1.657045e-03,1.1686,1.1164,0.690
2452,128,1.656747e-03,1.0974,1.1155,0.475
2453,128,1.656448e-03,1.1145,1.1154,0.420
2454,128,1.656150e-03,1.1066,1.1150,0.253
2455,128,1.655851e-03,1.0832,1.1134,0.234
2456,128,1.655553e-03,1.1030,1.1129,0.200
2457,128,1.655254e-03,1.1222,1.1133,0.523
2458,128,1.654955e-03,1.1026,1.1128,0.351
2459,128,1.654656e-03,1.1150,1.1129,0.237
2460,128,1.654357e-03,1.1054,1.1125,0.294
2461,128,1.654058e-03,1.1283,1.1133,0.663
2462,128,1.653759e-03,1.0992,1.1126,0.271
2463,128,1.653460e-03,1.1104,1.1125,0.537
2464,128,1.653160e-03,1.1234,1.1130,0.407
2465,128,1.652861e-03,1.0574,1.1103,0.294
2466,128,1.652561e-03,1.1171,1.1106,0.212
2467,128,1.652262e-03,1.0761,1.1089,0.256
2468,128,1.651962e-03,1.0852,1.1077,0.259
2469,128,1.651662e-03,1.1233,1.1085,0.443
2470,128,1.651362e-03,1.2047,1.1133,1.258
2471,128,1.651062e-03,1.1252,1.1139,0.287
2472,128,1.650762e-03,1.0851,1.1124,0.301
2473,128,1.650461e-03,1.1076,1.1122,0.234
2474,128,1.650161e-03,1.1207,1.1126,0.555
2475,128,1.649860e-03,1.0690,1.1104,0.236
2476,128,1.649560e-03,1.0606,1.1080,0.229
2477,128,1.649259e-03,1.1315,1.1091,0.507
2478,128,1.648958e-03,1.0856,1.1080,0.405
2479,128,1.648657e-03,1.1898,1.1120,1.150
2480,128,1.648356e-03,1.1055,1.1117,0.292
2481,128,1.648055e-03,1.0855,1.1104,0.291
2482,128,1.647754e-03,1.0964,1.1097,0.281
2483,128,1.647453e-03,1.1142,1.1099,0.227
2484,128,1.647151e-03,1.1332,1.1111,0.572
2485,128,1.646850e-03,1.0800,1.1095,0.217
2486,128,1.646548e-03,1.1063,1.1094,0.190
2487,128,1.646246e-03,1.1132,1.1096,0.478
2488,128,1.645945e-03,1.1951,1.1138,1.209
2489,128,1.645643e-03,1.1226,1.1143,0.297
2490,128,1.645341e-03,1.0879,1.1130,0.306
2491,128,1.645039e-03,1.0875,1.1117,0.305
2492,128,1.644736e-03,1.0597,1.1091,0.269
2493,128,1.644434e-03,1.1200,1.1096,0.562
2494,128,1.644132e-03,1.1289,1.1106,0.476
2495,128,1.643829e-03,1.1455,1.1123,0.430
2496,128,1.643527e-03,1.0943,1.1114,0.268
2497,128,1.643224e-03,1.1684,1.1143,0.497
2498,128,1.642921e-03,1.1302,1.1151,0.359
2499,128,1.642618e-03,1.0992,1.1143,0.296
2500,128,1.642315e-03,1.1401,1.1156,0.393
2501,128,1.642012e-03,1.1006,1.1148,0.347
2502,128,1.641709e-03,1.1299,1.1156,0.294
2503,128,1.641406e-03,1.0982,1.1147,0.285
2504,128,1.641102e-03,1.1251,1.1152,0.586
2505,128,1.640799e-03,1.1135,1.1151,0.363
2506,128,1.640495e-03,1.1811,1.1184,1.056
2507,128,1.640192e-03,1.1096,1.1180,0.314
2508,128,1.639888e-03,1.1222,1.1182,0.292
2509,128,1.639584e-03,1.0840,1.1165,0.340
2510,128,1.639280e-03,1.1052,1.1159,0.253
2511,128,1.638976e-03,1.0588,1.1131,0.265
2512,128,1.638672e-03,1.0919,1.1120,0.419
2513,128,1.638368e-03,1.1357,1.1132,0.372
2514,128,1.638063e-03,1.0936,1.1122,0.485
2515,128,1.637759e-03,1.0895,1.1111,0.450
2516,128,1.637454e-03,1.1777,1.1144,0.930
2517,128,1.637149e-03,1.1287,1.1151,0.316
2518,128,1.636845e-03,1.0791,1.1133,0.326
2519,128,1.636540e-03,1.1210,1.1137,0.288
2520,128,1.636235e-03,1.1250,1.1143,0.242
2521,128,1.635930e-03,1.1076,1.1139,0.405
2522,128,1.635625e-03,1.0956,1.1130,0.341
2523,128,1.635319e-03,1.0680,1.1108,0.316
2524,128,1.635014e-03,1.0665,1.1086,0.286
2525,128,1.634709e-03,1.1923,1.1127,1.042
2526,128,1.634403e-03,1.0916,1.1117,0.302
2527,128,1.634098e-03,1.0964,1.1109,0.286
2528,128,1.633792e-03,1.1160,1.1112,0.474
2529,128,1.633486e-03,1.0749,1.1094,0.320
2530,128,1.633180e-03,1.1288,1.1103,0.332
2531,128,1.632874e-03,1.0952,1.1096,0.268
2532,128,1.632568e-03,1.1561,1.1119,0.460
2533,128,1.632262e-03,1.1180,1.1122,0.296
2534,128,1.631955e-03,1.1028,1.1117,0.327
2535,128,1.631649e-03,1.1242,1.1124,0.436
2536,128,1.631342e-03,1.1107,1.1123,0.322
2537,128,1.631036e-03,1.1155,1.1124,0.257
2538,128,1.630729e-03,1.1600,1.1148,0.796
2539,128,1.630422e-03,1.1166,1.1149,0.332
2540,128,1.630115e-03,1.1267,1.1155,0.332
2541,128,1.629808e-03,1.1201,1.1157,0.319
2542,128,1.629501e-03,1.0757,1.1137,0.297
2543,128,1.629194e-03,1.0979,1.1129,0.271
2544,128,1.628887e-03,1.1531,1.1149,1.058
2545,128,1.628580e-03,1.1381,1.1161,0.789
2546,128,1.628272e-03,1.1156,1.1161,0.266
2547,128,1.627965e-03,1.1120,1.1159,0.328
2548,128,1.627657e-03,1.1253,1.1163,0.378
2549,128,1.627349e-03,1.1033,1.1157,0.348
2550,128,1.627041e-03,1.1147,1.1156,0.307
2551,128,1.626733e-03,1.1443,1.1171,0.401
2552,128,1.626425e-03,1.0989,1.1162,0.264
2553,128,1.626117e-03,1.1216,1.1164,0.493
2554,128,1.625809e-03,1.1482,1.1180,0.718
2555,128,1.625501e-03,1.1026,1.1173,0.336
2556,128,1.625192e-03,1.1047,1.1166,0.302
2557,128,1.624884e-03,1.1210,1.1168,0.214
2558,128,1.624575e-03,1.0815,1.1151,0.304
2559,128,1.624266e-03,1.0743,1.1130,0.281
2560,128,1.623957e-03,1.1173,1.1133,0.748
2561,128,1.623649e-03,1.0921,1.1122,0.279
2562,128,1.623340e-03,1.1226,1.1127,0.338
2563,128,1.623030e-03,1.1380,1.1140,0.351
2564,128,1.622721e-03,1.1250,1.1145,0.294
2565,128,1.622412e-03,1.1738,1.1175,0.973
2566,128,1.622103e-03,1.1054,1.1169,0.324
2567,128,1.621793e-03,1.1011,1.1161,0.281
2568,128,1.621483e-03,1.1307,1.1168,0.331
2569,128,1.621174e-03,1.0721,1.1146,0.246
2570,128,1.620864e-03,1.1365,1.1157,0.618
2571,128,1.620554e-03,1.1281,1.1163,0.313
2572,128,1.620244e-03,1.1235,1.1167,0.386
2573,128,1.619934e-03,1.0638,1.1140,0.279
2574,128,1.619624e-03,1.1159,1.1141,0.294
2575,128,1.619314e-03,1.0819,1.1125,0.382
2576,128,1.619003e-03,1.0899,1.1114,0.372
2577,128,1.618693e-03,1.1671,1.1142,0.728
2578,128,1.618382e-03,1.1274,1.1148,0.326
2579,128,1.618072e-03,1.1227,1.1152,0.295
2580,128,1.617761e-03,1.1050,1.1147,0.254
2581,128,1.617450e-03,1.0773,1.1128,0.221
2582,128,1.617139e-03,1.1159,1.1130,0.664
2583,128,1.616828e-03,1.1312,1.1139,0.328
2584,128,1.616517e-03,1.1400,1.1152,0.286
2585,128,1.616206e-03,1.1349,1.1162,0.303
2586,128,1.615895e-03,1.0954,1.1152,0.260
2587,128,1.615584e-03,1.0825,1.1135,0.187
2588,128,1.615272e-03,1.1269,1.1142,0.707
2589,128,1.614960e-03,1.1101,1.1140,0.322
2590,128,1.614649e-03,1.1146,1.1140,0.295
2591,128,1.614337e-03,1.0680,1.1117,0.352
2592,128,1.614025e-03,1.1273,1.1125,0.751
2593,128,1.613713e-03,1.0844,1.1111,0.363
2594,128,1.613401e-03,1.0965,1.1104,0.342
2595,128,1.613089e-03,1.0977,1.1097,0.235
2596,128,1.612777e-03,1.1179,1.1101,0.303
2597,128,1.612465e-03,1.0659,1.1079,0.157
2598,128,1.612152e-03,1.0912,1.1071,0.335
2599,128,1.611840e-03,1.0845,1.1060,0.440
2600,128,1.611527e-03,1.1372,1.1075,0.674
2601,128,1.611214e-03,1.1333,1.1088,0.336
2602,128,1.610902e-03,1.0963,1.1082,0.300
2603,128,1.610589e-03,1.0929,1.1074,0.257
2604,128,1.610276e-03,1.0830,1.1062,0.220
2605,128,1.609963e-03,1.1050,1.1061,0.196
2606,128,1.609650e-03,1.1275,1.1072,0.348
2607,128,1.609336e-03,1.0866,1.1062,0.350
2608,128,1.609023e-03,1.1473,1.1082,0.730
2609,128,1.608710e-03,1.1271,1.1092,0.548
2610,128,1.608396e-03,1.0914,1.1083,0.296
2611,128,1.608082e-03,1.0959,1.1077,0.342
2612,128,1.607769e-03,1.1257,1.1086,0.286
2613,128,1.607455e-03,1.1121,1.1087,0.280
2614,128,1.607141e-03,1.0661,1.1066,0.216
2615,128,1.606827e-03,1.1229,1.1074,0.654
2616,128,1.606513e-03,1.1213,1.1081,0.335
2617,128,1.606199e-03,1.1301,1.1092,0.318
2618,128,1.605884e-03,1.1216,1.1098,0.353
2619,128,1.605570e-03,1.1031,1.1095,0.293
2620,128,1.605256e-03,1.1369,1.1109,0.655
2621,128,1.604941e-03,1.1101,1.1108,0.330
2622,128,1.604626e-03,1.1324,1.1119,0.235
2623,128,1.604312e-03,1.0970,1.1112,0.390
2624,128,1.603997e-03,1.0988,1.1105,0.196
2625,128,1.603682e-03,1.0446,1.1072,0.169
2626,128,1.603367e-03,1.1246,1.1081,0.308
2627,128,1.603052e-03,1.0400,1.1047,0.540
2628,128,1.602737e-03,1.0744,1.1032,0.288
2629,128,1.602421e-03,1.0999,1.1030,0.456
2630,128,1.602106e-03,1.0914,1.1024,0.357
2631,128,1.601791e-03,1.0471,1.0997,0.201
2632,128,1.601475e-03,1.0645,1.0979,0.359
2633,128,1.601159e-03,1.1310,1.0996,0.266
2634,128,1.600844e-03,1.0905,1.0991,0.219
2635,128,1.600528e-03,1.1080,1.0996,0.284
2636,128,1.600212e-03,1.1285,1.1010,0.563
2637,128,1.599896e-03,1.0991,1.1009,0.412
2638,128,1.599580e-03,1.1068,1.1012,0.386
2639,128,1.599263e-03,1.1052,1.1014,0.256
2640,128,1.598947e-03,1.0850,1.1006,0.459
2641,128,1.598631e-03,1.0407,1.0976,0.341
2642,128,1.598314e-03,1.1064,1.0980,0.357
2643,128,1.597998e-03,1.1385,1.1001,0.360
2644,128,1.597681e-03,1.1271,1.1014,0.375
2645,128,1.597364e-03,1.0960,1.1011,0.328
2646,128,1.597047e-03,1.1111,1.1016,0.223
2647,128,1.596731e-03,1.0753,1.1003,0.456
2648,128,1.596414e-03,1.1342,1.1020,0.507
2649,128,1.596096e-03,1.1073,1.1023,0.423
2650,128,1.595779e-03,1.1147,1.1029,0.367
2651,128,1.595462e-03,1.0838,1.1019,0.220
2652,128,1.595145e-03,1.0798,1.1008,0.468
2653,128,1.594827e-03,1.0586,1.0987,0.319
2654,128,1.594509e-03,1.0749,1.0975,0.292
2655,128,1.594192e-03,1.1281,1.0991,0.368
2656,128,1.593874e-03,1.0837,1.0983,0.215
2657,128,1.593556e-03,1.0945,1.0981,0.200
2658,128,1.593238e-03,1.0819,1.0973,0.473
2659,128,1.592920e-03,1.0893,1.0969,0.282
2660,128,1.592602e-03,1.1246,1.0983,0.345
2661,128,1.592284e-03,1.1170,1.0992,0.545
2662,128,1.591966e-03,1.0661,1.0976,0.205
2663,128,1.591647e-03,1.0945,1.0974,0.180
2664,128,1.591329e-03,1.1151,1.0983,0.426
2665,128,1.591010e-03,1.1036,1.0986,0.341
2666,128,1.590692e-03,1.1115,1.0992,0.465
2667,128,1.590373e-03,1.0825,1.0984,0.407
2668,128,1.590054e-03,1.1199,1.0995,0.325
2669,128,1.589735e-03,1.1335,1.1012,0.334
2670,128,1.589416e-03,1.0924,1.1007,0.450
2671,128,1.589097e-03,1.1147,1.1014,0.274
2672,128,1.588778e-03,1.0839,1.1005,0.200
2673,128,1.588459e-03,1.1117,1.1011,0.288
2674,128,1.588139e-03,1.0838,1.1002,0.275
2675,128,1.587820e-03,1.0961,1.1000,0.424
2676,128,1.587500e-03,1.0908,1.0996,0.232
2677,128,1.587181e-03,1.1295,1.1011,0.398
2678,128,1.586861e-03,1.1015,1.1011,0.419
2679,128,1.586541e-03,1.0653,1.0993,0.335
2680,128,1.586221e-03,1.1158,1.1001,0.441
2681,128,1.585901e-03,1.1040,1.1003,0.424
2682,128,1.585581e-03,1.1073,1.1007,0.227
2683,128,1.585261e-03,1.0984,1.1005,0.427
2684,128,1.584941e-03,1.0524,1.0981,0.318
2685,128,1.584620e-03,1.0408,1.0953,0.266
2686,128,1.584300e-03,1.1307,1.0970,0.351
2687,128,1.583979e-03,1.1273,1.0986,0.344
2688,128,1.583659e-03,1.0993,1.0986,0.228
2689,128,1.583338e-03,1.0760,1.0975,0.415
2690,128,1.583017e-03,1.0633,1.0958,0.320
2691,128,1.582696e-03,1.1040,1.0962,0.268
2692,128,1.582375e-03,1.1015,1.0964,0.261
2693,128,1.582054e-03,1.1186,1.0975,0.372
2694,128,1.581733e-03,1.0796,1.0966,0.183
2695,128,1.581412e-03,1.1016,1.0969,0.508
2696,128,1.581090e-03,1.0547,1.0948,0.304
2697,128,1.580769e-03,1.1080,1.0954,0.300
2698,128,1.580448e-03,1.1246,1.0969,0.270
2699,128,1.580126e-03,1.0988,1.0970,0.409
2700,128,1.579804e-03,1.0886,1.0966,0.368
2701,128,1.579482e-03,1.1115,1.0973,0.311
2702,128,1.579161e-03,1.0982,1.0974,0.229
2703,128,1.578839e-03,1.1020,1.0976,0.325
2704,128,1.578517e-03,1.1490,1.1002,0.370
2705,128,1.578194e-03,1.1193,1.1011,0.425
2706,128,1.577872e-03,1.0798,1.1001,0.312
2707,128,1.577550e-03,1.0618,1.0981,0.205
2708,128,1.577228e-03,1.0644,1.0965,0.168
2709,128,1.576905e-03,1.0918,1.0962,0.162
2710,128,1.576583e-03,1.1008,1.0965,0.381
2711,128,1.576260e-03,1.1144,1.0973,0.308
2712,128,1.575937e-03,1.1170,1.0983,0.271
2713,128,1.575614e-03,1.1009,1.0985,0.300
2714,128,1.575291e-03,1.1055,1.0988,0.200
2715,128,1.574968e-03,1.0828,1.0980,0.329
2716,128,1.574645e-03,1.0852,1.0974,0.286
2717,128,1.574322e-03,1.1699,1.1010,0.382
2718,128,1.573999e-03,1.0946,1.1007,0.184
2719,128,1.573676e-03,1.1034,1.1008,0.379
2720,128,1.573352e-03,1.1163,1.1016,0.274
2721,128,1.573029e-03,1.0828,1.1006,0.219
2722,128,1.572705e-03,1.0840,1.0998,0.198
2723,128,1.572381e-03,1.1051,1.1001,0.436
2724,128,1.572058e-03,1.0582,1.0980,0.257
2725,128,1.571734e-03,1.1235,1.0993,0.460
2726,128,1.571410e-03,1.1080,1.0997,0.294
2727,128,1.571086e-03,1.0553,1.0975,0.269
2728,128,1.570762e-03,1.1000,1.0976,0.245
2729,128,1.570437e-03,1.0791,1.0967,0.285
2730,128,1.570113e-03,1.0925,1.0965,0.295
2731,128,1.569789e-03,1.0583,1.0946,0.202
2732,128,1.569464e-03,1.1312,1.0964,0.491
2733,128,1.569140e-03,1.0507,1.0941,0.278
2734,128,1.568815e-03,1.0623,1.0925,0.256
2735,128,1.568490e-03,1.1002,1.0929,0.240
2736,128,1.568165e-03,1.1659,1.0966,0.375
2737,128,1.567840e-03,1.1193,1.0977,0.420
2738,128,1.567515e-03,1.0430,1.0950,0.301
2739,128,1.567190e-03,1.0640,1.0934,0.258
2740,128,1.566865e-03,1.0875,1.0931,0.261
2741,128,1.566540e-03,1.0778,1.0923,0.238
2742,128,1.566215e-03,1.0685,1.0912,0.183
2743,128,1.565889e-03,1.0669,1.0899,0.284
2744,128,1.565564e-03,1.0980,1.0903,0.312
2745,128,1.565238e-03,1.0443,1.0880,0.185
2746,128,1.564912e-03,1.1082,1.0890,0.215
2747,128,1.564587e-03,1.0784,1.0885,0.294
2748,128,1.564261e-03,1.1345,1.0908,0.404
2749,128,1.563935e-03,1.1182,1.0922,0.300
2750,128,1.563609e-03,1.0916,1.0922,0.235
2751,128,1.563283e-03,1.0877,1.0919,0.205
2752,128,1.562956e-03,1.1117,1.0929,0.469
2753,128,1.562630e-03,1.1143,1.0940,0.356
2754,128,1.562304e-03,1.0596,1.0923,0.239
2755,128,1.561977e-03,1.0509,1.0902,0.175
2756,128,1.561651e-03,1.1264,1.0920,0.409
2757,128,1.561324e-03,1.1120,1.0930,0.236
2758,128,1.560997e-03,1.1222,1.0945,0.340
2759,128,1.560671e-03,1.1171,1.0956,0.323
2760,128,1.560344e-03,1.1084,1.0962,0.299
2761,128,1.560017e-03,1.0629,1.0946,0.291
2762,128,1.559690e-03,1.0912,1.0944,0.252
2763,128,1.559363e-03,1.0764,1.0935,0.296
2764,128,1.559035e-03,1.1206,1.0949,0.193
2765,128,1.558708e-03,1.0704,1.0936,0.204
2766,128,1.558381e-03,1.0337,1.0906,0.197
2767,128,1.558053e-03,1.0485,1.0885,0.180
2768,128,1.557726e-03,1.1499,1.0916,0.421
2769,128,1.557398e-03,1.1175,1.0929,0.203
2770,128,1.557070e-03,1.0426,1.0904,0.216
2771,128,1.556743e-03,1.0806,1.0899,0.273
2772,128,1.556415e-03,1.0652,1.0887,0.200
2773,128,1.556087e-03,1.0702,1.0877,0.138
2774,128,1.555759e-03,1.1454,1.0906,0.488
2775,128,1.555430e-03,1.0814,1.0902,0.270
2776,128,1.555102e-03,1.0575,1.0885,0.232
2777,128,1.554774e-03,1.0830,1.0882,0.252
2778,128,1.554446e-03,1.0902,1.0883,0.277
2779,128,1.554117e-03,1.0450,1.0862,0.152
2780,128,1.553788e-03,1.0890,1.0863,0.327
2781,128,1.553460e-03,1.1648,1.0902,0.411
2782,128,1.553131e-03,1.0699,1.0892,0.183
2783,128,1.552802e-03,1.0585,1.0877,0.152
2784,128,1.552473e-03,1.0617,1.0864,0.161
2785,128,1.552144e-03,1.0525,1.0847,0.262
2786,128,1.551815e-03,1.0650,1.0837,0.165
2787,128,1.551486e-03,1.0811,1.0836,0.171
2788,128,1.551157e-03,1.0509,1.0819,0.097
2789,128,1.550828e-03,1.0557,1.0806,0.116
2790,128,1.550498e-03,1.0135,1.0773,0.093
2791,128,1.550169e-03,1.1167,1.0792,0.197
2792,128,1.549839e-03,1.0199,1.0763,0.164
2793,128,1.549509e-03,1.1012,1.0775,0.334
2794,128,1.549180e-03,1.0644,1.0769,0.158
2795,128,1.548850e-03,1.0510,1.0756,0.220
2796,128,1.548520e-03,1.0735,1.0755,0.290
2797,128,1.548190e-03,1.0862,1.0760,0.161
2798,128,1.547860e-03,1.0797,1.0762,0.137
2799,128,1.547530e-03,1.1003,1.0774,0.328
2800,128,1.547200e-03,1.0444,1.0757,0.102
2801,128,1.546869e-03,1.0656,1.0752,0.251
2802,128,1.546539e-03,1.0590,1.0744,0.161
2803,128,1.546208e-03,1.0857,1.0750,0.220
2804,128,1.545878e-03,1.0694,1.0747,0.145
2805,128,1.545547e-03,1.0685,1.0744,0.196
2806,128,1.545216e-03,1.0533,1.0733,0.109
2807,128,1.544886e-03,1.1405,1.0767,0.496
2808,128,1.544555e-03,1.0605,1.0759,0.151
2809,128,1.544224e-03,1.0477,1.0745,0.124
2810,128,1.543893e-03,1.0497,1.0732,0.128
2811,128,1.543562e-03,1.0433,1.0718,0.103
2812,128,1.543230e-03,1.0767,1.0720,0.113
2813,128,1.542899e-03,1.0726,1.0720,0.130
2814,128,1.542568e-03,1.0249,1.0697,0.082
2815,128,1.542236e-03,1.0631,1.0693,0.098
2816,128,1.541905e-03,1.1007,1.0709,0.237
2817,128,1.541573e-03,1.0588,1.0703,0.141
2818,128,1.541241e-03,1.0660,1.0701,0.114
2819,128,1.540909e-03,1.0217,1.0677,0.090
2820,128,1.540578e-03,1.0500,1.0668,0.123
2821,128,1.540246e-03,1.0508,1.0660,0.127
2822,128,1.539914e-03,1.0290,1.0641,0.086
2823,128,1.539581e-03,1.0888,1.0654,0.368
2824,128,1.539249e-03,1.1097,1.0676,0.262
2825,128,1.538917e-03,1.0564,1.0670,0.132
2826,128,1.538585e-03,1.0337,1.0654,0.125
2827,128,1.538252e-03,1.0809,1.0661,0.150
2828,128,1.537920e-03,1.0535,1.0655,0.121
2829,128,1.537587e-03,1.0186,1.0632,0.094
2830,128,1.537254e-03,1.0960,1.0648,0.145
2831,128,1.536922e-03,1.0515,1.0641,0.094
2832,128,1.536589e-03,1.0697,1.0644,0.089
2833,128,1.536256e-03,1.0476,1.0636,0.127
2834,128,1.535923e-03,1.0231,1.0616,0.095
2835,128,1.535590e-03,1.0306,1.0600,0.074
2836,128,1.535256e-03,1.0359,1.0588,0.060
2837,128,1.534923e-03,1.0609,1.0589,0.085
2838,128,1.534590e-03,1.0387,1.0579,0.082
2839,128,1.534256e-03,1.0367,1.0568,0.067
2840,128,1.533923e-03,1.0727,1.0576,0.288
2841,128,1.533589e-03,1.0597,1.0577,0.145
2842,128,1.533256e-03,1.0178,1.0557,0.104
2843,128,1.532922e-03,1.0429,1.0551,0.065
2844,128,1.532588e-03,1.0534,1.0550,0.127
2845,128,1.532254e-03,1.0442,1.0545,0.124
2846,128,1.531920e-03,1.0679,1.0551,0.079
2847,128,1.531586e-03,1.0349,1.0541,0.080
2848,128,1.531252e-03,1.0418,1.0535,0.080
2849,128,1.530918e-03,1.0855,1.0551,0.396
2850,128,1.530583e-03,1.0498,1.0548,0.116
2851,128,1.530249e-03,1.0248,1.0533,0.119
2852,128,1.529915e-03,1.0498,1.0532,0.066
2853,128,1.529580e-03,1.0192,1.0515,0.072
2854,128,1.529245e-03,1.0267,1.0502,0.070
2855,128,1.528911e-03,1.0607,1.0508,0.078
2856,128,1.528576e-03,1.0554,1.0510,0.319
2857,128,1.528241e-03,1.0708,1.0520,0.106
2858,128,1.527906e-03,1.0357,1.0512,0.100
2859,128,1.527571e-03,1.0622,1.0517,0.069
2860,128,1.527236e-03,1.0397,1.0511,0.068
2861,128,1.526901e-03,1.0455,1.0508,0.110
2862,128,1.526566e-03,1.0520,1.0509,0.066
2863,128,1.526230e-03,1.0954,1.0531,0.409
2864,128,1.525895e-03,1.0545,1.0532,0.077
2865,128,1.525559e-03,1.0426,1.0527,0.139
2866,128,1.525224e-03,1.0556,1.0528,0.078
2867,128,1.524888e-03,1.0337,1.0519,0.076
2868,128,1.524552e-03,1.0274,1.0506,0.090
2869,128,1.524217e-03,0.9954,1.0479,0.102
2870,128,1.523881e-03,1.0488,1.0479,0.102
2871,128,1.523545e-03,1.0603,1.0485,0.381
2872,128,1.523209e-03,1.0583,1.0490,0.079
2873,128,1.522873e-03,1.0544,1.0493,0.108
2874,128,1.522536e-03,1.0473,1.0492,0.086
2875,128,1.522200e-03,1.0383,1.0486,0.097
2876,128,1.521864e-03,1.0605,1.0492,0.087
2877,128,1.521527e-03,1.0252,1.0480,0.077
2878,128,1.521191e-03,1.0145,1.0464,0.079
2879,128,1.520854e-03,1.0424,1.0462,0.291
2880,128,1.520517e-03,1.0776,1.0477,0.088
2881,128,1.520181e-03,1.0188,1.0463,0.095
2882,128,1.519844e-03,1.0749,1.0477,0.074
2883,128,1.519507e-03,1.0712,1.0489,0.102
2884,128,1.519170e-03,1.0877,1.0508,0.362
2885,128,1.518833e-03,1.0618,1.0514,0.122
2886,128,1.518496e-03,1.0442,1.0510,0.130
2887,128,1.518158e-03,1.0817,1.0526,0.073
2888,128,1.517821e-03,1.0334,1.0516,0.080
2889,128,1.517484e-03,1.0493,1.0515,0.060
2890,128,1.517146e-03,1.0204,1.0499,0.062
2891,128,1.516809e-03,1.0412,1.0495,0.059
2892,128,1.516471e-03,1.0227,1.0481,0.105
2893,128,1.516133e-03,1.0872,1.0501,0.328
2894,128,1.515796e-03,1.0281,1.0490,0.076
2895,128,1.515458e-03,1.0639,1.0497,0.065
2896,128,1.515120e-03,1.0181,1.0482,0.093
2897,128,1.514782e-03,1.0322,1.0474,0.123
2898,128,1.514444e-03,1.0260,1.0463,0.098
2899,128,1.514106e-03,1.0379,1.0459,0.238
2900,128,1.513767e-03,1.0288,1.0450,0.108
2901,128,1.513429e-03,1.0356,1.0446,0.089
2902,128,1.513091e-03,1.0635,1.0455,0.075
2903,128,1.512752e-03,1.0294,1.0447,0.089
2904,128,1.512414e-03,1.0082,1.0429,0.224
2905,128,1.512075e-03,1.0325,1.0424,0.131
2906,128,1.511736e-03,1.0147,1.0410,0.104
2907,128,1.511398e-03,1.0476,1.0413,0.069
2908,128,1.511059e-03,1.0705,1.0428,0.090
2909,128,1.510720e-03,1.0233,1.0418,0.095
2910,128,1.510381e-03,1.0837,1.0439,0.379
2911,128,1.510042e-03,1.0413,1.0438,0.078
2912,128,1.509703e-03,1.0183,1.0425,0.148
2913,128,1.509363e-03,1.0370,1.0422,0.111
2914,128,1.509024e-03,1.0083,1.0405,0.105
2915,128,1.508685e-03,1.0418,1.0406,0.074
2916,128,1.508345e-03,0.9892,1.0380,0.108
2917,128,1.508006e-03,1.0281,1.0375,0.078
2918,128,1.507666e-03,1.0673,1.0390,0.274
2919,128,1.507326e-03,0.9933,1.0367,0.157
2920,128,1.506987e-03,1.0415,1.0370,0.111
2921,128,1.506647e-03,1.0137,1.0358,0.097
2922,128,1.506307e-03,1.0346,1.0357,0.288
2923,128,1.505967e-03,1.0308,1.0355,0.108
2924,128,1.505627e-03,1.0279,1.0351,0.064
2925,128,1.505287e-03,1.0519,1.0360,0.088
2926,128,1.504946e-03,1.0054,1.0344,0.134
2927,128,1.504606e-03,1.0562,1.0355,0.080
2928,128,1.504266e-03,1.1064,1.0391,0.387
2929,128,1.503925e-03,1.0503,1.0396,0.104
2930,128,1.503585e-03,1.0403,1.0397,0.082
2931,128,1.503244e-03,1.0396,1.0397,0.101
2932,128,1.502903e-03,1.0298,1.0392,0.074
2933,128,1.502563e-03,1.0412,1.0393,0.066
2934,128,1.502222e-03,1.1008,1.0423,0.341
2935,128,1.501881e-03,1.0385,1.0422,0.123
2936,128,1.501540e-03,1.0332,1.0417,0.123
2937,128,1.501199e-03,1.0536,1.0423,0.079
2938,128,1.500858e-03,1.0530,1.0428,0.091
2939,128,1.500517e-03,1.0225,1.0418,0.114
2940,128,1.500175e-03,1.0278,1.0411,0.230
2941,128,1.499834e-03,1.0435,1.0412,0.131
2942,128,1.499492e-03,1.0371,1.0410,0.109
2943,128,1.499151e-03,1.0644,1.0422,0.061
2944,128,1.498809e-03,1.0145,1.0408,0.088
2945,128,1.498468e-03,1.0751,1.0425,0.319
2946,128,1.498126e-03,1.0235,1.0416,0.097
2947,128,1.497784e-03,1.0475,1.0419,0.076
2948,128,1.497442e-03,1.0322,1.0414,0.072
2949,128,1.497100e-03,1.0343,1.0410,0.104
2950,128,1.496758e-03,1.0467,1.0413,0.096
2951,128,1.496416e-03,1.0607,1.0423,0.079
2952,128,1.496074e-03,1.1058,1.0455,0.366
2953,128,1.495732e-03,1.0498,1.0457,0.101
2954,128,1.495389e-03,1.0464,1.0457,0.125
2955,128,1.495047e-03,1.0321,1.0450,0.108
2956,128,1.494705e-03,1.0205,1.0438,0.158
2957,128,1.494362e-03,1.0564,1.0444,0.280
2958,128,1.494019e-03,1.0404,1.0442,0.098
2959,128,1.493677e-03,1.0335,1.0437,0.072
2960,128,1.493334e-03,1.0524,1.0441,0.084
2961,128,1.492991e-03,1.0378,1.0438,0.080
2962,128,1.492648e-03,1.0298,1.0431,0.098
2963,128,1.492305e-03,1.0612,1.0440,0.241
2964,128,1.491962e-03,1.0358,1.0436,0.098
2965,128,1.491619e-03,1.0117,1.0420,0.124
2966,128,1.491276e-03,1.0568,1.0428,0.083
2967,128,1.490933e-03,1.0848,1.0449,0.286
2968,128,1.490589e-03,1.0559,1.0454,0.103
2969,128,1.490246e-03,1.0380,1.0450,0.070
2970,128,1.489902e-03,1.0570,1.0456,0.081
2971,128,1.489559e-03,1.0502,1.0459,0.081
2972,128,1.489215e-03,1.0536,1.0463,0.062
2973,128,1.488871e-03,1.0487,1.0464,0.124
2974,128,1.488527e-03,1.0311,1.0456,0.160
2975,128,1.488184e-03,1.1082,1.0487,0.335
2976,128,1.487840e-03,1.0306,1.0478,0.167
2977,128,1.487496e-03,1.0041,1.0457,0.161
2978,128,1.487152e-03,1.0427,1.0455,0.126
2979,128,1.486807e-03,1.0181,1.0441,0.097
2980,128,1.486463e-03,1.0863,1.0462,0.300
2981,128,1.486119e-03,1.0331,1.0456,0.098
2982,128,1.485774e-03,1.0607,1.0463,0.122
2983,128,1.485430e-03,0.9870,1.0434,0.110
2984,128,1.485086e-03,1.0638,1.0444,0.063
2985,128,1.484741e-03,1.0787,1.0461,0.318
2986,128,1.484396e-03,1.0268,1.0452,0.104
2987,128,1.484051e-03,1.0281,1.0443,0.090
2988,128,1.483707e-03,1.0422,1.0442,0.099
2989,128,1.483362e-03,1.0347,1.0437,0.127
2990,128,1.483017e-03,1.0379,1.0434,0.066
2991,128,1.482672e-03,1.0512,1.0438,0.258
2992,128,1.482327e-03,1.0288,1.0431,0.134
2993,128,1.481982e-03,1.0068,1.0412,0.113
2994,128,1.481636e-03,1.0492,1.0416,0.238
2995,128,1.481291e-03,1.0390,1.0415,0.100
2996,128,1.480946e-03,1.0488,1.0419,0.091
2997,128,1.480600e-03,1.0015,1.0399,0.107
2998,128,1.480255e-03,1.0500,1.0404,0.066
2999,128,1.479909e-03,1.0430,1.0405,0.074
3000,128,1.479563e-03,1.0505,1.0410,0.087
3001,128,1.479218e-03,1.0275,1.0403,0.186
3002,128,1.478872e-03,1.0183,1.0392,0.156
3003,128,1.478526e-03,1.0302,1.0388,0.096
3004,128,1.478180e-03,1.0441,1.0390,0.091
3005,128,1.477834e-03,1.0176,1.0380,0.216
3006,128,1.477488e-03,1.0474,1.0384,0.088
3007,128,1.477142e-03,1.0514,1.0391,0.077
3008,128,1.476795e-03,1.0631,1.0403,0.067
3009,128,1.476449e-03,1.0397,1.0403,0.092
3010,128,1.476103e-03,1.0513,1.0408,0.257
3011,128,1.475756e-03,1.0262,1.0401,0.172
3012,128,1.475410e-03,1.0540,1.0408,0.117
3013,128,1.475063e-03,1.0343,1.0404,0.085
3014,128,1.474716e-03,1.0666,1.0418,0.088
3015,128,1.474370e-03,1.0475,1.0420,0.233
3016,128,1.474023e-03,1.0374,1.0418,0.145
3017,128,1.473676e-03,1.0331,1.0414,0.105
3018,128,1.473329e-03,1.4070,1.0597,2.981
3019,128,1.472982e-03,1.0719,1.0603,0.220
3020,128,1.472635e-03,1.0622,1.0604,0.258
3021,128,1.472288e-03,1.0463,1.0597,0.207
3022,128,1.471940e-03,1.2418,1.0688,1.694
3023,128,1.471593e-03,1.0799,1.0693,0.316
3024,128,1.471246e-03,1.0703,1.0694,0.296
3025,128,1.470898e-03,1.0160,1.0667,0.275
3026,128,1.470551e-03,1.0643,1.0666,0.199
3027,128,1.470203e-03,1.0690,1.0667,0.187
3028,128,1.469856e-03,1.3611,1.0814,2.582
3029,128,1.469508e-03,1.0560,1.0802,0.281
3030,128,1.469160e-03,1.0654,1.0794,0.281
3031,128,1.468812e-03,1.0622,1.0786,0.241
3032,128,1.468464e-03,1.1810,1.0837,1.350
3033,128,1.468116e-03,1.0587,1.0824,0.280
3034,128,1.467768e-03,1.0494,1.0808,0.263
3035,128,1.467420e-03,1.0454,1.0790,0.237
3036,128,1.467072e-03,1.0344,1.0768,0.234
3037,128,1.466724e-03,1.2985,1.0879,2.131
3038,128,1.466375e-03,1.0113,1.0840,0.253
3039,128,1.466027e-03,1.0221,1.0809,0.261
3040,128,1.465678e-03,1.0334,1.0786,0.236
3041,128,1.465330e-03,1.3024,1.0897,2.073
3042,128,1.464981e-03,1.0454,1.0875,0.265
3043,128,1.464632e-03,1.0529,1.0858,0.274
3044,128,1.464284e-03,1.0795,1.0855,0.245
3045,128,1.463935e-03,1.0312,1.0828,0.224
3046,128,1.463586e-03,1.1930,1.0883,1.334
3047,128,1.463237e-03,1.0531,1.0865,0.304
3048,128,1.462888e-03,1.0450,1.0844,0.246
3049,128,1.462539e-03,1.0640,1.0834,0.202
3050,128,1.462190e-03,1.0694,1.0827,0.252
3051,128,1.461840e-03,1.1949,1.0883,1.383
3052,128,1.461491e-03,1.1155,1.0897,1.005
3053,128,1.461142e-03,1.0674,1.0886,0.372
3054,128,1.460792e-03,1.0997,1.0891,0.331
3055,128,1.460443e-03,1.0666,1.0880,0.328
3056,128,1.460093e-03,1.0674,1.0870,0.257
3057,128,1.459743e-03,1.0654,1.0859,0.183
3058,128,1.459394e-03,1.0367,1.0834,0.237
3059,128,1.459044e-03,1.0793,1.0832,0.191
3060,128,1.458694e-03,1.0607,1.0821,0.179
3061,128,1.458344e-03,1.3747,1.0967,2.439
3062,128,1.457994e-03,1.1950,1.1016,1.265
3063,128,1.457644e-03,1.0347,1.0983,0.320
3064,128,1.457294e-03,1.1004,1.0984,0.305
3065,128,1.456944e-03,1.0537,1.0962,0.326
3066,128,1.456593e-03,1.0736,1.0950,0.289
3067,128,1.456243e-03,1.0632,1.0934,0.255
3068,128,1.455893e-03,1.0479,1.0912,0.195
3069,128,1.455542e-03,1.1801,1.0956,1.295
3070,128,1.455192e-03,1.0796,1.0948,0.260
3071,128,1.454841e-03,1.0773,1.0939,0.288
3072,128,1.454490e-03,1.1220,1.0953,0.973
3073,128,1.454140e-03,1.0559,1.0934,0.246
3074,128,1.453789e-03,1.0475,1.0911,0.370
3075,128,1.453438e-03,1.0751,1.0903,0.291
3076,128,1.453087e-03,1.0636,1.0889,0.171
3077,128,1.452736e-03,1.0346,1.0862,0.261
3078,128,1.452385e-03,1.2077,1.0923,1.602
3079,128,1.452034e-03,1.1411,1.0947,1.026
3080,128,1.451682e-03,1.0555,1.0928,0.372
3081,128,1.451331e-03,1.0863,1.0924,0.362
3082,128,1.450980e-03,1.0880,1.0922,0.348
3083,128,1.450628e-03,1.0621,1.0907,0.322
3084,128,1.450277e-03,1.0629,1.0893,0.274
3085,128,1.449925e-03,1.0424,1.0870,0.236
3086,128,1.449574e-03,1.2631,1.0958,1.860
3087,128,1.449222e-03,1.0152,1.0918,0.261
3088,128,1.448870e-03,1.1558,1.0950,1.149
3089,128,1.448519e-03,1.0552,1.0930,0.301
3090,128,1.448167e-03,1.0525,1.0910,0.340
3091,128,1.447815e-03,1.0573,1.0893,0.312
3092,128,1.447463e-03,1.0565,1.0876,0.197
3093,128,1.447111e-03,1.0451,1.0855,0.194
3094,128,1.446759e-03,1.1596,1.0892,1.181
3095,128,1.446406e-03,1.0462,1.0871,0.321
3096,128,1.446054e-03,1.0566,1.0855,0.308
3097,128,1.445702e-03,1.0462,1.0836,0.332
3098,128,1.445349e-03,1.1153,1.0852,0.970
3099,128,1.444997e-03,1.1007,1.0859,0.820
3100,128,1.444644e-03,1.0808,1.0857,0.268
3101,128,1.444292e-03,1.0874,1.0858,0.283
3102,128,1.443939e-03,1.0693,1.0849,0.372
3103,128,1.443586e-03,1.0615,1.0838,0.379
3104,128,1.443233e-03,1.0713,1.0832,0.317
3105,128,1.442881e-03,1.0785,1.0829,0.192
3106,128,1.442528e-03,1.0433,1.0809,0.176
3107,128,1.442175e-03,1.1633,1.0851,1.265
3108,128,1.441822e-03,1.1331,1.0875,0.990
3109,128,1.441468e-03,1.0803,1.0871,0.351
3110,128,1.441115e-03,1.0978,1.0876,0.343
3111,128,1.440762e-03,1.0903,1.0878,0.347
3112,128,1.440409e-03,1.0789,1.0873,0.340
3113,128,1.440055e-03,1.0404,1.0850,0.316
3114,128,1.439702e-03,1.0543,1.0834,0.174
3115,128,1.439348e-03,1.2414,1.0913,1.568
3116,128,1.438995e-03,1.1684,1.0952,1.221
3117,128,1.438641e-03,1.1276,1.0968,0.309
3118,128,1.438287e-03,1.0630,1.0951,0.377
3119,128,1.437934e-03,1.0661,1.0937,0.352
3120,128,1.437580e-03,1.0633,1.0922,0.315
3121,128,1.437226e-03,1.0659,1.0908,0.284
3122,128,1.436872e-03,1.1155,1.0921,0.863
3123,128,1.436518e-03,1.0886,1.0919,0.277
3124,128,1.436164e-03,1.1118,1.0929,0.825
3125,128,1.435810e-03,1.0740,1.0920,0.316
3126,128,1.435455e-03,1.0425,1.0895,0.317
3127,128,1.435101e-03,1.0718,1.0886,0.267
3128,128,1.434747e-03,1.0823,1.0883,0.248
3129,128,1.434392e-03,1.1641,1.0921,1.062
3130,128,1.434038e-03,1.0852,1.0917,0.253
3131,128,1.433683e-03,1.0656,1.0904,0.250
3132,128,1.433329e-03,1.0654,1.0892,0.303
3133,128,1.432974e-03,1.1463,1.0920,0.965
3134,128,1.432619e-03,1.0554,1.0902,0.335
3135,128,1.432264e-03,1.0979,1.0906,0.274
3136,128,1.431910e-03,1.0838,1.0902,0.329
3137,128,1.431555e-03,1.1465,1.0931,1.082
3138,128,1.431200e-03,1.0538,1.0911,0.368
3139,128,1.430845e-03,1.0725,1.0902,0.340
3140,128,1.430489e-03,1.0867,1.0900,0.694
3141,128,1.430134e-03,1.0616,1.0886,0.336
3142,128,1.429779e-03,1.0714,1.0877,0.321
3143,128,1.429424e-03,1.1503,1.0908,0.803
3144,128,1.429068e-03,1.0771,1.0902,0.264
3145,128,1.428713e-03,1.0477,1.0880,0.253
3146,128,1.428357e-03,1.0587,1.0866,0.233
3147,128,1.428002e-03,1.1308,1.0888,0.812
3148,128,1.427646e-03,1.0715,1.0879,0.385
3149,128,1.427290e-03,1.0759,1.0873,0.234
3150,128,1.426935e-03,1.0208,1.0840,0.349
3151,128,1.426579e-03,1.1381,1.0867,0.861
3152,128,1.426223e-03,1.0623,1.0855,0.599
3153,128,1.425867e-03,1.0989,1.0861,0.379
3154,128,1.425511e-03,1.0786,1.0858,0.303
3155,128,1.425155e-03,1.0879,1.0859,0.249
3156,128,1.424799e-03,1.0851,1.0858,0.241
3157,128,1.424443e-03,1.0697,1.0850,0.231
3158,128,1.424086e-03,1.1135,1.0864,0.827
3159,128,1.423730e-03,1.0734,1.0858,0.605
3160,128,1.423374e-03,1.0981,1.0864,0.382
3161,128,1.423017e-03,1.0764,1.0859,0.380
3162,128,1.422661e-03,1.0805,1.0856,0.331
3163,128,1.422304e-03,1.1702,1.0899,1.192
3164,128,1.421948e-03,1.0800,1.0894,0.577
3165,128,1.421591e-03,1.0965,1.0897,0.386
3166,128,1.421234e-03,1.0785,1.0892,0.356
3167,128,1.420877e-03,1.1015,1.0898,0.326
3168,128,1.420521e-03,1.0713,1.0889,0.333
3169,128,1.420164e-03,1.0858,1.0887,0.266
3170,128,1.419807e-03,1.1919,1.0939,1.439
3171,128,1.419450e-03,1.0948,1.0939,0.755
3172,128,1.419092e-03,1.0959,1.0940,0.324
3173,128,1.418735e-03,1.0782,1.0932,0.385
3174,128,1.418378e-03,1.1170,1.0944,0.316
3175,128,1.418021e-03,1.0778,1.0936,0.333
3176,128,1.417663e-03,1.0820,1.0930,0.768
3177,128,1.417306e-03,1.0658,1.0916,0.260
3178,128,1.416948e-03,1.1053,1.0923,0.960
3179,128,1.416591e-03,1.0680,1.0911,0.381
3180,128,1.416233e-03,1.0656,1.0898,0.382
3181,128,1.415876e-03,1.0592,1.0883,0.345
3182,128,1.415518e-03,1.0889,1.0883,0.282
3183,128,1.415160e-03,1.1559,1.0917,0.887
3184,128,1.414802e-03,1.1030,1.0923,0.707
3185,128,1.414444e-03,1.0662,1.0910,0.374
3186,128,1.414086e-03,1.0480,1.0888,0.389
3187,128,1.413728e-03,1.0746,1.0881,0.272
3188,128,1.413370e-03,1.0423,1.0858,0.246
3189,128,1.413012e-03,1.1047,1.0868,1.004
3190,128,1.412654e-03,1.0921,1.0870,0.601
3191,128,1.412296e-03,1.0784,1.0866,0.401
3192,128,1.411937e-03,1.0999,1.0873,0.400
3193,128,1.411579e-03,1.0996,1.0879,0.369
3194,128,1.411220e-03,1.0602,1.0865,0.330
3195,128,1.410862e-03,1.0617,1.0853,0.604
3196,128,1.410503e-03,1.0624,1.0841,0.531
3197,128,1.410145e-03,1.0734,1.0836,0.361
3198,128,1.409786e-03,1.0922,1.0840,0.253
3199,128,1.409427e-03,1.1254,1.0861,0.888
3200,128,1.409068e-03,1.0785,1.0857,0.395
3201,128,1.408709e-03,1.0928,1.0861,0.376
3202,128,1.408351e-03,1.0929,1.0864,0.339
3203,128,1.407992e-03,1.0629,1.0852,0.628
3204,128,1.407633e-03,1.0633,1.0841,0.598
3205,128,1.407273e-03,1.0688,1.0834,0.311
3206,128,1.406914e-03,1.0822,1.0833,0.371
3207,128,1.406555e-03,1.1248,1.0854,0.706
3208,128,1.406196e-03,1.0947,1.0859,0.386
3209,128,1.405836e-03,1.0390,1.0835,0.263
3210,128,1.405477e-03,1.0955,1.0841,0.218
3211,128,1.405117e-03,1.0846,1.0841,0.666
3212,128,1.404758e-03,1.0813,1.0840,0.557
3213,128,1.404398e-03,1.0570,1.0826,0.424
3214,128,1.404039e-03,1.0727,1.0821,0.394
3215,128,1.403679e-03,1.0648,1.0813,0.372
3216,128,1.403319e-03,1.1092,1.0827,1.005
3217,128,1.402959e-03,1.0407,1.0806,0.394
3218,128,1.402600e-03,1.0833,1.0807,0.539
3219,128,1.402240e-03,1.0984,1.0816,0.378
3220,128,1.401880e-03,1.0771,1.0814,0.359
3221,128,1.401519e-03,1.0717,1.0809,0.569
3222,128,1.401159e-03,1.1040,1.0820,0.360
3223,128,1.400799e-03,1.1318,1.0845,0.862
3224,128,1.400439e-03,1.0707,1.0838,0.443
3225,128,1.400079e-03,1.0706,1.0832,0.414
3226,128,1.399718e-03,1.0754,1.0828,0.388
3227,128,1.399358e-03,1.1128,1.0843,0.671
3228,128,1.398997e-03,1.0724,1.0837,0.551
3229,128,1.398637e-03,1.0920,1.0841,0.710
3230,128,1.398276e-03,1.0480,1.0823,0.423
3231,128,1.397916e-03,1.1370,1.0850,0.404
3232,128,1.397555e-03,1.0985,1.0857,0.403
3233,128,1.397194e-03,1.0556,1.0842,0.275
3234,128,1.396833e-03,1.0936,1.0847,0.214
3235,128,1.396473e-03,1.0913,1.0850,0.644
3236,128,1.396112e-03,1.0679,1.0842,0.599
3237,128,1.395751e-03,1.0734,1.0836,0.458
3238,128,1.395390e-03,1.0838,1.0836,0.452
3239,128,1.395028e-03,1.0967,1.0843,0.314
3240,128,1.394667e-03,1.0483,1.0825,0.301
3241,128,1.394306e-03,1.0814,1.0824,0.392
3242,128,1.393945e-03,1.1378,1.0852,0.912
3243,128,1.393583e-03,1.0769,1.0848,0.492
3244,128,1.393222e-03,1.1004,1.0856,0.457
3245,128,1.392861e-03,1.0833,1.0855,0.429
3246,128,1.392499e-03,1.0951,1.0859,0.439
3247,128,1.392138e-03,1.1027,1.0868,0.381
3248,128,1.391776e-03,1.0731,1.0861,0.494
3249,128,1.391414e-03,1.0504,1.0843,0.390
3250,128,1.391053e-03,1.0541,1.0828,0.313
3251,128,1.390691e-03,1.0836,1.0828,0.283
3252,128,1.390329e-03,1.1071,1.0841,0.240
3253,128,1.389967e-03,1.0875,1.0842,0.641
3254,128,1.389605e-03,1.0529,1.0827,0.389
3255,128,1.389243e-03,1.1088,1.0840,0.422
3256,128,1.388881e-03,1.1066,1.0851,0.429
3257,128,1.388519e-03,1.1026,1.0860,0.671
3258,128,1.388157e-03,1.0578,1.0846,0.437
3259,128,1.387794e-03,1.0590,1.0833,0.429
3260,128,1.387432e-03,1.0496,1.0816,0.355
3261,128,1.387070e-03,1.0892,1.0820,0.304
3262,128,1.386707e-03,1.1011,1.0829,0.438
3263,128,1.386345e-03,1.0690,1.0822,0.260
3264,128,1.385982e-03,1.1157,1.0839,0.807
3265,128,1.385620e-03,1.0508,1.0823,0.426
3266,128,1.385257e-03,1.0545,1.0809,0.290
3267,128,1.384894e-03,1.1429,1.0840,0.445
3268,128,1.384532e-03,1.0938,1.0845,0.420
3269,128,1.384169e-03,1.0914,1.0848,0.386
3270,128,1.383806e-03,1.1485,1.0880,0.902
3271,128,1.383443e-03,1.0792,1.0876,0.408
3272,128,1.383080e-03,1.1009,1.0882,0.357
3273,128,1.382717e-03,1.1026,1.0889,0.615
3274,128,1.382354e-03,1.0471,1.0868,0.443
3275,128,1.381991e-03,1.0957,1.0873,0.396
3276,128,1.381628e-03,1.0750,1.0867,0.383
3277,128,1.381265e-03,1.1253,1.0886,0.807
3278,128,1.380901e-03,1.0871,1.0885,0.381
3279,128,1.380538e-03,1.0779,1.0880,0.373
3280,128,1.380174e-03,1.0741,1.0873,0.479
3281,128,1.379811e-03,1.0416,1.0850,0.619
3282,128,1.379447e-03,1.0995,1.0857,0.391
3283,128,1.379084e-03,1.0900,1.0860,0.417
3284,128,1.378720e-03,1.0431,1.0838,0.425
3285,128,1.378357e-03,1.0570,1.0825,0.508
3286,128,1.377993e-03,1.0819,1.0824,0.707
3287,128,1.377629e-03,1.0723,1.0819,0.370
3288,128,1.377265e-03,1.1172,1.0837,0.412
3289,128,1.376901e-03,1.1235,1.0857,0.428
3290,128,1.376537e-03,1.0735,1.0851,0.396
3291,128,1.376173e-03,1.1237,1.0870,0.707
3292,128,1.375809e-03,1.0881,1.0871,0.596
3293,128,1.375445e-03,1.0802,1.0867,0.451
3294,128,1.375081e-03,1.0622,1.0855,0.414
3295,128,1.374717e-03,1.0756,1.0850,0.400
3296,128,1.374353e-03,1.0675,1.0841,0.384
3297,128,1.373988e-03,1.0911,1.0845,0.398
3298,128,1.373624e-03,1.1077,1.0856,0.345
3299,128,1.373259e-03,1.0747,1.0851,0.473
3300,128,1.372895e-03,1.0555,1.0836,0.405
3301,128,1.372530e-03,1.0852,1.0837,0.407
3302,128,1.372166e-03,1.0738,1.0832,0.635
3303,128,1.371801e-03,1.0746,1.0828,0.309
3304,128,1.371436e-03,1.0652,1.0819,0.438
3305,128,1.371072e-03,1.0895,1.0823,0.401
3306,128,1.370707e-03,1.0668,1.0815,0.513
3307,128,1.370342e-03,1.0419,1.0795,0.406
3308,128,1.369977e-03,1.0816,1.0796,0.631
3309,128,1.369612e-03,1.0994,1.0806,0.451
3310,128,1.369247e-03,1.1019,1.0817,0.423
3311,128,1.368882e-03,1.0375,1.0795,0.314
3312,128,1.368517e-03,1.0752,1.0793,0.323
3313,128,1.368152e-03,1.0473,1.0777,0.577
3314,128,1.367786e-03,1.0237,1.0750,0.296
3315,128,1.367421e-03,1.0683,1.0746,0.470
3316,128,1.367056e-03,1.0921,1.0755,0.443
3317,128,1.366690e-03,1.0595,1.0747,0.433
3318,128,1.366325e-03,1.0929,1.0756,0.632
3319,128,1.365959e-03,1.1025,1.0770,0.439
3320,128,1.365594e-03,1.0847,1.0773,0.453
3321,128,1.365228e-03,1.0460,1.0758,0.336
3322,128,1.364862e-03,1.0747,1.0757,0.540
3323,128,1.364497e-03,1.0401,1.0739,0.234
3324,128,1.364131e-03,1.1083,1.0757,0.433
3325,128,1.363765e-03,1.0903,1.0764,0.429
3326,128,1.363399e-03,1.0582,1.0755,0.657
3327,128,1.363033e-03,1.0879,1.0761,0.464
3328,128,1.362667e-03,1.1288,1.0787,0.465
3329,128,1.362301e-03,1.0622,1.0779,0.364
3330,128,1.361935e-03,1.1035,1.0792,0.442
3331,128,1.361569e-03,1.0869,1.0796,0.337
3332,128,1.361203e-03,1.0944,1.0803,0.560
3333,128,1.360837e-03,1.0574,1.0792,0.293
3334,128,1.360470e-03,1.0862,1.0795,0.488
3335,128,1.360104e-03,1.1024,1.0807,0.328
3336,128,1.359738e-03,1.0971,1.0815,0.453
3337,128,1.359371e-03,1.0643,1.0806,0.518
3338,128,1.359005e-03,1.0619,1.0797,0.499
3339,128,1.358638e-03,1.1085,1.0811,0.464
3340,128,1.358272e-03,1.0787,1.0810,0.447
3341,128,1.357905e-03,1.0715,1.0805,0.398
3342,128,1.357538e-03,1.0717,1.0801,0.499
3343,128,1.357171e-03,1.0532,1.0787,0.413
3344,128,1.356805e-03,1.0429,1.0770,0.561
3345,128,1.356438e-03,1.0234,1.0743,0.240
3346,128,1.356071e-03,1.1107,1.0761,0.463
3347,128,1.355704e-03,1.0718,1.0759,0.471
3348,128,1.355337e-03,1.0840,1.0763,0.307
3349,128,1.354970e-03,1.0891,1.0769,0.287
3350,128,1.354603e-03,1.0779,1.0770,0.723
3351,128,1.354236e-03,1.0679,1.0765,0.420
3352,128,1.353868e-03,1.0722,1.0763,0.323
3353,128,1.353501e-03,1.0188,1.0734,0.237
3354,128,1.353134e-03,1.1087,1.0752,0.460
3355,128,1.352766e-03,1.0917,1.0760,0.438
3356,128,1.352399e-03,1.0878,1.0766,0.408
3357,128,1.352032e-03,1.1617,1.0809,0.772
3358,128,1.351664e-03,1.0681,1.0802,0.337
3359,128,1.351296e-03,1.0389,1.0782,0.252
3360,128,1.350929e-03,1.0825,1.0784,0.471
3361,128,1.350561e-03,1.0640,1.0777,0.469
3362,128,1.350193e-03,1.1000,1.0788,0.686
3363,128,1.349826e-03,1.0592,1.0778,0.343
3364,128,1.349458e-03,1.0930,1.0786,0.417
3365,128,1.349090e-03,1.0767,1.0785,0.421
3366,128,1.348722e-03,1.0770,1.0784,0.580
3367,128,1.348354e-03,1.0428,1.0766,0.466
3368,128,1.347986e-03,1.1173,1.0787,0.432
3369,128,1.347618e-03,1.0920,1.0793,0.429
3370,128,1.347250e-03,1.1008,1.0804,0.381
3371,128,1.346882e-03,1.0263,1.0777,0.277
3372,128,1.346514e-03,1.0613,1.0769,0.248
3373,128,1.346145e-03,1.0274,1.0744,0.197
3374,128,1.345777e-03,1.1175,1.0766,0.480
3375,128,1.345409e-03,1.0800,1.0767,0.463
3376,128,1.345040e-03,1.0735,1.0766,0.506
3377,128,1.344672e-03,1.0501,1.0752,0.467
3378,128,1.344303e-03,1.0884,1.0759,0.473
3379,128,1.343935e-03,1.0365,1.0739,0.237
3380,128,1.343566e-03,1.0412,1.0723,0.226
3381,128,1.343197e-03,1.0904,1.0732,0.454
3382,128,1.342829e-03,1.0307,1.0711,0.398
3383,128,1.342460e-03,1.0284,1.0689,0.203
3384,128,1.342091e-03,1.0697,1.0690,0.464
3385,128,1.341722e-03,1.0788,1.0695,0.351
3386,128,1.341353e-03,1.0808,1.0700,0.610
3387,128,1.340985e-03,0.9966,1.0664,0.246
3388,128,1.340616e-03,1.0017,1.0631,0.217
3389,128,1.340247e-03,1.0144,1.0607,0.170
3390,128,1.339877e-03,1.1000,1.0627,0.475
3391,128,1.339508e-03,1.0146,1.0603,0.196
3392,128,1.339139e-03,1.0473,1.0596,0.212
3393,128,1.338770e-03,1.0790,1.0606,0.375
3394,128,1.338401e-03,1.0844,1.0618,0.488
3395,128,1.338031e-03,1.0487,1.0611,0.421
3396,128,1.337662e-03,1.0777,1.0619,0.337
3397,128,1.337292e-03,1.0391,1.0608,0.257
3398,128,1.336923e-03,0.9952,1.0575,0.161
3399,128,1.336553e-03,1.0916,1.0592,0.502
3400,128,1.336184e-03,1.0904,1.0608,0.478
3401,128,1.335814e-03,1.1232,1.0639,0.675
3402,128,1.335445e-03,1.0301,1.0622,0.456
3403,128,1.335075e-03,1.0363,1.0609,0.198
3404,128,1.334705e-03,1.0970,1.0627,0.508
3405,128,1.334335e-03,1.0894,1.0641,0.455
3406,128,1.333965e-03,1.0616,1.0639,0.285
3407,128,1.333596e-03,1.0947,1.0655,0.370
3408,128,1.333226e-03,1.0495,1.0647,0.256
3409,128,1.332856e-03,1.0601,1.0644,0.422
3410,128,1.332486e-03,1.0772,1.0651,0.431
3411,128,1.332115e-03,1.1149,1.0676,0.487
3412,128,1.331745e-03,1.0673,1.0676,0.464
3413,128,1.331375e-03,1.0668,1.0675,0.501
3414,128,1.331005e-03,1.0414,1.0662,0.277
3415,128,1.330635e-03,1.0376,1.0648,0.244
3416,128,1.330264e-03,1.0343,1.0633,0.239
3417,128,1.329894e-03,1.0678,1.0635,0.241
3418,128,1.329524e-03,1.0574,1.0632,0.383
3419,128,1.329153e-03,1.1134,1.0657,0.482
3420,128,1.328783e-03,1.0921,1.0670,0.447
3421,128,1.328412e-03,1.0684,1.0671,0.323
3422,128,1.328041e-03,1.1227,1.0699,0.670
3423,128,1.327671e-03,1.0445,1.0686,0.271
3424,128,1.327300e-03,1.0412,1.0672,0.157
3425,128,1.326929e-03,1.0930,1.0685,0.494
3426,128,1.326559e-03,1.0949,1.0698,0.435
3427,128,1.326188e-03,1.0465,1.0687,0.298
3428,128,1.325817e-03,1.0393,1.0672,0.304
3429,128,1.325446e-03,1.0271,1.0652,0.306
3430,128,1.325075e-03,1.0350,1.0637,0.498
3431,128,1.324704e-03,1.0718,1.0641,0.415
3432,128,1.324333e-03,1.1197,1.0669,0.543
3433,128,1.323962e-03,1.1160,1.0693,0.492
3434,128,1.323591e-03,1.1026,1.0710,0.440
3435,128,1.323219e-03,1.0943,1.0722,0.386
3436,128,1.322848e-03,1.0618,1.0716,0.366
3437,128,1.322477e-03,1.0985,1.0730,0.593
3438,128,1.322105e-03,1.0793,1.0733,0.466
3439,128,1.321734e-03,1.0610,1.0727,0.205
3440,128,1.321363e-03,1.0625,1.0722,0.183
3441,128,1.320991e-03,1.0534,1.0712,0.167
3442,128,1.320620e-03,1.1068,1.0730,0.522
3443,128,1.320248e-03,1.0950,1.0741,0.489
3444,128,1.319877e-03,1.0361,1.0722,0.174
3445,128,1.319505e-03,1.0452,1.0709,0.427
3446,128,1.319133e-03,1.0640,1.0705,0.395
3447,128,1.318761e-03,1.0930,1.0716,0.511
3448,128,1.318390e-03,1.0132,1.0687,0.190
3449,128,1.318018e-03,1.0604,1.0683,0.226
3450,128,1.317646e-03,1.0781,1.0688,0.474
3451,128,1.317274e-03,1.0499,1.0679,0.254
3452,128,1.316902e-03,1.0361,1.0663,0.420
3453,128,1.316530e-03,1.0168,1.0638,0.152
3454,128,1.316158e-03,1.0769,1.0644,0.494
3455,128,1.315786e-03,1.0587,1.0642,0.407
3456,128,1.315414e-03,1.0188,1.0619,0.429
3457,128,1.315042e-03,1.0252,1.0601,0.231
3458,128,1.314669e-03,1.0095,1.0575,0.168
3459,128,1.314297e-03,1.0261,1.0560,0.176
3460,128,1.313925e-03,1.0182,1.0541,0.152
3461,128,1.313552e-03,1.0310,1.0529,0.142
3462,128,1.313180e-03,1.1147,1.0560,0.417
3463,128,1.312808e-03,1.0692,1.0567,0.480
3464,128,1.312435e-03,1.0840,1.0580,0.450
3465,128,1.312062e-03,1.0502,1.0576,0.206
3466,128,1.311690e-03,1.0448,1.0570,0.174
3467,128,1.311317e-03,1.0139,1.0548,0.152
3468,128,1.310945e-03,1.0914,1.0567,0.532
3469,128,1.310572e-03,1.0681,1.0572,0.404
3470,128,1.310199e-03,1.0713,1.0579,0.416
3471,128,1.309826e-03,1.0315,1.0566,0.123
3472,128,1.309453e-03,1.1254,1.0601,0.543
3473,128,1.309081e-03,1.0352,1.0588,0.168
3474,128,1.308708e-03,1.0265,1.0572,0.154
3475,128,1.308335e-03,1.0289,1.0558,0.136
3476,128,1.307962e-03,1.0103,1.0535,0.146
3477,128,1.307589e-03,1.0779,1.0547,0.416
3478,128,1.307216e-03,1.0408,1.0540,0.334
3479,128,1.306842e-03,1.0762,1.0551,0.373
3480,128,1.306469e-03,1.0941,1.0571,0.535
3481,128,1.306096e-03,1.0661,1.0575,0.160
3482,128,1.305723e-03,1.0288,1.0561,0.175
3483,128,1.305349e-03,1.0225,1.0544,0.119
3484,128,1.304976e-03,1.0239,1.0529,0.323
3485,128,1.304603e-03,1.0954,1.0550,0.527
3486,128,1.304229e-03,1.0562,1.0551,0.329
3487,128,1.303856e-03,1.0167,1.0532,0.114
3488,128,1.303482e-03,1.0648,1.0537,0.172
3489,128,1.303109e-03,1.1169,1.0569,0.536
3490,128,1.302735e-03,1.0495,1.0565,0.143
3491,128,1.302361e-03,1.0329,1.0554,0.345
3492,128,1.301988e-03,1.0298,1.0541,0.309
3493,128,1.301614e-03,1.0309,1.0529,0.110
3494,128,1.301240e-03,1.0960,1.0551,0.520
3495,128,1.300866e-03,1.0493,1.0548,0.159
3496,128,1.300492e-03,1.0347,1.0538,0.353
3497,128,1.300119e-03,0.9888,1.0505,0.080
3498,128,1.299745e-03,1.1101,1.0535,0.549
3499,128,1.299371e-03,1.0658,1.0541,0.388
3500,128,1.298997e-03,0.9839,1.0506,0.157
3501,128,1.298623e-03,1.0381,1.0500,0.205
3502,128,1.298248e-03,1.0424,1.0496,0.306
3503,128,1.297874e-03,1.0951,1.0519,0.556
3504,128,1.297500e-03,1.0356,1.0511,0.155
3505,128,1.297126e-03,1.0098,1.0490,0.130
3506,128,1.296752e-03,1.0445,1.0488,0.252
3507,128,1.296377e-03,1.0078,1.0467,0.198
3508,128,1.296003e-03,1.1296,1.0509,0.535
3509,128,1.295628e-03,0.9941,1.0480,0.130
3510,128,1.295254e-03,0.9885,1.0451,0.115
3511,128,1.294880e-03,1.0362,1.0446,0.290
3512,128,1.294505e-03,1.0389,1.0443,0.110
3513,128,1.294130e-03,1.0334,1.0438,0.137
3514,128,1.293756e-03,1.0143,1.0423,0.123
3515,128,1.293381e-03,1.1182,1.0461,0.453
3516,128,1.293007e-03,1.0423,1.0459,0.359
3517,128,1.292632e-03,1.0012,1.0437,0.118
3518,128,1.292257e-03,1.0353,1.0433,0.105
3519,128,1.291882e-03,1.1119,1.0467,0.515
3520,128,1.291507e-03,1.0856,1.0486,0.465
3521,128,1.291133e-03,1.0486,1.0486,0.315
3522,128,1.290758e-03,1.0193,1.0472,0.127
3523,128,1.290383e-03,1.1207,1.0508,0.556
3524,128,1.290008e-03,1.0242,1.0495,0.139
3525,128,1.289633e-03,1.0033,1.0472,0.092
3526,128,1.289258e-03,1.0180,1.0457,0.121
3527,128,1.288882e-03,1.0141,1.0442,0.137
3528,128,1.288507e-03,1.0376,1.0438,0.358
3529,128,1.288132e-03,1.0505,1.0442,0.243
3530,128,1.287757e-03,1.1367,1.0488,0.561
3531,128,1.287381e-03,1.1051,1.0516,0.541
3532,128,1.287006e-03,1.0934,1.0537,0.270
3533,128,1.286631e-03,1.0377,1.0529,0.371
3534,128,1.286255e-03,1.0187,1.0512,0.140
3535,128,1.285880e-03,0.9897,1.0481,0.120
3536,128,1.285504e-03,1.0356,1.0475,0.285
3537,128,1.285129e-03,1.0251,1.0464,0.082
3538,128,1.284753e-03,1.0118,1.0446,0.081
3539,128,1.284378e-03,1.0409,1.0444,0.209
3540,128,1.284002e-03,1.0895,1.0467,0.608
3541,128,1.283626e-03,1.0439,1.0466,0.130
3542,128,1.283251e-03,1.0195,1.0452,0.106
3543,128,1.282875e-03,1.0514,1.0455,0.338
3544,128,1.282499e-03,1.0335,1.0449,0.233
3545,128,1.282123e-03,1.0422,1.0448,0.116
3546,128,1.281748e-03,1.1048,1.0478,0.586
3547,128,1.281372e-03,1.0667,1.0487,0.134
3548,128,1.280996e-03,1.0455,1.0486,0.109
3549,128,1.280620e-03,1.0487,1.0486,0.114
3550,128,1.280244e-03,1.0474,1.0485,0.279
3551,128,1.279868e-03,1.0350,1.0478,0.220
3552,128,1.279491e-03,1.0297,1.0469,0.165
3553,128,1.279115e-03,1.1136,1.0503,0.597
3554,128,1.278739e-03,1.0320,1.0493,0.094
3555,128,1.278363e-03,1.0106,1.0474,0.067
3556,128,1.277987e-03,1.0412,1.0471,0.120
3557,128,1.277610e-03,1.0427,1.0469,0.313
3558,128,1.277234e-03,1.0442,1.0467,0.271
3559,128,1.276858e-03,0.9858,1.0437,0.133
3560,128,1.276481e-03,1.0260,1.0428,0.113
3561,128,1.276105e-03,1.1146,1.0464,0.574
3562,128,1.275728e-03,1.0108,1.0446,0.095
3563,128,1.275352e-03,1.0222,1.0435,0.125
3564,128,1.274975e-03,1.0380,1.0432,0.313
3565,128,1.274599e-03,1.0314,1.0426,0.236
3566,128,1.274222e-03,1.0082,1.0409,0.117
3567,128,1.273845e-03,1.0195,1.0398,0.113
3568,128,1.273469e-03,0.9913,1.0374,0.077
3569,128,1.273092e-03,1.0109,1.0361,0.073
3570,128,1.272715e-03,1.0438,1.0365,0.268
3571,128,1.272338e-03,1.0266,1.0360,0.171
3572,128,1.271962e-03,1.1339,1.0409,0.593
3573,128,1.271585e-03,1.1058,1.0441,0.545
3574,128,1.271208e-03,1.0146,1.0426,0.205
3575,128,1.270831e-03,1.0254,1.0418,0.326
3576,128,1.270454e-03,1.0413,1.0418,0.359
3577,128,1.270077e-03,1.0214,1.0407,0.123
3578,128,1.269700e-03,1.0171,1.0396,0.114
3579,128,1.269323e-03,1.0078,1.0380,0.099
3580,128,1.268945e-03,1.0063,1.0364,0.084
3581,128,1.268568e-03,1.0171,1.0354,0.063
3582,128,1.268191e-03,1.0369,1.0355,0.196
3583,128,1.267814e-03,1.0632,1.0369,0.192
3584,128,1.267436e-03,1.0340,1.0367,0.123
3585,128,1.267059e-03,1.0321,1.0365,0.110
3586,128,1.266682e-03,1.1478,1.0421,0.615
3587,128,1.266304e-03,1.0410,1.0420,0.098
3588,128,1.265927e-03,1.0511,1.0425,0.277
3589,128,1.265549e-03,1.0199,1.0413,0.088
3590,128,1.265172e-03,1.0027,1.0394,0.102
3591,128,1.264794e-03,1.0173,1.0383,0.249
3592,128,1.264417e-03,1.0149,1.0371,0.104
3593,128,1.264039e-03,1.0337,1.0370,0.086
3594,128,1.263662e-03,1.0322,1.0367,0.081
3595,128,1.263284e-03,1.0409,1.0369,0.197
3596,128,1.262906e-03,0.9779,1.0340,0.111
3597,128,1.262528e-03,1.0051,1.0325,0.156
3598,128,1.262151e-03,1.1551,1.0387,0.630
3599,128,1.261773e-03,1.0138,1.0374,0.090
3600,128,1.261395e-03,1.0246,1.0368,0.274
3601,128,1.261017e-03,1.0259,1.0362,0.239
3602,128,1.260639e-03,1.0042,1.0346,0.127
3603,128,1.260261e-03,0.9911,1.0325,0.095
3604,128,1.259883e-03,1.0268,1.0322,0.079
3605,128,1.259505e-03,0.9857,1.0298,0.093
3606,128,1.259127e-03,0.9968,1.0282,0.226
3607,128,1.258749e-03,1.0126,1.0274,0.136
3608,128,1.258371e-03,1.0110,1.0266,0.070
3609,128,1.257993e-03,1.0271,1.0266,0.080
3610,128,1.257614e-03,1.0006,1.0253,0.104
3611,128,1.257236e-03,1.0137,1.0247,0.080
3612,128,1.256858e-03,1.0366,1.0253,0.068
3613,128,1.256479e-03,0.9927,1.0237,0.201
3614,128,1.256101e-03,1.0093,1.0230,0.155
3615,128,1.255723e-03,1.0020,1.0219,0.082
3616,128,1.255344e-03,1.0264,1.0222,0.121
3617,128,1.254966e-03,1.0223,1.0222,0.133
3618,128,1.254587e-03,0.9985,1.0210,0.115
3619,128,1.254209e-03,1.0366,1.0218,0.058
3620,128,1.253830e-03,0.9879,1.0201,0.093
3621,128,1.253452e-03,1.0221,1.0202,0.244
3622,128,1.253073e-03,1.0685,1.0226,0.219
3623,128,1.252694e-03,1.0238,1.0227,0.092
3624,128,1.252316e-03,1.0186,1.0224,0.084
3625,128,1.251937e-03,1.0048,1.0216,0.085
3626,128,1.251558e-03,0.9884,1.0199,0.131
3627,128,1.251179e-03,1.0051,1.0192,0.138
3628,128,1.250801e-03,1.0291,1.0197,0.176
3629,128,1.250422e-03,1.0201,1.0197,0.110
3630,128,1.250043e-03,1.0169,1.0195,0.084
3631,128,1.249664e-03,1.0151,1.0193,0.077
3632,128,1.249285e-03,1.0598,1.0214,0.206
3633,128,1.248906e-03,1.0153,1.0211,0.132
3634,128,1.248527e-03,1.0196,1.0210,0.102
3635,128,1.248148e-03,1.0449,1.0222,0.094
3636,128,1.247769e-03,1.0280,1.0225,0.100
3637,128,1.247390e-03,1.0322,1.0230,0.080
3638,128,1.247011e-03,1.0431,1.0240,0.223
3639,128,1.246631e-03,1.0188,1.0237,0.213
3640,128,1.246252e-03,1.0167,1.0234,0.108
3641,128,1.245873e-03,1.0110,1.0227,0.087
3642,128,1.245494e-03,1.0262,1.0229,0.109
3643,128,1.245114e-03,1.0143,1.0225,0.081
3644,128,1.244735e-03,1.0194,1.0223,0.176
3645,128,1.244356e-03,1.0134,1.0219,0.172
3646,128,1.243976e-03,1.0133,1.0214,0.110
3647,128,1.243597e-03,1.0328,1.0220,0.080
3648,128,1.243217e-03,0.9990,1.0209,0.142
3649,128,1.242838e-03,1.0233,1.0210,0.153
3650,128,1.242458e-03,1.0063,1.0202,0.096
3651,128,1.242079e-03,1.0487,1.0217,0.193
3652,128,1.241699e-03,1.0290,1.0220,0.102
3653,128,1.241319e-03,1.0574,1.0238,0.089
3654,128,1.240940e-03,1.0422,1.0247,0.128
3655,128,1.240560e-03,1.0287,1.0249,0.127
3656,128,1.240180e-03,1.0523,1.0263,0.109
3657,128,1.239800e-03,0.9918,1.0246,0.115
3658,128,1.239421e-03,1.0240,1.0245,0.091
3659,128,1.239041e-03,1.0128,1.0240,0.163
3660,128,1.238661e-03,0.9939,1.0224,0.130
3661,128,1.238281e-03,0.9899,1.0208,0.149
3662,128,1.237901e-03,0.9881,1.0192,0.090
3663,128,1.237521e-03,0.9900,1.0177,0.139
3664,128,1.237141e-03,1.0359,1.0186,0.103
3665,128,1.236761e-03,1.0075,1.0181,0.089
3666,128,1.236381e-03,1.0355,1.0189,0.073
3667,128,1.236001e-03,0.9790,1.0169,0.166
3668,128,1.235621e-03,1.0008,1.0161,0.182
3669,128,1.235241e-03,0.9998,1.0153,0.153
3670,128,1.234861e-03,1.0319,1.0161,0.170
3671,128,1.234480e-03,1.0207,1.0164,0.148
3672,128,1.234100e-03,0.9902,1.0151,0.109
3673,128,1.233720e-03,0.9985,1.0142,0.172
3674,128,1.233340e-03,1.0249,1.0148,0.086
3675,128,1.232959e-03,1.0123,1.0146,0.102
3676,128,1.232579e-03,1.0324,1.0155,0.188
3677,128,1.232199e-03,0.9893,1.0142,0.139
3678,128,1.231818e-03,1.0065,1.0138,0.107
3679,128,1.231438e-03,1.0049,1.0134,0.111
3680,128,1.231057e-03,1.0162,1.0135,0.079
3681,128,1.230677e-03,0.9846,1.0121,0.113
3682,128,1.230296e-03,0.9939,1.0112,0.177
3683,128,1.229916e-03,1.0516,1.0132,0.195
3684,128,1.229535e-03,1.0395,1.0145,0.092
3685,128,1.229154e-03,1.0353,1.0156,0.076
3686,128,1.228774e-03,1.0360,1.0166,0.184
3687,128,1.228393e-03,1.0340,1.0175,0.106
3688,128,1.228012e-03,1.0155,1.0174,0.112
3689,128,1.227632e-03,1.0328,1.0181,0.080
3690,128,1.227251e-03,1.0216,1.0183,0.158
3691,128,1.226870e-03,1.0325,1.0190,0.119
3692,128,1.226489e-03,1.0206,1.0191,0.119
3693,128,1.226108e-03,1.0139,1.0188,0.120
3694,128,1.225727e-03,1.0171,1.0187,0.077
3695,128,1.225346e-03,1.0279,1.0192,0.186
3696,128,1.224965e-03,1.0361,1.0200,0.093
3697,128,1.224584e-03,1.0121,1.0196,0.118
3698,128,1.224203e-03,0.9830,1.0178,0.128
3699,128,1.223822e-03,0.9751,1.0157,0.102
3700,128,1.223441e-03,1.0170,1.0157,0.114
3701,128,1.223060e-03,1.0322,1.0166,0.094
3702,128,1.222679e-03,1.0051,1.0160,0.119
3703,128,1.222298e-03,1.0155,1.0160,0.086
3704,128,1.221917e-03,0.9845,1.0144,0.145
3705,128,1.221536e-03,1.0159,1.0145,0.098
3706,128,1.221154e-03,1.0193,1.0147,0.130
3707,128,1.220773e-03,1.0498,1.0165,0.188
3708,128,1.220392e-03,1.0159,1.0164,0.092
3709,128,1.220010e-03,1.0212,1.0167,0.107
3710,128,1.219629e-03,1.0586,1.0188,0.082
3711,128,1.219248e-03,0.9934,1.0175,0.105
3712,128,1.218866e-03,1.0211,1.0177,0.148
3713,128,1.218485e-03,1.0283,1.0182,0.139
3714,128,1.218103e-03,1.0198,1.0183,0.121
3715,128,1.217722e-03,1.0271,1.0187,0.139
3716,128,1.217340e-03,1.0149,1.0185,0.123
3717,128,1.216959e-03,0.9895,1.0171,0.090
3718,128,1.216577e-03,1.0203,1.0173,0.081
3719,128,1.216196e-03,1.0374,1.0183,0.207
3720,128,1.215814e-03,0.9872,1.0167,0.103
3721,128,1.215432e-03,0.9958,1.0157,0.077
3722,128,1.215051e-03,1.0279,1.0163,0.129
3723,128,1.214669e-03,1.0147,1.0162,0.103
3724,128,1.214287e-03,0.9990,1.0153,0.098
3725,128,1.213905e-03,0.9992,1.0145,0.137
3726,128,1.213524e-03,1.0353,1.0156,0.144
3727,128,1.213142e-03,1.1507,1.0223,1.133
3728,128,1.212760e-03,1.0627,1.0243,0.219
3729,128,1.212378e-03,1.0133,1.0238,0.276
3730,128,1.211996e-03,1.0321,1.0242,0.237
3731,128,1.211614e-03,1.0083,1.0234,0.224
3732,128,1.211232e-03,1.0177,1.0231,0.089
3733,128,1.210850e-03,1.0231,1.0231,0.083
3734,128,1.210468e-03,1.0316,1.0235,0.098
3735,128,1.210086e-03,1.1847,1.0316,1.288
3736,128,1.209704e-03,1.0425,1.0321,0.209
3737,128,1.209322e-03,1.0465,1.0329,0.205
3738,128,1.208940e-03,1.0307,1.0328,0.197
3739,128,1.208558e-03,1.0355,1.0329,0.197
3740,128,1.208176e-03,1.0087,1.0317,0.165
3741,128,1.207793e-03,1.0377,1.0320,0.149
3742,128,1.207411e-03,1.1492,1.0378,1.097
3743,128,1.207029e-03,1.0225,1.0371,0.187
3744,128,1.206647e-03,1.0441,1.0374,0.148
3745,128,1.206264e-03,1.0268,1.0369,0.170
3746,128,1.205882e-03,1.0439,1.0372,0.172
3747,128,1.205500e-03,1.0271,1.0367,0.179
3748,128,1.205117e-03,1.2289,1.0463,1.449
3749,128,1.204735e-03,1.0621,1.0471,0.197
3750,128,1.204352e-03,1.0558,1.0476,0.200
3751,128,1.203970e-03,1.0259,1.0465,0.193
3752,128,1.203587e-03,1.0267,1.0455,0.173
3753,128,1.203205e-03,1.0914,1.0478,0.746
3754,128,1.202822e-03,1.0719,1.0490,0.653
3755,128,1.202440e-03,1.0273,1.0479,0.286
3756,128,1.202057e-03,1.0365,1.0473,0.141
3757,128,1.201675e-03,1.0363,1.0468,0.149
3758,128,1.201292e-03,1.0368,1.0463,0.118
3759,128,1.200909e-03,1.0286,1.0454,0.111
3760,128,1.200527e-03,1.0142,1.0438,0.089
3761,128,1.200144e-03,1.0088,1.0421,0.216
3762,128,1.199761e-03,1.0231,1.0411,0.083
3763,128,1.199378e-03,1.0255,1.0404,0.102
3764,128,1.198996e-03,1.0247,1.0396,0.130
3765,128,1.198613e-03,1.1733,1.0463,1.102
3766,128,1.198230e-03,1.0471,1.0463,0.183
3767,128,1.197847e-03,1.0321,1.0456,0.093
3768,128,1.197464e-03,1.0134,1.0440,0.080
3769,128,1.197081e-03,1.0078,1.0422,0.211
3770,128,1.196698e-03,1.0036,1.0402,0.102
3771,128,1.196315e-03,0.9968,1.0381,0.081
3772,128,1.195932e-03,1.0031,1.0363,0.066
3773,128,1.195549e-03,1.1060,1.0398,0.865
3774,128,1.195166e-03,1.0387,1.0398,0.233
3775,128,1.194783e-03,1.0201,1.0388,0.252
3776,128,1.194400e-03,1.0254,1.0381,0.238
3777,128,1.194017e-03,1.0047,1.0364,0.252
3778,128,1.193634e-03,1.1364,1.0414,1.264
3779,128,1.193251e-03,1.0422,1.0415,0.212
3780,128,1.192868e-03,1.0356,1.0412,0.189
3781,128,1.192484e-03,1.0525,1.0417,0.167
3782,128,1.192101e-03,1.0032,1.0398,0.189
3783,128,1.191718e-03,1.0021,1.0379,0.179
3784,128,1.191335e-03,1.1020,1.0411,0.800
3785,128,1.190951e-03,1.0065,1.0394,0.565
3786,128,1.190568e-03,1.0280,1.0388,0.255
3787,128,1.190185e-03,1.0351,1.0386,0.268
3788,128,1.189801e-03,1.0215,1.0378,0.134
3789,128,1.189418e-03,1.0091,1.0363,0.121
3790,128,1.189034e-03,1.0109,1.0351,0.065
3791,128,1.188651e-03,1.0061,1.0336,0.071
3792,128,1.188268e-03,1.0391,1.0339,0.076
3793,128,1.187884e-03,1.1135,1.0379,1.041
3794,128,1.187501e-03,1.0080,1.0364,0.272
3795,128,1.187117e-03,1.0347,1.0363,0.267
3796,128,1.186734e-03,1.0275,1.0359,0.256
3797,128,1.186350e-03,1.0102,1.0346,0.231
3798,128,1.185966e-03,1.0506,1.0354,0.629
3799,128,1.185583e-03,1.0369,1.0355,0.236
3800,128,1.185199e-03,1.0745,1.0374,0.686
3801,128,1.184815e-03,1.0230,1.0367,0.262
3802,128,1.184432e-03,1.0245,1.0361,0.273
3803,128,1.184048e-03,1.0232,1.0354,0.237
3804,128,1.183664e-03,1.0479,1.0361,0.143
3805,128,1.183281e-03,1.1718,1.0428,1.225
3806,128,1.182897e-03,1.0473,1.0431,0.178
3807,128,1.182513e-03,1.0368,1.0428,0.191
3808,128,1.182129e-03,1.0169,1.0415,0.244
3809,128,1.181745e-03,1.0224,1.0405,0.202
3810,128,1.181361e-03,1.1064,1.0438,0.738
3811,128,1.180978e-03,1.0687,1.0450,0.562
3812,128,1.180594e-03,1.0360,1.0446,0.264
3813,128,1.180210e-03,1.0620,1.0455,0.235
3814,128,1.179826e-03,1.0660,1.0465,0.221
3815,128,1.179442e-03,1.0397,1.0462,0.087
3816,128,1.179058e-03,1.0042,1.0441,0.111
3817,128,1.178674e-03,1.0243,1.0431,0.094
3818,128,1.178290e-03,0.9913,1.0405,0.097
3819,128,1.177906e-03,1.1793,1.0474,1.268
3820,128,1.177522e-03,1.0229,1.0462,0.218
3821,128,1.177138e-03,1.0168,1.0447,0.245
3822,128,1.176753e-03,1.0113,1.0431,0.256
3823,128,1.176369e-03,1.0207,1.0419,0.212
3824,128,1.175985e-03,1.0631,1.0430,0.679
3825,128,1.175601e-03,1.0761,1.0446,0.600
3826,128,1.175217e-03,1.0297,1.0439,0.280
3827,128,1.174832e-03,1.0460,1.0440,0.259
3828,128,1.174448e-03,1.0114,1.0424,0.278
3829,128,1.174064e-03,1.0192,1.0412,0.220
3830,128,1.173680e-03,1.0159,1.0400,0.159
3831,128,1.173295e-03,1.0926,1.0426,0.764
3832,128,1.172911e-03,1.0385,1.0424,0.131
3833,128,1.172527e-03,1.0100,1.0408,0.118
3834,128,1.172142e-03,0.9934,1.0384,0.133
3835,128,1.171758e-03,1.1174,1.0423,0.978
3836,128,1.171373e-03,1.0267,1.0416,0.284
3837,128,1.170989e-03,1.0534,1.0422,0.281
3838,128,1.170605e-03,1.0472,1.0424,0.265
3839,128,1.170220e-03,1.0312,1.0418,0.252
3840,128,1.169836e-03,1.0111,1.0403,0.205
3841,128,1.169451e-03,1.0926,1.0429,0.680
3842,128,1.169067e-03,1.0676,1.0442,0.553
3843,128,1.168682e-03,1.0646,1.0452,0.263
3844,128,1.168297e-03,1.0630,1.0461,0.253
3845,128,1.167913e-03,1.0282,1.0452,0.259
3846,128,1.167528e-03,1.0287,1.0444,0.233
3847,128,1.167144e-03,1.1427,1.0493,1.061
3848,128,1.166759e-03,1.0133,1.0475,0.367
3849,128,1.166374e-03,1.0591,1.0481,0.276
3850,128,1.165990e-03,1.0593,1.0486,0.279
3851,128,1.165605e-03,1.0199,1.0472,0.244
3852,128,1.165220e-03,1.0366,1.0467,0.242
3853,128,1.164835e-03,1.0028,1.0445,0.194
3854,128,1.164451e-03,1.1082,1.0476,0.781
3855,128,1.164066e-03,1.0766,1.0491,0.610
3856,128,1.163681e-03,1.0475,1.0490,0.239
3857,128,1.163296e-03,1.0046,1.0468,0.161
3858,128,1.162911e-03,1.0123,1.0451,0.127
3859,128,1.162527e-03,1.0329,1.0445,0.161
3860,128,1.162142e-03,0.9987,1.0422,0.130
3861,128,1.161757e-03,0.9866,1.0394,0.118
3862,128,1.161372e-03,1.1379,1.0443,0.989
3863,128,1.160987e-03,1.0147,1.0428,0.315
3864,128,1.160602e-03,1.0602,1.0437,0.291
3865,128,1.160217e-03,1.0090,1.0420,0.261
3866,128,1.159832e-03,1.0025,1.0400,0.227
3867,128,1.159447e-03,1.1072,1.0434,0.706
3868,128,1.159062e-03,1.0250,1.0424,0.573
3869,128,1.158677e-03,1.0120,1.0409,0.297
3870,128,1.158292e-03,1.0116,1.0395,0.296
3871,128,1.157907e-03,0.9993,1.0374,0.245
3872,128,1.157522e-03,1.0034,1.0357,0.228
3873,128,1.157137e-03,1.0810,1.0380,0.723
3874,128,1.156751e-03,1.1195,1.0421,0.949
3875,128,1.156366e-03,1.0820,1.0441,0.296
3876,128,1.155981e-03,1.0678,1.0453,0.304
3877,128,1.155596e-03,1.0227,1.0441,0.330
3878,128,1.155211e-03,1.0433,1.0441,0.250
3879,128,1.154825e-03,1.0354,1.0437,0.225
3880,128,1.154440e-03,1.0311,1.0430,0.175
3881,128,1.154055e-03,1.0641,1.0441,0.671
3882,128,1.153670e-03,1.0466,1.0442,0.561
3883,128,1.153284e-03,1.0704,1.0455,0.224
3884,128,1.152899e-03,0.9917,1.0428,0.128
3885,128,1.152514e-03,1.0221,1.0418,0.138
3886,128,1.152128e-03,1.4911,1.0643,4.955
3887,128,1.151743e-03,1.0291,1.0625,0.127
3888,128,1.151358e-03,1.0209,1.0604,0.162
3889,128,1.150972e-03,1.1192,1.0634,0.894
3890,128,1.150587e-03,1.0404,1.0622,0.305
3891,128,1.150201e-03,1.0236,1.0603,0.335
3892,128,1.149816e-03,1.0401,1.0593,0.267
3893,128,1.149431e-03,1.0076,1.0567,0.257
3894,128,1.149045e-03,1.0139,1.0545,0.186
3895,128,1.148660e-03,1.0691,1.0553,0.678
3896,128,1.148274e-03,1.0282,1.0539,0.547
3897,128,1.147889e-03,1.3243,1.0674,2.712
3898,128,1.147503e-03,1.0317,1.0657,0.330
3899,128,1.147117e-03,1.0374,1.0642,0.348
3900,128,1.146732e-03,1.0533,1.0637,0.319
3901,128,1.146346e-03,0.9780,1.0594,0.284
3902,128,1.145961e-03,1.1092,1.0619,0.729
3903,128,1.145575e-03,1.1337,1.0655,0.957
3904,128,1.145189e-03,1.0522,1.0648,0.319
3905,128,1.144804e-03,1.0665,1.0649,0.283
3906,128,1.144418e-03,1.0478,1.0641,0.266
3907,128,1.144032e-03,1.2598,1.0738,2.265
3908,128,1.143647e-03,1.0387,1.0721,0.299
3909,128,1.143261e-03,1.0417,1.0706,0.229
3910,128,1.142875e-03,1.0237,1.0682,0.248
3911,128,1.142489e-03,1.0239,1.0660,0.207
3912,128,1.142104e-03,1.1649,1.0709,0.815
3913,128,1.141718e-03,1.0631,1.0706,0.799
3914,128,1.141332e-03,1.0263,1.0683,0.268
3915,128,1.140946e-03,1.0481,1.0673,0.298
3916,128,1.140560e-03,1.1803,1.0730,2.033
3917,128,1.140175e-03,1.0791,1.0733,0.301
3918,128,1.139789e-03,1.0235,1.0708,0.313
3919,128,1.139403e-03,1.0295,1.0687,0.242
3920,128,1.139017e-03,1.1287,1.0717,1.030
3921,128,1.138631e-03,1.0449,1.0704,0.245
3922,128,1.138245e-03,1.0688,1.0703,0.238
3923,128,1.137859e-03,1.0367,1.0686,0.240
3924,128,1.137473e-03,1.0530,1.0678,0.226
3925,128,1.137087e-03,1.0906,1.0690,0.717
3926,128,1.136701e-03,1.4530,1.0882,4.251
3927,128,1.136315e-03,1.0698,1.0873,0.266
3928,128,1.135929e-03,1.0504,1.0854,0.312
3929,128,1.135543e-03,1.0534,1.0838,0.308
3930,128,1.135157e-03,1.0533,1.0823,0.314
3931,128,1.134771e-03,1.1108,1.0837,0.816
3932,128,1.134385e-03,1.0116,1.0801,0.304
3933,128,1.133999e-03,1.1561,1.0839,1.575
3934,128,1.133613e-03,1.0622,1.0828,0.267
3935,128,1.133227e-03,1.0351,1.0804,0.466
3936,128,1.132841e-03,1.0110,1.0770,0.315
3937,128,1.132455e-03,1.0068,1.0735,0.289
3938,128,1.132069e-03,1.0504,1.0723,0.498
3939,128,1.131682e-03,1.0360,1.0705,0.301
3940,128,1.131296e-03,1.5728,1.0956,4.521
3941,128,1.130910e-03,1.0548,1.0936,0.314
3942,128,1.130524e-03,1.0594,1.0919,0.295
3943,128,1.130138e-03,1.0797,1.0912,0.449
3944,128,1.129751e-03,1.0441,1.0889,0.203
3945,128,1.129365e-03,1.0456,1.0867,0.193
3946,128,1.128979e-03,1.1554,1.0902,1.571
3947,128,1.128593e-03,1.1040,1.0909,0.822
3948,128,1.128206e-03,1.0194,1.0873,0.378
3949,128,1.127820e-03,1.0748,1.0867,0.326
3950,128,1.127434e-03,1.0630,1.0855,0.298
3951,128,1.127048e-03,1.0613,1.0843,0.286
3952,128,1.126661e-03,1.0380,1.0820,0.296
3953,128,1.126275e-03,1.0680,1.0813,0.560
3954,128,1.125888e-03,1.0483,1.0796,0.507
3955,128,1.125502e-03,1.2077,1.0860,1.756
3956,128,1.125116e-03,1.0475,1.0841,0.339
3957,128,1.124729e-03,1.0717,1.0835,0.304
3958,128,1.124343e-03,1.0634,1.0825,0.439
3959,128,1.123957e-03,1.0488,1.0808,0.293
3960,128,1.123570e-03,1.0529,1.0794,0.463
3961,128,1.123184e-03,1.0391,1.0774,0.269
3962,128,1.122797e-03,1.0319,1.0751,0.233
3963,128,1.122411e-03,1.0061,1.0716,0.196
3964,128,1.122024e-03,1.5484,1.0955,4.852
3965,128,1.121638e-03,1.4641,1.1139,4.013
3966,128,1.121251e-03,1.0872,1.1126,0.288
3967,128,1.120865e-03,1.0425,1.1091,0.314
3968,128,1.120478e-03,1.0277,1.1050,0.328
3969,128,1.120092e-03,1.0305,1.1013,0.312
3970,128,1.119705e-03,1.0430,1.0984,0.275
3971,128,1.119319e-03,1.0566,1.0963,0.576
3972,128,1.118932e-03,1.0348,1.0932,0.481
3973,128,1.118545e-03,1.0671,1.0919,0.401
3974,128,1.118159e-03,1.0713,1.0909,0.345
3975,128,1.117772e-03,1.0473,1.0887,0.269
3976,128,1.117386e-03,1.0354,1.0860,0.203
3977,128,1.116999e-03,1.2053,1.0920,1.725
3978,128,1.116612e-03,1.1507,1.0949,1.285
3979,128,1.116226e-03,1.0020,1.0903,0.270
3980,128,1.115839e-03,1.0271,1.0871,0.240
3981,128,1.115452e-03,1.0544,1.0855,0.207
3982,128,1.115066e-03,1.1023,1.0863,0.605
3983,128,1.114679e-03,1.1286,1.0884,0.804
3984,128,1.114292e-03,1.0392,1.0860,0.349
3985,128,1.113906e-03,1.0645,1.0849,0.378
3986,128,1.113519e-03,1.0225,1.0818,0.415
3987,128,1.113132e-03,1.0489,1.0801,0.337
3988,128,1.112745e-03,1.0573,1.0790,0.287
3989,128,1.112359e-03,1.0344,1.0768,0.243
3990,128,1.111972e-03,1.0561,1.0757,0.599
3991,128,1.111585e-03,1.3744,1.0907,3.393
3992,128,1.111198e-03,1.3246,1.1024,2.928
3993,128,1.110811e-03,1.0888,1.1017,0.450
3994,128,1.110425e-03,1.0518,1.0992,0.368
3995,128,1.110038e-03,1.0232,1.0954,0.377
3996,128,1.109651e-03,1.0452,1.0929,0.253
3997,128,1.109264e-03,1.0629,1.0914,0.217
3998,128,1.108877e-03,1.0254,1.0881,0.234
3999,128,1.108490e-03,1.0284,1.0851,0.207
4000,128,1.108104e-03,1.0972,1.0857,0.109
4001,128,1.107717e-03,1.0709,1.0850,0.084
4002,128,1.107330e-03,1.0358,1.0825,0.073
4003,128,1.106943e-03,1.0208,1.0794,0.070
4004,128,1.106556e-03,1.0383,1.0774,0.071
4005,128,1.106169e-03,1.0183,1.0744,0.050
4006,128,1.105782e-03,1.0378,1.0726,0.062
4007,128,1.105395e-03,1.0103,1.0695,0.060
4008,128,1.105008e-03,1.0199,1.0670,0.052
4009,128,1.104621e-03,1.0078,1.0640,0.058
4010,128,1.104234e-03,0.9948,1.0606,0.058
4011,128,1.103847e-03,1.0254,1.0588,0.058
4012,128,1.103460e-03,1.0161,1.0567,0.051
4013,128,1.103073e-03,1.0113,1.0544,0.051
4014,128,1.102686e-03,1.0666,1.0550,0.063
4015,128,1.102299e-03,1.0045,1.0525,0.050
4016,128,1.101912e-03,0.9967,1.0497,0.046
4017,128,1.101525e-03,1.0012,1.0473,0.057
4018,128,1.101138e-03,1.0075,1.0453,0.049
4019,128,1.100751e-03,1.0129,1.0437,0.050
4020,128,1.100364e-03,0.9953,1.0412,0.052
4021,128,1.099977e-03,1.0179,1.0401,0.056
4022,128,1.099590e-03,0.9946,1.0378,0.054
4023,128,1.099203e-03,1.0004,1.0359,0.062
4024,128,1.098816e-03,0.9909,1.0337,0.050
4025,128,1.098429e-03,1.0042,1.0322,0.050
4026,128,1.098042e-03,1.0189,1.0315,0.053
4027,128,1.097655e-03,1.0268,1.0313,0.053
4028,128,1.097268e-03,1.0103,1.0302,0.059
4029,128,1.096880e-03,1.0325,1.0304,0.055
4030,128,1.096493e-03,1.0151,1.0296,0.071
4031,128,1.096106e-03,1.0213,1.0292,0.056
4032,128,1.095719e-03,1.0432,1.0299,0.051
4033,128,1.095332e-03,0.9967,1.0282,0.051
4034,128,1.094945e-03,1.0079,1.0272,0.049
4035,128,1.094558e-03,0.9987,1.0258,0.051
4036,128,1.094170e-03,0.9695,1.0230,0.045
4037,128,1.093783e-03,1.0127,1.0225,0.057
4038,128,1.093396e-03,1.0277,1.0227,0.052
4039,128,1.093009e-03,1.0026,1.0217,0.051
4040,128,1.092622e-03,1.0106,1.0212,0.050
4041,128,1.092234e-03,0.9964,1.0199,0.052
4042,128,1.091847e-03,0.9805,1.0179,0.054
4043,128,1.091460e-03,1.0026,1.0172,0.056
4044,128,1.091073e-03,1.0056,1.0166,0.060
4045,128,1.090685e-03,1.0057,1.0160,0.051
4046,128,1.090298e-03,1.0085,1.0157,0.054
4047,128,1.089911e-03,1.0120,1.0155,0.047
4048,128,1.089524e-03,0.9808,1.0138,0.052
4049,128,1.089136e-03,0.9954,1.0128,0.056
4050,128,1.088749e-03,0.9941,1.0119,0.058
4051,128,1.088362e-03,0.9760,1.0101,0.052
4052,128,1.087975e-03,0.9903,1.0091,0.062
4053,128,1.087587e-03,0.9875,1.0080,0.058
4054,128,1.087200e-03,1.0321,1.0092,0.074
4055,128,1.086813e-03,1.0282,1.0102,0.050
4056,128,1.086425e-03,1.0498,1.0122,0.072
4057,128,1.086038e-03,1.0447,1.0138,0.058
4058,128,1.085651e-03,0.9662,1.0114,0.046
4059,128,1.085263e-03,1.0185,1.0118,0.052
4060,128,1.084876e-03,0.9983,1.0111,0.048
4061,128,1.084489e-03,1.0164,1.0114,0.059
4062,128,1.084101e-03,1.0095,1.0113,0.053
4063,128,1.083714e-03,0.9779,1.0096,0.056
4064,128,1.083327e-03,1.0028,1.0093,0.050
4065,128,1.082939e-03,0.9922,1.0084,0.047
4066,128,1.082552e-03,0.9938,1.0077,0.053
4067,128,1.082165e-03,1.0074,1.0077,0.047
4068,128,1.081777e-03,0.9817,1.0064,0.063
4069,128,1.081390e-03,0.9727,1.0047,0.060
4070,128,1.081002e-03,0.9943,1.0042,0.055
4071,128,1.080615e-03,1.0014,1.0040,0.055
4072,128,1.080228e-03,0.9830,1.0030,0.060
4073,128,1.079840e-03,1.0058,1.0031,0.055
4074,128,1.079453e-03,0.9985,1.0029,0.053
4075,128,1.079065e-03,1.0116,1.0033,0.057
4076,128,1.078678e-03,1.0061,1.0035,0.051
4077,128,1.078291e-03,1.0008,1.0033,0.056
4078,128,1.077903e-03,0.9892,1.0026,0.051
4079,128,1.077516e-03,1.0036,1.0027,0.060
4080,128,1.077128e-03,0.9972,1.0024,0.048
4081,128,1.076741e-03,0.9990,1.0022,0.055
4082,128,1.076353e-03,1.0124,1.0027,0.053
4083,128,1.075966e-03,1.0368,1.0044,0.057
4084,128,1.075578e-03,0.9589,1.0022,0.046
4085,128,1.075191e-03,1.0106,1.0026,0.057
4086,128,1.074804e-03,1.0162,1.0033,0.055
4087,128,1.074416e-03,0.9783,1.0020,0.056
4088,128,1.074029e-03,1.0165,1.0027,0.051
4089,128,1.073641e-03,1.0072,1.0030,0.057
4090,128,1.073254e-03,1.0458,1.0051,0.050
4091,128,1.072866e-03,1.0271,1.0062,0.059
4092,128,1.072479e-03,0.9982,1.0058,0.051
4093,128,1.072091e-03,1.0267,1.0068,0.051
4094,128,1.071704e-03,1.0200,1.0075,0.053
4095,128,1.071316e-03,0.9820,1.0062,0.054
4096,128,1.070929e-03,0.9934,1.0056,0.056
4097,128,1.070541e-03,1.0073,1.0057,0.057
4098,128,1.070154e-03,1.0055,1.0057,0.049
4099,128,1.069766e-03,1.0193,1.0063,0.056
4100,128,1.069379e-03,0.9624,1.0041,0.058
4101,128,1.068991e-03,1.0073,1.0043,0.069
4102,128,1.068604e-03,1.0052,1.0044,0.056
4103,128,1.068216e-03,1.0356,1.0059,0.055
4104,128,1.067829e-03,1.0170,1.0065,0.061
4105,128,1.067441e-03,0.9852,1.0054,0.050
4106,128,1.067053e-03,1.0019,1.0052,0.060
4107,128,1.066666e-03,0.9781,1.0039,0.051
4108,128,1.066278e-03,0.9806,1.0027,0.054
4109,128,1.065891e-03,0.9697,1.0011,0.049
4110,128,1.065503e-03,0.9785,0.9999,0.052
4111,128,1.065116e-03,0.9938,0.9996,0.057
4112,128,1.064728e-03,1.0219,1.0007,0.057
4113,128,1.064341e-03,1.0293,1.0022,0.058
4114,128,1.063953e-03,1.0019,1.0022,0.055
4115,128,1.063566e-03,1.0071,1.0024,0.056
4116,128,1.063178e-03,0.9818,1.0014,0.047
4117,128,1.062790e-03,0.9881,1.0007,0.049
4118,128,1.062403e-03,1.0384,1.0026,0.060
4119,128,1.062015e-03,1.0024,1.0026,0.058
4120,128,1.061628e-03,1.0031,1.0026,0.054
4121,128,1.061240e-03,0.9749,1.0012,0.053
4122,128,1.060853e-03,0.9935,1.0008,0.053
4123,128,1.060465e-03,0.9761,0.9996,0.050
4124,128,1.060077e-03,1.0193,1.0006,0.055
4125,128,1.059690e-03,1.0103,1.0011,0.056
4126,128,1.059302e-03,0.9917,1.0006,0.052
4127,128,1.058915e-03,1.0086,1.0010,0.049
4128,128,1.058527e-03,1.0167,1.0018,0.056
4129,128,1.058139e-03,1.0054,1.0020,0.067
4130,128,1.057752e-03,1.0110,1.0024,0.055
4131,128,1.057364e-03,1.0156,1.0031,0.058
4132,128,1.056977e-03,1.0183,1.0038,0.055
4133,128,1.056589e-03,0.9810,1.0027,0.056
4134,128,1.056202e-03,0.9995,1.0025,0.049
4135,128,1.055814e-03,1.0010,1.0025,0.048
4136,128,1.055426e-03,0.9797,1.0013,0.051
4137,128,1.055039e-03,0.9700,0.9998,0.052
4138,128,1.054651e-03,0.9794,0.9987,0.054
4139,128,1.054264e-03,1.0182,0.9997,0.055
4140,128,1.053876e-03,0.9874,0.9991,0.046
4141,128,1.053488e-03,0.9911,0.9987,0.053
4142,128,1.053101e-03,0.9962,0.9986,0.050
4143,128,1.052713e-03,1.0017,0.9987,0.055
4144,128,1.052326e-03,0.9896,0.9983,0.048
4145,128,1.051938e-03,0.9793,0.9973,0.053
4146,128,1.051550e-03,0.9975,0.9973,0.049
4147,128,1.051163e-03,0.9837,0.9967,0.056
4148,128,1.050775e-03,1.0275,0.9982,0.054
4149,128,1.050388e-03,1.0210,0.9993,0.050
4150,128,1.050000e-03,1.0017,0.9995,0.057
4151,128,1.049612e-03,0.9796,0.9985,0.052
4152,128,1.049225e-03,0.9930,0.9982,0.054
4153,128,1.048837e-03,1.0072,0.9986,0.058
4154,128,1.048450e-03,1.0029,0.9988,0.050
4155,128,1.048062e-03,0.9733,0.9976,0.048
4156,128,1.047674e-03,1.0251,0.9989,0.056
4157,128,1.047287e-03,0.9788,0.9979,0.056
4158,128,1.046899e-03,1.0295,0.9995,0.053
4159,128,1.046512e-03,1.0234,1.0007,0.055
4160,128,1.046124e-03,1.0038,1.0009,0.056
4161,128,1.045736e-03,1.0190,1.0018,0.062
4162,128,1.045349e-03,0.9959,1.0015,0.053
4163,128,1.044961e-03,0.9867,1.0007,0.056
4164,128,1.044574e-03,0.9940,1.0004,0.053
4165,128,1.044186e-03,1.0095,1.0009,0.052
4166,128,1.043798e-03,0.9903,1.0003,0.052
4167,128,1.043411e-03,1.0224,1.0014,0.055
4168,128,1.043023e-03,0.9849,1.0006,0.056
4169,128,1.042636e-03,0.9972,1.0004,0.053
4170,128,1.042248e-03,1.0246,1.0016,0.053
4171,128,1.041861e-03,1.0007,1.0016,0.050
4172,128,1.041473e-03,0.9761,1.0003,0.056
4173,128,1.041085e-03,1.0018,1.0004,0.048
4174,128,1.040698e-03,1.0276,1.0018,0.059
4175,128,1.040310e-03,0.9912,1.0012,0.054
4176,128,1.039923e-03,0.9664,0.9995,0.055
4177,128,1.039535e-03,0.9926,0.9991,0.053
4178,128,1.039147e-03,0.9945,0.9989,0.052
4179,128,1.038760e-03,0.9954,0.9987,0.056
4180,128,1.038372e-03,1.0234,1.0000,0.056
4181,128,1.037985e-03,1.0084,1.0004,0.057
4182,128,1.037597e-03,1.0153,1.0011,0.053
4183,128,1.037210e-03,0.9945,1.0008,0.055
4184,128,1.036822e-03,1.0134,1.0014,0.059
4185,128,1.036434e-03,0.9822,1.0005,0.051
4186,128,1.036047e-03,1.0089,1.0009,0.055
4187,128,1.035659e-03,0.9924,1.0005,0.062
4188,128,1.035272e-03,0.9881,0.9998,0.052
4189,128,1.034884e-03,1.0291,1.0013,0.057
4190,128,1.034497e-03,1.0158,1.0020,0.053
4191,128,1.034109e-03,0.9863,1.0012,0.054
4192,128,1.033722e-03,1.0212,1.0022,0.049
4193,128,1.033334e-03,0.9760,1.0009,0.049
4194,128,1.032947e-03,0.9781,0.9998,0.046
4195,128,1.032559e-03,0.9868,0.9991,0.044
4196,128,1.032171e-03,0.9988,0.9991,0.050
4197,128,1.031784e-03,1.0160,1.0000,0.052
4198,128,1.031396e-03,0.9944,0.9997,0.054
4199,128,1.031009e-03,1.0059,1.0000,0.048
4200,128,1.030621e-03,0.9741,0.9987,0.048
4201,128,1.030234e-03,0.9709,0.9973,0.048
4202,128,1.029846e-03,0.9963,0.9973,0.046
4203,128,1.029459e-03,1.0152,0.9982,0.052
4204,128,1.029071e-03,1.0128,0.9989,0.051
4205,128,1.028684e-03,1.0145,0.9997,0.053
4206,128,1.028296e-03,0.9990,0.9996,0.060
4207,128,1.027909e-03,1.0081,1.0001,0.055
4208,128,1.027521e-03,1.0233,1.0012,0.058
4209,128,1.027134e-03,1.0008,1.0012,0.048
4210,128,1.026746e-03,0.9730,0.9998,0.059
4211,128,1.026359e-03,1.0036,1.0000,0.050
4212,128,1.025971e-03,0.9968,0.9998,0.054
4213,128,1.025584e-03,1.0091,1.0003,0.048
4214,128,1.025196e-03,0.9721,0.9989,0.047
4215,128,1.024809e-03,1.0102,0.9994,0.048
4216,128,1.024422e-03,1.0023,0.9996,0.053
4217,128,1.024034e-03,0.9961,0.9994,0.047
4218,128,1.023647e-03,1.0029,0.9996,0.057
4219,128,1.023259e-03,1.0001,0.9996,0.052
4220,128,1.022872e-03,0.9899,0.9991,0.055
4221,128,1.022484e-03,1.0267,1.0005,0.056
4222,128,1.022097e-03,1.0039,1.0007,0.047
4223,128,1.021709e-03,1.0028,1.0008,0.056
4224,128,1.021322e-03,1.0023,1.0009,0.055
4225,128,1.020935e-03,1.0024,1.0009,0.049
4226,128,1.020547e-03,1.0206,1.0019,0.063
4227,128,1.020160e-03,0.9809,1.0009,0.051
4228,128,1.019772e-03,1.0136,1.0015,0.055
4229,128,1.019385e-03,1.0278,1.0028,0.060
4230,128,1.018998e-03,0.9881,1.0021,0.053
4231,128,1.018610e-03,1.0153,1.0028,0.052
4232,128,1.018223e-03,1.0245,1.0038,0.055
4233,128,1.017835e-03,0.9768,1.0025,0.052
4234,128,1.017448e-03,0.9871,1.0017,0.045
4235,128,1.017061e-03,0.9995,1.0016,0.054
4236,128,1.016673e-03,1.0223,1.0026,0.059
4237,128,1.016286e-03,0.9861,1.0018,0.050
4238,128,1.015899e-03,1.0186,1.0027,0.057
4239,128,1.015511e-03,1.0022,1.0026,0.049
4240,128,1.015124e-03,1.0028,1.0026,0.057
4241,128,1.014737e-03,0.9982,1.0024,0.049
4242,128,1.014349e-03,0.9953,1.0021,0.052
4243,128,1.013962e-03,0.9696,1.0004,0.047
4244,128,1.013575e-03,0.9940,1.0001,0.052
4245,128,1.013187e-03,0.9684,0.9985,0.043
4246,128,1.012800e-03,0.9600,0.9966,0.052
4247,128,1.012413e-03,1.0084,0.9972,0.046
4248,128,1.012025e-03,0.9859,0.9966,0.052
4249,128,1.011638e-03,1.0062,0.9971,0.051
4250,128,1.011251e-03,1.0072,0.9976,0.050
4251,128,1.010864e-03,1.0035,0.9979,0.053
4252,128,1.010476e-03,1.0176,0.9989,0.058
4253,128,1.010089e-03,1.0101,0.9995,0.055
4254,128,1.009702e-03,1.0124,1.0001,0.055
4255,128,1.009315e-03,0.9840,0.9993,0.049
4256,128,1.008927e-03,0.9959,0.9991,0.048
4257,128,1.008540e-03,0.9970,0.9990,0.051
4258,128,1.008153e-03,0.9897,0.9986,0.054
4259,128,1.007766e-03,1.0153,0.9994,0.058
4260,128,1.007378e-03,0.9804,0.9985,0.050
4261,128,1.006991e-03,0.9785,0.9975,0.053
4262,128,1.006604e-03,1.0393,0.9995,0.058
4263,128,1.006217e-03,0.9980,0.9995,0.046
4264,128,1.005830e-03,1.0107,1.0000,0.056
4265,128,1.005442e-03,1.0083,1.0004,0.055
4266,128,1.005055e-03,0.9976,1.0003,0.056
4267,128,1.004668e-03,0.9860,0.9996,0.056
4268,128,1.004281e-03,0.9904,0.9991,0.046
4269,128,1.003894e-03,1.0067,0.9995,0.053
4270,128,1.003507e-03,0.9903,0.9990,0.053
4271,128,1.003120e-03,0.9638,0.9973,0.049
4272,128,1.002732e-03,1.0165,0.9982,0.056
4273,128,1.002345e-03,0.9889,0.9978,0.050
4274,128,1.001958e-03,1.0004,0.9979,0.050
4275,128,1.001571e-03,0.9873,0.9974,0.054
4276,128,1.001184e-03,1.0020,0.9976,0.047
4277,128,1.000797e-03,0.9852,0.9970,0.048
4278,128,1.000410e-03,1.0043,0.9974,0.051
4279,128,1.000023e-03,0.9928,0.9971,0.049
4280,128,9.996357e-04,0.9796,0.9963,0.048
4281,128,9.992487e-04,0.9817,0.9955,0.049
4282,128,9.988616e-04,0.9623,0.9939,0.057
4283,128,9.984746e-04,1.0149,0.9949,0.056
4284,128,9.980876e-04,1.0100,0.9957,0.054
4285,128,9.977006e-04,1.0023,0.9960,0.054
4286,128,9.973136e-04,1.0176,0.9971,0.056
4287,128,9.969266e-04,1.0141,0.9979,0.047
4288,128,9.965396e-04,0.9929,0.9977,0.052
4289,128,9.961526e-04,0.9786,0.9967,0.048
4290,128,9.957656e-04,0.9892,0.9964,0.049
4291,128,9.953787e-04,0.9817,0.9956,0.051
4292,128,9.949917e-04,0.9895,0.9953,0.047
4293,128,9.946048e-04,0.9694,0.9940,0.049
4294,128,9.942178e-04,1.0097,0.9948,0.059
4295,128,9.938309e-04,0.9979,0.9950,0.054
4296,128,9.934440e-04,1.0078,0.9956,0.063
4297,128,9.930571e-04,0.9942,0.9955,0.056
4298,128,9.926702e-04,1.0068,0.9961,0.053
4299,128,9.922833e-04,1.0078,0.9967,0.054
4300,128,9.918964e-04,0.9859,0.9961,0.056
4301,128,9.915096e-04,0.9838,0.9955,0.056
4302,128,9.911227e-04,0.9830,0.9949,0.052
4303,128,9.907358e-04,0.9955,0.9949,0.052
4304,128,9.903490e-04,0.9842,0.9944,0.049
4305,128,9.899622e-04,1.0024,0.9948,0.048
4306,128,9.895754e-04,0.9985,0.9950,0.048
4307,128,9.891885e-04,0.9988,0.9952,0.044
4308,128,9.888017e-04,0.9880,0.9948,0.053
4309,128,9.884150e-04,0.9565,0.9929,0.051
4310,128,9.880282e-04,1.0191,0.9942,0.051
4311,128,9.876414e-04,0.9972,0.9944,0.050
4312,128,9.872547e-04,0.9996,0.9946,0.053
4313,128,9.868679e-04,0.9952,0.9947,0.050
4314,128,9.864812e-04,1.0133,0.9956,0.049
4315,128,9.860944e-04,1.0025,0.9959,0.057
4316,128,9.857077e-04,0.9837,0.9953,0.050
4317,128,9.853210e-04,0.9867,0.9949,0.060
4318,128,9.849343e-04,0.9945,0.9949,0.058
4319,128,9.845476e-04,1.0372,0.9970,0.059
4320,128,9.841610e-04,0.9908,0.9967,0.051
4321,128,9.837743e-04,0.9849,0.9961,0.057
4322,128,9.833877e-04,0.9941,0.9960,0.053
4323,128,9.830010e-04,0.9780,0.9951,0.052
4324,128,9.826144e-04,1.0302,0.9968,0.052
4325,128,9.822278e-04,1.0066,0.9973,0.059
4326,128,9.818412e-04,0.9947,0.9972,0.051
4327,128,9.814546e-04,1.0170,0.9982,0.060
4328,128,9.810680e-04,1.0165,0.9991,0.055
4329,128,9.806814e-04,0.9903,0.9987,0.059
4330,128,9.802949e-04,1.0135,0.9994,0.060
4331,128,9.799083e-04,1.0348,1.0012,0.053
4332,128,9.795218e-04,1.0005,1.0011,0.050
4333,128,9.791353e-04,0.9877,1.0005,0.054
4334,128,9.787487e-04,0.9953,1.0002,0.051
4335,128,9.783622e-04,0.9937,0.9999,0.048
4336,128,9.779757e-04,0.9990,0.9998,0.049
4337,128,9.775893e-04,1.0119,1.0004,0.048
4338,128,9.772028e-04,0.9723,0.9990,0.052
4339,128,9.768163e-04,0.9981,0.9990,0.058
4340,128,9.764299e-04,1.0161,0.9998,0.055
4341,128,9.760435e-04,0.9932,0.9995,0.050
4342,128,9.756571e-04,0.9890,0.9990,0.054
4343,128,9.752707e-04,0.9650,0.9973,0.050
4344,128,9.748843e-04,0.9643,0.9956,0.053
4345,128,9.744979e-04,0.9781,0.9948,0.054
4346,128,9.741115e-04,0.9894,0.9945,0.051
4347,128,9.737252e-04,0.9854,0.9940,0.058
4348,128,9.733388e-04,0.9532,0.9920,0.058
4349,128,9.729525e-04,0.9775,0.9913,0.056
4350,128,9.725662e-04,0.9838,0.9909,0.052
4351,128,9.721799e-04,1.0021,0.9915,0.057
4352,128,9.717936e-04,1.0324,0.9935,0.055
4353,128,9.714073e-04,0.9771,0.9927,0.053
4354,128,9.710210e-04,0.9981,0.9929,0.047
4355,128,9.706348e-04,1.0103,0.9938,0.056
4356,128,9.702486e-04,1.0180,0.9950,0.060
4357,128,9.698623e-04,0.9764,0.9941,0.049
4358,128,9.694761e-04,0.9958,0.9942,0.051
4359,128,9.690899e-04,1.0316,0.9961,0.064
4360,128,9.687037e-04,1.0053,0.9965,0.054
4361,128,9.683176e-04,1.0143,0.9974,0.047
4362,128,9.679314e-04,0.9995,0.9975,0.047
4363,128,9.675453e-04,1.0123,0.9982,0.051
4364,128,9.671591e-04,0.9838,0.9975,0.045
4365,128,9.667730e-04,0.9968,0.9975,0.056
4366,128,9.663869e-04,0.9815,0.9967,0.047
4367,128,9.660008e-04,0.9978,0.9967,0.055
4368,128,9.656148e-04,0.9939,0.9966,0.050
4369,128,9.652287e-04,0.9823,0.9959,0.048
4370,128,9.648427e-04,1.0163,0.9969,0.050
4371,128,9.644566e-04,0.9597,0.9950,0.050
4372,128,9.640706e-04,1.0043,0.9955,0.052
4373,128,9.636846e-04,0.9750,0.9945,0.057
4374,128,9.632986e-04,0.9986,0.9947,0.049
4375,128,9.629126e-04,0.9985,0.9949,0.055
4376,128,9.625267e-04,0.9756,0.9939,0.049
4377,128,9.621407e-04,0.9918,0.9938,0.050
4378,128,9.617548e-04,0.9904,0.9936,0.059
4379,128,9.613689e-04,1.0290,0.9954,0.061
4380,128,9.609830e-04,0.9951,0.9954,0.042
4381,128,9.605971e-04,0.9779,0.9945,0.050
4382,128,9.602112e-04,0.9843,0.9940,0.047
4383,128,9.598254e-04,0.9886,0.9937,0.049
4384,128,9.594395e-04,1.0024,0.9942,0.051
4385,128,9.590537e-04,0.9851,0.9937,0.048
4386,128,9.586679e-04,0.9954,0.9938,0.049
4387,128,9.582821e-04,1.0113,0.9947,0.055
4388,128,9.578963e-04,1.0029,0.9951,0.059
4389,128,9.575106e-04,0.9845,0.9946,0.057
4390,128,9.571248e-04,0.9961,0.9946,0.056
4391,128,9.567391e-04,1.0155,0.9957,0.052
4392,128,9.563533e-04,0.9767,0.9947,0.045
4393,128,9.559676e-04,0.9670,0.9933,0.052
4394,128,9.555820e-04,0.9712,0.9922,0.047
4395,128,9.551963e-04,0.9974,0.9925,0.056
4396,128,9.548106e-04,1.0193,0.9938,0.052
4397,128,9.544250e-04,0.9801,0.9931,0.051
4398,128,9.540394e-04,0.9483,0.9909,0.052
4399,128,9.536538e-04,0.9778,0.9902,0.055
4400,128,9.532682e-04,0.9994,0.9907,0.054
4401,128,9.528826e-04,0.9821,0.9903,0.054
4402,128,9.524970e-04,1.0064,0.9911,0.046
4403,128,9.521115e-04,1.0027,0.9917,0.049
4404,128,9.517260e-04,0.9725,0.9907,0.049
4405,128,9.513404e-04,0.9904,0.9907,0.046
4406,128,9.509549e-04,0.9837,0.9903,0.045
4407,128,9.505695e-04,1.0178,0.9917,0.053
4408,128,9.501840e-04,0.9856,0.9914,0.055
4409,128,9.497986e-04,1.0086,0.9923,0.051
4410,128,9.494131e-04,0.9704,0.9912,0.057
4411,128,9.490277e-04,0.9861,0.9909,0.056
4412,128,9.486423e-04,0.9948,0.9911,0.052
4413,128,9.482569e-04,0.9991,0.9915,0.046
4414,128,9.478716e-04,0.9946,0.9917,0.052
4415,128,9.474862e-04,1.0012,0.9921,0.046
4416,128,9.471009e-04,0.9996,0.9925,0.041
4417,128,9.467156e-04,0.9727,0.9915,0.047
4418,128,9.463303e-04,1.0071,0.9923,0.050
4419,128,9.459450e-04,0.9747,0.9914,0.045
4420,128,9.455598e-04,0.9909,0.9914,0.059
4421,128,9.451745e-04,1.0057,0.9921,0.059
4422,128,9.447893e-04,0.9892,0.9920,0.050
4423,128,9.444041e-04,0.9939,0.9921,0.050
4424,128,9.440189e-04,0.9539,0.9902,0.043
4425,128,9.436337e-04,0.9961,0.9905,0.052
4426,128,9.432486e-04,0.9743,0.9896,0.050
4427,128,9.428635e-04,0.9987,0.9901,0.050
4428,128,9.424783e-04,0.9935,0.9903,0.055
4429,128,9.420932e-04,0.9841,0.9900,0.050
4430,128,9.417082e-04,0.9976,0.9903,0.057
4431,128,9.413231e-04,1.0062,0.9911,0.056
4432,128,9.409381e-04,0.9656,0.9899,0.048
4433,128,9.405530e-04,1.0115,0.9909,0.054
4434,128,9.401680e-04,0.9782,0.9903,0.056
4435,128,9.397830e-04,0.9571,0.9886,0.045
4436,128,9.393981e-04,1.0250,0.9905,0.053
4437,128,9.390131e-04,0.9734,0.9896,0.046
4438,128,9.386282e-04,1.0005,0.9901,0.054
4439,128,9.382432e-04,0.9908,0.9902,0.051
4440,128,9.378583e-04,0.9726,0.9893,0.055
4441,128,9.374735e-04,1.0082,0.9903,0.058
4442,128,9.370886e-04,0.9783,0.9897,0.052
4443,128,9.367038e-04,0.9731,0.9888,0.049
4444,128,9.363189e-04,1.0018,0.9895,0.051
4445,128,9.359341e-04,1.0407,0.9920,0.055
4446,128,9.355493e-04,0.9817,0.9915,0.048
4447,128,9.351646e-04,0.9797,0.9909,0.051
4448,128,9.347798e-04,0.9386,0.9883,0.050
4449,128,9.343951e-04,1.0120,0.9895,0.058
4450,128,9.340104e-04,0.9860,0.9893,0.051
4451,128,9.336257e-04,1.0132,0.9905,0.053
4452,128,9.332410e-04,1.0207,0.9920,0.053
4453,128,9.328564e-04,1.0156,0.9932,0.048
4454,128,9.324718e-04,1.0055,0.9938,0.049
4455,128,9.320871e-04,0.9607,0.9922,0.052
4456,128,9.317026e-04,0.9887,0.9920,0.050
4457,128,9.313180e-04,0.9988,0.9923,0.051
4458,128,9.309334e-04,1.0118,0.9933,0.057
4459,128,9.305489e-04,0.9610,0.9917,0.056
4460,128,9.301644e-04,0.9917,0.9917,0.050
4461,128,9.297799e-04,1.0274,0.9935,0.052
4462,128,9.293954e-04,1.0065,0.9941,0.050
4463,128,9.290110e-04,1.0193,0.9954,0.049
4464,128,9.286265e-04,0.9858,0.9949,0.050
4465,128,9.282421e-04,0.9936,0.9948,0.051
4466,128,9.278577e-04,0.9951,0.9948,0.042
4467,128,9.274734e-04,0.9905,0.9946,0.054
4468,128,9.270890e-04,1.0194,0.9959,0.054
4469,128,9.267047e-04,1.0093,0.9965,0.056
4470,128,9.263204e-04,1.0045,0.9969,0.053
4471,128,9.259361e-04,1.0078,0.9975,0.049
4472,128,9.255518e-04,0.9796,0.9966,0.051
4473,128,9.251676e-04,0.9725,0.9954,0.047
4474,128,9.247833e-04,0.9752,0.9944,0.056
4475,128,9.243991e-04,1.0207,0.9957,0.061
4476,128,9.240149e-04,0.9847,0.9951,0.052
4477,128,9.236308e-04,1.0167,0.9962,0.056
4478,128,9.232466e-04,0.9883,0.9958,0.050
4479,128,9.228625e-04,0.9728,0.9947,0.052
4480,128,9.224784e-04,1.0253,0.9962,0.057
4481,128,9.220943e-04,1.0190,0.9973,0.053
4482,128,9.217103e-04,1.0152,0.9982,0.052
4483,128,9.213262e-04,0.9912,0.9979,0.050
4484,128,9.209422e-04,1.0044,0.9982,0.051
4485,128,9.205582e-04,1.0044,0.9985,0.052
4486,128,9.201742e-04,1.0009,0.9986,0.051
4487,128,9.197903e-04,0.9802,0.9977,0.048
4488,128,9.194064e-04,1.0116,0.9984,0.050
4489,128,9.190224e-04,1.0108,0.9990,0.058
4490,128,9.186386e-04,0.9786,0.9980,0.055
4491,128,9.182547e-04,1.0017,0.9982,0.045
4492,128,9.178708e-04,0.9875,0.9977,0.054
4493,128,9.174870e-04,0.9536,0.9955,0.056
4494,128,9.171032e-04,0.9839,0.9949,0.049
4495,128,9.167195e-04,0.9857,0.9944,0.046
4496,128,9.163357e-04,1.0005,0.9947,0.050
4497,128,9.159520e-04,0.9768,0.9938,0.043
4498,128,9.155683e-04,1.0156,0.9949,0.054
4499,128,9.151846e-04,0.9772,0.9940,0.045
4500,128,9.148009e-04,0.9911,0.9939,0.049
4501,128,9.144173e-04,0.9776,0.9931,0.043
4502,128,9.140336e-04,0.9716,0.9920,0.049
4503,128,9.136500e-04,1.0040,0.9926,0.048
4504,128,9.132665e-04,0.9633,0.9911,0.043
4505,128,9.128829e-04,0.9808,0.9906,0.054
4506,128,9.124994e-04,1.0058,0.9914,0.054
4507,128,9.121159e-04,1.0006,0.9918,0.053
4508,128,9.117324e-04,1.0352,0.9940,0.052
4509,128,9.113489e-04,0.9840,0.9935,0.051
4510,128,9.109655e-04,1.0081,0.9942,0.053
4511,128,9.105821e-04,1.0024,0.9946,0.057
4512,128,9.101987e-04,0.9877,0.9943,0.053
4513,128,9.098153e-04,0.9994,0.9945,0.052
4514,128,9.094320e-04,0.9973,0.9947,0.046
4515,128,9.090487e-04,0.9853,0.9942,0.049
4516,128,9.086654e-04,0.9998,0.9945,0.050
4517,128,9.082821e-04,0.9753,0.9935,0.043
4518,128,9.078988e-04,0.9826,0.9930,0.047
4519,128,9.075156e-04,0.9942,0.9930,0.053
4520,128,9.071324e-04,0.9909,0.9929,0.051
4521,128,9.067492e-04,0.9976,0.9932,0.051
4522,128,9.063661e-04,0.9831,0.9927,0.051
4523,128,9.059829e-04,0.9923,0.9926,0.055
4524,128,9.055998e-04,0.9980,0.9929,0.051
4525,128,9.052168e-04,1.0122,0.9939,0.052
4526,128,9.048337e-04,0.9946,0.9939,0.047
4527,128,9.044507e-04,0.9496,0.9917,0.045
4528,128,9.040677e-04,0.9773,0.9910,0.052
4529,128,9.036847e-04,0.9637,0.9896,0.053
4530,128,9.033017e-04,0.9825,0.9893,0.052
4531,128,9.029188e-04,0.9972,0.9897,0.049
4532,128,9.025359e-04,0.9680,0.9886,0.057
4533,128,9.021530e-04,0.9921,0.9887,0.051
4534,128,9.017701e-04,0.9897,0.9888,0.058
4535,128,9.013873e-04,0.9879,0.9887,0.050
4536,128,9.010044e-04,0.9920,0.9889,0.049
4537,128,9.006217e-04,0.9615,0.9875,0.049
4538,128,9.002389e-04,0.9946,0.9879,0.048
4539,128,8.998561e-04,0.9764,0.9873,0.052
4540,128,8.994734e-04,1.0069,0.9883,0.054
4541,128,8.990907e-04,1.0139,0.9896,0.066
4542,128,8.987081e-04,0.9841,0.9893,0.054
4543,128,8.983254e-04,0.9944,0.9896,0.056
4544,128,8.979428e-04,0.9923,0.9897,0.053
4545,128,8.975602e-04,0.9761,0.9890,0.046
4546,128,8.971777e-04,1.0218,0.9907,0.052
4547,128,8.967951e-04,0.9886,0.9906,0.049
4548,128,8.964126e-04,0.9958,0.9908,0.051
4549,128,8.960301e-04,0.9833,0.9904,0.051
4550,128,8.956477e-04,0.9951,0.9907,0.049
4551,128,8.952652e-04,0.9479,0.9885,0.046
4552,128,8.948828e-04,0.9763,0.9879,0.047
4553,128,8.945004e-04,0.9942,0.9882,0.046
4554,128,8.941181e-04,1.0152,0.9896,0.052
4555,128,8.937357e-04,0.9879,0.9895,0.047
4556,128,8.933534e-04,0.9981,0.9899,0.049
4557,128,8.929712e-04,0.9738,0.9891,0.043
4558,128,8.925889e-04,0.9794,0.9886,0.056
4559,128,8.922067e-04,1.0111,0.9898,0.050
4560,128,8.918245e-04,0.9600,0.9883,0.050
4561,128,8.914423e-04,1.0121,0.9895,0.047
4562,128,8.910602e-04,0.9971,0.9898,0.047
4563,128,8.906780e-04,1.0025,0.9905,0.051
4564,128,8.902959e-04,0.9943,0.9907,0.052
4565,128,8.899139e-04,0.9760,0.9899,0.056
4566,128,8.895318e-04,1.0145,0.9912,0.052
4567,128,8.891498e-04,0.9644,0.9898,0.054
4568,128,8.887678e-04,0.9600,0.9883,0.055
4569,128,8.883859e-04,0.9718,0.9875,0.048
4570,128,8.880039e-04,0.9968,0.9880,0.048
4571,128,8.876220e-04,0.9974,0.9884,0.051
4572,128,8.872401e-04,0.9940,0.9887,0.049
4573,128,8.868583e-04,1.0015,0.9894,0.048
4574,128,8.864764e-04,0.9867,0.9892,0.052
4575,128,8.860946e-04,0.9702,0.9883,0.049
4576,128,8.857129e-04,0.9805,0.9879,0.043
4577,128,8.853311e-04,0.9812,0.9876,0.051
4578,128,8.849494e-04,1.0162,0.9890,0.051
4579,128,8.845677e-04,0.9878,0.9889,0.048
4580,128,8.841861e-04,1.0165,0.9903,0.049
4581,128,8.838044e-04,1.0020,0.9909,0.053
4582,128,8.834228e-04,0.9794,0.9903,0.050
4583,128,8.830412e-04,1.0123,0.9914,0.053
4584,128,8.826597e-04,1.0024,0.9920,0.053
4585,128,8.822782e-04,0.9795,0.9913,0.045
4586,128,8.818967e-04,0.9782,0.9907,0.047
4587,128,8.815152e-04,0.9988,0.9911,0.048
4588,128,8.811337e-04,0.9932,0.9912,0.054
4589,128,8.807523e-04,0.9789,0.9906,0.044
4590,128,8.803709e-04,1.0117,0.9916,0.045
4591,128,8.799896e-04,0.9994,0.9920,0.052
4592,128,8.796083e-04,1.0084,0.9928,0.051
4593,128,8.792270e-04,0.9621,0.9913,0.048
4594,128,8.788457e-04,0.9934,0.9914,0.050
4595,128,8.784645e-04,1.0004,0.9919,0.050
4596,128,8.780832e-04,0.9823,0.9914,0.051
4597,128,8.777021e-04,0.9825,0.9909,0.051
4598,128,8.773209e-04,0.9722,0.9900,0.054
4599,128,8.769398e-04,0.9893,0.9900,0.054
4600,128,8.765587e-04,0.9736,0.9891,0.052
4601,128,8.761776e-04,0.9851,0.9889,0.044
4602,128,8.757966e-04,0.9896,0.9890,0.046
4603,128,8.754155e-04,0.9874,0.9889,0.049
4604,128,8.750346e-04,0.9938,0.9891,0.058
4605,128,8.746536e-04,1.0073,0.9900,0.052
4606,128,8.742727e-04,0.9939,0.9902,0.048
4607,128,8.738918e-04,0.9946,0.9905,0.048
4608,128,8.735109e-04,0.9817,0.9900,0.058
4609,128,8.731301e-04,0.9864,0.9898,0.056
4610,128,8.727493e-04,0.9684,0.9888,0.047
4611,128,8.723685e-04,0.9670,0.9877,0.051
4612,128,8.719878e-04,0.9978,0.9882,0.045
4613,128,8.716070e-04,0.9657,0.9871,0.053
4614,128,8.712263e-04,0.9976,0.9876,0.055
4615,128,8.708457e-04,0.9870,0.9876,0.048
4616,128,8.704651e-04,1.0164,0.9890,0.050
4617,128,8.700845e-04,1.0009,0.9896,0.052
4618,128,8.697039e-04,0.9658,0.9884,0.046
4619,128,8.693233e-04,0.9769,0.9878,0.054
4620,128,8.689428e-04,0.9834,0.9876,0.047
4621,128,8.685624e-04,0.9742,0.9869,0.049
4622,128,8.681819e-04,0.9972,0.9875,0.050
4623,128,8.678015e-04,1.0104,0.9886,0.057
4624,128,8.674211e-04,0.9745,0.9879,0.057
4625,128,8.670407e-04,0.9872,0.9879,0.054
4626,128,8.666604e-04,0.9757,0.9873,0.053
4627,128,8.662801e-04,0.9858,0.9872,0.052
4628,128,8.658998e-04,0.9720,0.9864,0.047
4629,128,8.655196e-04,1.0386,0.9890,0.055
4630,128,8.651394e-04,0.9879,0.9890,0.053
4631,128,8.647592e-04,0.9744,0.9882,0.051
4632,128,8.643791e-04,1.0161,0.9896,0.048
4633,128,8.639990e-04,1.0056,0.9904,0.051
4634,128,8.636189e-04,0.9955,0.9907,0.049
4635,128,8.632388e-04,1.0021,0.9913,0.048
4636,128,8.628588e-04,1.0149,0.9924,0.054
4637,128,8.624788e-04,0.9926,0.9925,0.050
4638,128,8.620989e-04,0.9842,0.9920,0.048
4639,128,8.617190e-04,0.9972,0.9923,0.049
4640,128,8.613391e-04,0.9868,0.9920,0.044
4641,128,8.609592e-04,0.9701,0.9909,0.047
4642,128,8.605794e-04,0.9663,0.9897,0.048
4643,128,8.601996e-04,0.9954,0.9900,0.047
4644,128,8.598198e-04,0.9910,0.9900,0.055
4645,128,8.594401e-04,0.9739,0.9892,0.043
4646,128,8.590603e-04,0.9553,0.9875,0.047
4647,128,8.586807e-04,0.9672,0.9865,0.044
4648,128,8.583010e-04,0.9856,0.9865,0.050
4649,128,8.579214e-04,0.9684,0.9856,0.049
4650,128,8.575418e-04,0.9886,0.9857,0.048
4651,128,8.571623e-04,0.9969,0.9863,0.050
4652,128,8.567828e-04,0.9915,0.9865,0.043
4653,128,8.564033e-04,0.9730,0.9859,0.050
4654,128,8.560239e-04,1.0090,0.9870,0.048
4655,128,8.556444e-04,0.9830,0.9868,0.044
4656,128,8.552651e-04,1.0103,0.9880,0.048
4657,128,8.548857e-04,0.9656,0.9869,0.046
4658,128,8.545064e-04,0.9736,0.9862,0.054
4659,128,8.541271e-04,0.9854,0.9862,0.044
4660,128,8.537478e-04,0.9775,0.9857,0.049
4661,128,8.533686e-04,0.9291,0.9829,0.043
4662,128,8.529894e-04,0.9901,0.9833,0.049
4663,128,8.526103e-04,0.9318,0.9807,0.045
4664,128,8.522311e-04,0.9879,0.9810,0.052
4665,128,8.518521e-04,1.0131,0.9827,0.060
4666,128,8.514730e-04,0.9744,0.9822,0.048
4667,128,8.510940e-04,0.9920,0.9827,0.047
4668,128,8.507150e-04,1.0144,0.9843,0.055
4669,128,8.503360e-04,1.0054,0.9854,0.051
4670,128,8.499571e-04,0.9812,0.9852,0.050
4671,128,8.495782e-04,0.9846,0.9851,0.051
4672,128,8.491993e-04,0.9821,0.9850,0.045
4673,128,8.488205e-04,0.9715,0.9843,0.049
4674,128,8.484417e-04,0.9731,0.9837,0.049
4675,128,8.480630e-04,0.9870,0.9839,0.049
4676,128,8.476843e-04,0.9885,0.9841,0.049
4677,128,8.473056e-04,0.9705,0.9835,0.047
4678,128,8.469269e-04,0.9652,0.9825,0.051
4679,128,8.465483e-04,0.9654,0.9817,0.045
4680,128,8.461697e-04,1.0094,0.9831,0.054
4681,128,8.457911e-04,1.0028,0.9841,0.054
4682,128,8.454126e-04,0.9947,0.9846,0.061
4683,128,8.450341e-04,0.9928,0.9850,0.052
4684,128,8.446557e-04,1.0265,0.9871,0.052
4685,128,8.442773e-04,0.9700,0.9862,0.052
4686,128,8.438989e-04,0.9951,0.9867,0.051
4687,128,8.435205e-04,0.9630,0.9855,0.049
4688,128,8.431422e-04,0.9821,0.9853,0.050
4689,128,8.427639e-04,0.9623,0.9842,0.049
4690,128,8.423857e-04,0.9884,0.9844,0.052
4691,128,8.420075e-04,0.9794,0.9841,0.055
4692,128,8.416293e-04,0.9782,0.9838,0.046
4693,128,8.412511e-04,0.9983,0.9846,0.052
4694,128,8.408730e-04,1.0004,0.9853,0.047
4695,128,8.404950e-04,0.9862,0.9854,0.047
4696,128,8.401169e-04,0.9948,0.9859,0.056
4697,128,8.397389e-04,0.9704,0.9851,0.050
4698,128,8.393609e-04,0.9581,0.9837,0.054
4699,128,8.389830e-04,0.9579,0.9824,0.046
4700,128,8.386051e-04,0.9928,0.9830,0.047
4701,128,8.382272e-04,0.9961,0.9836,0.055
4702,128,8.378494e-04,0.9871,0.9838,0.047
4703,128,8.374716e-04,0.9519,0.9822,0.050
4704,128,8.370939e-04,0.9666,0.9814,0.045
4705,128,8.367161e-04,1.0161,0.9832,0.066
4706,128,8.363385e-04,1.0489,0.9864,0.063
4707,128,8.359608e-04,0.9971,0.9870,0.050
4708,128,8.355832e-04,1.0055,0.9879,0.048
4709,128,8.352056e-04,1.0117,0.9891,0.046
4710,128,8.348281e-04,0.9802,0.9886,0.042
4711,128,8.344506e-04,1.0069,0.9896,0.048
4712,128,8.340731e-04,1.0100,0.9906,0.050
4713,128,8.336957e-04,0.9762,0.9899,0.048
4714,128,8.333183e-04,1.0155,0.9911,0.047
4715,128,8.329409e-04,1.0063,0.9919,0.049
4716,128,8.325636e-04,0.9824,0.9914,0.059
4717,128,8.321863e-04,0.9806,0.9909,0.050
4718,128,8.318090e-04,0.9980,0.9912,0.049
4719,128,8.314318e-04,0.9703,0.9902,0.049
4720,128,8.310546e-04,0.9512,0.9882,0.041
4721,128,8.306775e-04,1.0290,0.9903,0.062
4722,128,8.303004e-04,0.9812,0.9898,0.050
4723,128,8.299233e-04,0.9909,0.9899,0.053
4724,128,8.295462e-04,0.9693,0.9889,0.052
4725,128,8.291692e-04,0.9935,0.9891,0.047
4726,128,8.287923e-04,0.9689,0.9881,0.046
4727,128,8.284154e-04,1.0008,0.9887,0.050
4728,128,8.280385e-04,1.0021,0.9894,0.046
4729,128,8.276616e-04,0.9646,0.9881,0.052
4730,128,8.272848e-04,0.9944,0.9885,0.050
4731,128,8.269080e-04,0.9862,0.9883,0.049
4732,128,8.265313e-04,0.9624,0.9870,0.052
4733,128,8.261546e-04,1.0070,0.9880,0.052
4734,128,8.257779e-04,0.9624,0.9868,0.050
4735,128,8.254013e-04,1.0043,0.9876,0.049
4736,128,8.250247e-04,1.0014,0.9883,0.058
4737,128,8.246481e-04,0.9973,0.9888,0.048
4738,128,8.242716e-04,0.9908,0.9889,0.057
4739,128,8.238951e-04,0.9666,0.9878,0.048
4740,128,8.235187e-04,1.0010,0.9884,0.053
4741,128,8.231423e-04,0.9980,0.9889,0.049
4742,128,8.227659e-04,1.0054,0.9897,0.047
4743,128,8.223896e-04,1.0296,0.9917,0.055
4744,128,8.220133e-04,0.9174,0.9880,0.044
4745,128,8.216370e-04,0.9987,0.9885,0.048
4746,128,8.212608e-04,0.9952,0.9889,0.045
4747,128,8.208847e-04,1.0033,0.9896,0.054
4748,128,8.205085e-04,1.0169,0.9910,0.042
4749,128,8.201324e-04,0.9964,0.9912,0.050
4750,128,8.197563e-04,0.9942,0.9914,0.047
4751,128,8.193803e-04,0.9689,0.9903,0.047
4752,128,8.190043e-04,0.9755,0.9895,0.046
4753,128,8.186284e-04,0.9891,0.9895,0.056
4754,128,8.182525e-04,1.0027,0.9902,0.049
4755,128,8.178766e-04,0.9709,0.9892,0.048
4756,128,8.175008e-04,0.9909,0.9893,0.055
4757,128,8.171250e-04,0.9969,0.9897,0.053
4758,128,8.167492e-04,0.9613,0.9882,0.047
4759,128,8.163735e-04,0.9791,0.9878,0.048
4760,128,8.159978e-04,0.9569,0.9862,0.052
4761,128,8.156222e-04,0.9813,0.9860,0.052
4762,128,8.152466e-04,1.0096,0.9872,0.047
4763,128,8.148710e-04,0.9772,0.9867,0.050
4764,128,8.144955e-04,0.9773,0.9862,0.050
4765,128,8.141200e-04,1.0005,0.9869,0.052
4766,128,8.137446e-04,1.0015,0.9877,0.046
4767,128,8.133692e-04,0.9810,0.9873,0.054
4768,128,8.129938e-04,0.9758,0.9867,0.048
4769,128,8.126185e-04,0.9673,0.9858,0.045
4770,128,8.122432e-04,0.9793,0.9854,0.055
4771,128,8.118680e-04,0.9934,0.9858,0.048
4772,128,8.114928e-04,0.9791,0.9855,0.053
4773,128,8.111176e-04,0.9715,0.9848,0.051
4774,128,8.107425e-04,1.0313,0.9871,0.053
4775,128,8.103674e-04,0.9744,0.9865,0.048
4776,128,8.099924e-04,0.9791,0.9861,0.054
4777,128,8.096174e-04,0.9863,0.9861,0.047
4778,128,8.092424e-04,1.0134,0.9875,0.049
4779,128,8.088675e-04,0.9817,0.9872,0.047
4780,128,8.084926e-04,0.9548,0.9856,0.040
4781,128,8.081177e-04,0.9922,0.9859,0.048
4782,128,8.077429e-04,0.9958,0.9864,0.045
4783,128,8.073682e-04,0.9630,0.9852,0.051
4784,128,8.069934e-04,0.9918,0.9856,0.050
4785,128,8.066188e-04,0.9810,0.9853,0.051
4786,128,8.062441e-04,0.9947,0.9858,0.048
4787,128,8.058695e-04,0.9971,0.9864,0.052
4788,128,8.054950e-04,0.9542,0.9848,0.043
4789,128,8.051204e-04,0.9968,0.9854,0.053
4790,128,8.047460e-04,0.9765,0.9849,0.049
4791,128,8.043715e-04,0.9945,0.9854,0.048
4792,128,8.039971e-04,1.0081,0.9865,0.047
4793,128,8.036228e-04,0.9729,0.9859,0.046
4794,128,8.032484e-04,0.9912,0.9861,0.056
4795,128,8.028742e-04,0.9646,0.9850,0.048
4796,128,8.024999e-04,0.9775,0.9847,0.041
4797,128,8.021257e-04,0.9758,0.9842,0.050
4798,128,8.017516e-04,0.9707,0.9835,0.048
4799,128,8.013775e-04,0.9645,0.9826,0.046
4800,128,8.010034e-04,0.9550,0.9812,0.044
4801,128,8.006294e-04,0.9721,0.9808,0.051
4802,128,8.002554e-04,0.9671,0.9801,0.051
4803,128,7.998814e-04,1.0000,0.9811,0.046
4804,128,7.995075e-04,0.9741,0.9807,0.047
4805,128,7.991337e-04,0.9706,0.9802,0.053
4806,128,7.987599e-04,0.9937,0.9809,0.049
4807,128,7.983861e-04,0.9865,0.9812,0.052
4808,128,7.980123e-04,0.9717,0.9807,0.055
4809,128,7.976386e-04,0.9690,0.9801,0.050
4810,128,7.972650e-04,0.9534,0.9788,0.045
4811,128,7.968914e-04,1.0352,0.9816,0.049
4812,128,7.965178e-04,1.0047,0.9827,0.050
4813,128,7.961443e-04,0.9779,0.9825,0.048
4814,128,7.957708e-04,1.0121,0.9840,0.050
4815,128,7.953974e-04,0.9791,0.9837,0.047
4816,128,7.950240e-04,0.9680,0.9829,0.043
4817,128,7.946506e-04,0.9726,0.9824,0.041
4818,128,7.942773e-04,0.9796,0.9823,0.043
4819,128,7.939040e-04,0.9437,0.9804,0.047
4820,128,7.935308e-04,0.9740,0.9800,0.046
4821,128,7.931576e-04,0.9941,0.9807,0.052
4822,128,7.927845e-04,0.9768,0.9805,0.045
4823,128,7.924114e-04,1.0095,0.9820,0.052
4824,128,7.920383e-04,0.9966,0.9827,0.048
4825,128,7.916653e-04,0.9608,0.9816,0.043
4826,128,7.912923e-04,0.9851,0.9818,0.048
4827,128,7.909194e-04,0.9722,0.9813,0.043
4828,128,7.905465e-04,0.9838,0.9814,0.053
4829,128,7.901737e-04,0.9512,0.9799,0.043
4830,128,7.898009e-04,0.9905,0.9805,0.046
4831,128,7.894281e-04,0.9815,0.9805,0.045
4832,128,7.890554e-04,1.0042,0.9817,0.047
4833,128,7.886827e-04,0.9441,0.9798,0.048
4834,128,7.883101e-04,0.9678,0.9792,0.044
4835,128,7.879375e-04,0.9655,0.9785,0.045
4836,128,7.875650e-04,0.9783,0.9785,0.046
4837,128,7.871925e-04,0.9781,0.9785,0.047
4838,128,7.868200e-04,0.9803,0.9786,0.044
4839,128,7.864476e-04,0.9836,0.9788,0.052
4840,128,7.860753e-04,0.9264,0.9762,0.046
4841,128,7.857030e-04,0.9641,0.9756,0.044
4842,128,7.853307e-04,0.9645,0.9751,0.053
4843,128,7.849584e-04,0.9694,0.9748,0.052
4844,128,7.845863e-04,0.9865,0.9754,0.044
4845,128,7.842141e-04,0.9789,0.9755,0.051
4846,128,7.838420e-04,0.9939,0.9765,0.050
4847,128,7.834700e-04,0.9782,0.9765,0.051
4848,128,7.830980e-04,1.0083,0.9781,0.055
4849,128,7.827260e-04,0.9782,0.9781,0.046
4850,128,7.823541e-04,0.9458,0.9765,0.055
4851,128,7.819822e-04,0.9622,0.9758,0.045
4852,128,7.816104e-04,0.9931,0.9767,0.046
4853,128,7.812386e-04,0.9821,0.9769,0.050
4854,128,7.808668e-04,0.9991,0.9781,0.057
4855,128,7.804951e-04,0.9626,0.9773,0.055
4856,128,7.801235e-04,0.9823,0.9775,0.047
4857,128,7.797519e-04,1.0037,0.9788,0.052
4858,128,7.793803e-04,0.9916,0.9795,0.044
4859,128,7.790088e-04,0.9980,0.9804,0.052
4860,128,7.786373e-04,0.9825,0.9805,0.051
4861,128,7.782659e-04,1.0108,0.9820,0.051
4862,128,7.778945e-04,0.9879,0.9823,0.049
4863,128,7.775232e-04,0.9758,0.9820,0.046
4864,128,7.771519e-04,1.0017,0.9830,0.053
4865,128,7.767806e-04,0.9972,0.9837,0.051
4866,128,7.764094e-04,0.9832,0.9837,0.050
4867,128,7.760383e-04,0.9881,0.9839,0.046
4868,128,7.756672e-04,0.9721,0.9833,0.050
4869,128,7.752961e-04,0.9679,0.9825,0.053
4870,128,7.749251e-04,0.9760,0.9822,0.050
4871,128,7.745541e-04,0.9845,0.9823,0.047
4872,128,7.741832e-04,1.0235,0.9844,0.054
4873,128,7.738123e-04,0.9851,0.9844,0.050
4874,128,7.734415e-04,0.9872,0.9845,0.046
4875,128,7.730707e-04,1.0082,0.9857,0.049
4876,128,7.726999e-04,0.9819,0.9855,0.050
4877,128,7.723293e-04,0.9721,0.9849,0.047
4878,128,7.719586e-04,0.9825,0.9847,0.046
4879,128,7.715880e-04,0.9835,0.9847,0.049
4880,128,7.712174e-04,0.9583,0.9834,0.044
4881,128,7.708469e-04,0.9950,0.9839,0.051
4882,128,7.704765e-04,0.9997,0.9847,0.057
4883,128,7.701060e-04,0.9866,0.9848,0.051
4884,128,7.697357e-04,0.9928,0.9852,0.046
4885,128,7.693654e-04,0.9913,0.9855,0.050
4886,128,7.689951e-04,0.9467,0.9836,0.048
4887,128,7.686248e-04,1.0028,0.9845,0.050
4888,128,7.682547e-04,0.9965,0.9851,0.050
4889,128,7.678845e-04,0.9658,0.9842,0.048
4890,128,7.675144e-04,0.9987,0.9849,0.054
4891,128,7.671444e-04,0.9814,0.9847,0.044
4892,128,7.667744e-04,0.9791,0.9844,0.049
4893,128,7.664044e-04,0.9947,0.9850,0.045
4894,128,7.660345e-04,0.9877,0.9851,0.050
4895,128,7.656647e-04,0.9646,0.9841,0.049
4896,128,7.652949e-04,0.9854,0.9841,0.048
4897,128,7.649251e-04,0.9724,0.9835,0.059
4898,128,7.645554e-04,0.9703,0.9829,0.046
4899,128,7.641857e-04,0.9698,0.9822,0.047
4900,128,7.638161e-04,0.9657,0.9814,0.046
4901,128,7.634466e-04,0.9648,0.9806,0.047
4902,128,7.630770e-04,0.9938,0.9812,0.047
4903,128,7.627076e-04,1.0128,0.9828,0.048
4904,128,7.623381e-04,0.9952,0.9834,0.048
4905,128,7.619687e-04,1.0010,0.9843,0.049
4906,128,7.615994e-04,0.9899,0.9846,0.052
4907,128,7.612301e-04,0.9920,0.9850,0.048
4908,128,7.608609e-04,0.9564,0.9835,0.045
4909,128,7.604917e-04,0.9794,0.9833,0.046
4910,128,7.601226e-04,0.9887,0.9836,0.052
4911,128,7.597535e-04,0.9929,0.9841,0.051
4912,128,7.593844e-04,0.9895,0.9843,0.046
4913,128,7.590154e-04,0.9924,0.9847,0.049
4914,128,7.586465e-04,0.9896,0.9850,0.051
4915,128,7.582776e-04,0.9613,0.9838,0.049
4916,128,7.579088e-04,1.0194,0.9856,0.049
4917,128,7.575400e-04,0.9357,0.9831,0.045
4918,128,7.571712e-04,0.9817,0.9830,0.042
4919,128,7.568025e-04,0.9315,0.9804,0.044
4920,128,7.564339e-04,0.9963,0.9812,0.048
4921,128,7.560653e-04,0.9878,0.9816,0.052
4922,128,7.556967e-04,0.9749,0.9812,0.041
4923,128,7.553282e-04,1.0087,0.9826,0.047
4924,128,7.549597e-04,1.0026,0.9836,0.048
4925,128,7.545913e-04,0.9801,0.9834,0.045
4926,128,7.542230e-04,1.0124,0.9849,0.053
4927,128,7.538547e-04,0.9815,0.9847,0.045
4928,128,7.534864e-04,0.9796,0.9844,0.049
4929,128,7.531182e-04,0.9962,0.9850,0.044
4930,128,7.527500e-04,0.9905,0.9853,0.049
4931,128,7.523819e-04,0.9142,0.9818,0.043
4932,128,7.520138e-04,0.9755,0.9814,0.045
4933,128,7.516458e-04,0.9811,0.9814,0.043
4934,128,7.512779e-04,1.0175,0.9832,0.053
4935,128,7.509100e-04,0.9928,0.9837,0.051
4936,128,7.505421e-04,1.0005,0.9845,0.051
4937,128,7.501743e-04,0.9886,0.9847,0.054
4938,128,7.498065e-04,0.9917,0.9851,0.050
4939,128,7.494388e-04,0.9925,0.9855,0.049
4940,128,7.490711e-04,0.9640,0.9844,0.045
4941,128,7.487035e-04,0.9359,0.9820,0.049
4942,128,7.483360e-04,0.9569,0.9807,0.047
4943,128,7.479684e-04,0.9919,0.9813,0.060
4944,128,7.476010e-04,0.9908,0.9817,0.049
4945,128,7.472336e-04,1.0059,0.9830,0.054
4946,128,7.468662e-04,0.9876,0.9832,0.046
4947,128,7.464989e-04,0.9632,0.9822,0.047
4948,128,7.461316e-04,0.9881,0.9825,0.054
4949,128,7.457644e-04,0.9782,0.9823,0.043
4950,128,7.453973e-04,0.9774,0.9820,0.048
4951,128,7.450302e-04,0.9859,0.9822,0.047
4952,128,7.446631e-04,0.9977,0.9830,0.049
4953,128,7.442961e-04,0.9660,0.9821,0.047
4954,128,7.439291e-04,0.9832,0.9822,0.050
4955,128,7.435622e-04,0.9796,0.9821,0.051
4956,128,7.431954e-04,0.9694,0.9814,0.045
4957,128,7.428286e-04,1.0085,0.9828,0.047
4958,128,7.424618e-04,0.9779,0.9825,0.046
4959,128,7.420951e-04,0.9851,0.9827,0.051
4960,128,7.417285e-04,0.9524,0.9812,0.043
4961,128,7.413619e-04,0.9749,0.9808,0.049
4962,128,7.409953e-04,1.0170,0.9827,0.049
4963,128,7.406288e-04,0.9820,0.9826,0.050
4964,128,7.402624e-04,0.9803,0.9825,0.061
4965,128,7.398960e-04,0.9813,0.9824,0.063
4966,128,7.395296e-04,1.0157,0.9841,0.057
4967,128,7.391633e-04,0.9597,0.9829,0.052
4968,128,7.387971e-04,0.9617,0.9818,0.054
4969,128,7.384309e-04,0.9776,0.9816,0.047
4970,128,7.380648e-04,0.9440,0.9797,0.042
4971,128,7.376987e-04,1.0105,0.9813,0.050
4972,128,7.373327e-04,0.9628,0.9803,0.053
4973,128,7.369667e-04,0.9799,0.9803,0.048
4974,128,7.366008e-04,0.9806,0.9803,0.043
4975,128,7.362349e-04,0.9996,0.9813,0.049
4976,128,7.358691e-04,0.9782,0.9811,0.047
4977,128,7.355033e-04,0.9855,0.9814,0.045
4978,128,7.351376e-04,0.9692,0.9808,0.043
4979,128,7.347719e-04,0.9672,0.9801,0.041
4980,128,7.344063e-04,1.0020,0.9812,0.041
4981,128,7.340407e-04,0.9863,0.9814,0.042
4982,128,7.336752e-04,0.9682,0.9808,0.040
4983,128,7.333098e-04,0.9624,0.9798,0.042
4984,128,7.329444e-04,0.9372,0.9777,0.044
4985,128,7.325790e-04,0.9713,0.9774,0.046
4986,128,7.322137e-04,0.9865,0.9778,0.047
4987,128,7.318485e-04,0.9591,0.9769,0.048
4988,128,7.314833e-04,1.0051,0.9783,0.046
4989,128,7.311182e-04,0.9440,0.9766,0.046
4990,128,7.307531e-04,0.9785,0.9767,0.050
4991,128,7.303880e-04,0.9702,0.9764,0.053
4992,128,7.300231e-04,0.9725,0.9762,0.047
4993,128,7.296581e-04,0.9652,0.9756,0.046
4994,128,7.292933e-04,0.9824,0.9760,0.045
4995,128,7.289285e-04,0.9799,0.9762,0.043
4996,128,7.285637e-04,0.9810,0.9764,0.046
4997,128,7.281990e-04,1.0166,0.9784,0.045
4998,128,7.278343e-04,0.9886,0.9789,0.046
4999,128,7.274697e-04,0.9601,0.9780,0.045
5000,128,7.271052e-04,0.9796,0.9781,0.044
5001,128,7.267407e-04,0.9848,0.9784,0.049
5002,128,7.263762e-04,0.9558,0.9773,0.050
5003,128,7.260118e-04,0.9635,0.9766,0.046
5004,128,7.256475e-04,0.9836,0.9769,0.043
5005,128,7.252832e-04,0.9883,0.9775,0.049
5006,128,7.249190e-04,0.9679,0.9770,0.046
5007,128,7.245548e-04,0.9646,0.9764,0.044
5008,128,7.241907e-04,0.9767,0.9764,0.050
5009,128,7.238266e-04,1.0109,0.9781,0.051
5010,128,7.234626e-04,1.0143,0.9799,0.055
5011,128,7.230987e-04,0.9733,0.9796,0.048
5012,128,7.227348e-04,0.9885,0.9801,0.051
5013,128,7.223709e-04,0.9701,0.9796,0.047
5014,128,7.220071e-04,0.9665,0.9789,0.043
5015,128,7.216434e-04,0.9513,0.9775,0.043
5016,128,7.212797e-04,0.9732,0.9773,0.050
5017,128,7.209161e-04,0.9761,0.9773,0.049
5018,128,7.205525e-04,0.9750,0.9771,0.047
5019,128,7.201890e-04,1.0022,0.9784,0.056
5020,128,7.198255e-04,0.9643,0.9777,0.048
5021,128,7.194621e-04,0.9547,0.9765,0.045
5022,128,7.190988e-04,0.9989,0.9777,0.045
5023,128,7.187355e-04,0.9962,0.9786,0.045
5024,128,7.183722e-04,0.9720,0.9783,0.044
5025,128,7.180090e-04,0.9669,0.9777,0.047
5026,128,7.176459e-04,0.9471,0.9762,0.043
5027,128,7.172828e-04,0.9790,0.9763,0.051
5028,128,7.169198e-04,0.9725,0.9761,0.058
5029,128,7.165568e-04,0.9690,0.9758,0.052
5030,128,7.161939e-04,0.9616,0.9750,0.050
5031,128,7.158311e-04,0.9968,0.9761,0.047
5032,128,7.154683e-04,0.9559,0.9751,0.051
5033,128,7.151055e-04,0.9753,0.9751,0.046
5034,128,7.147428e-04,1.0034,0.9765,0.049
5035,128,7.143802e-04,1.0048,0.9779,0.043
5036,128,7.140176e-04,1.0013,0.9791,0.051
5037,128,7.136551e-04,0.9882,0.9796,0.046
5038,128,7.132926e-04,0.9750,0.9793,0.046
5039,128,7.129302e-04,0.9444,0.9776,0.045
5040,128,7.125679e-04,0.9962,0.9785,0.048
5041,128,7.122056e-04,0.9604,0.9776,0.046
5042,128,7.118433e-04,0.9680,0.9771,0.048
5043,128,7.114811e-04,1.0043,0.9785,0.051
5044,128,7.111190e-04,0.9978,0.9795,0.050
5045,128,7.107569e-04,0.9376,0.9774,0.046
5046,128,7.103949e-04,0.9659,0.9768,0.058
5047,128,7.100330e-04,0.9630,0.9761,0.045
5048,128,7.096711e-04,0.9879,0.9767,0.045
5049,128,7.093092e-04,1.0086,0.9783,0.053
5050,128,7.089474e-04,0.9775,0.9782,0.044
5051,128,7.085857e-04,0.9774,0.9782,0.044
5052,128,7.082240e-04,0.9809,0.9783,0.042
5053,128,7.078624e-04,0.9667,0.9778,0.039
5054,128,7.075008e-04,0.9570,0.9767,0.042
5055,128,7.071393e-04,0.9909,0.9774,0.049
5056,128,7.067779e-04,1.0119,0.9792,0.042
5057,128,7.064165e-04,0.9857,0.9795,0.050
5058,128,7.060552e-04,0.9912,0.9801,0.045
5059,128,7.056939e-04,0.9389,0.9780,0.050
5060,128,7.053327e-04,0.9867,0.9784,0.055
5061,128,7.049715e-04,0.9818,0.9786,0.042
5062,128,7.046104e-04,0.9913,0.9792,0.053
5063,128,7.042494e-04,0.9793,0.9792,0.051
5064,128,7.038884e-04,0.9696,0.9788,0.043
5065,128,7.035275e-04,0.9634,0.9780,0.043
5066,128,7.031666e-04,0.9418,0.9762,0.049
5067,128,7.028058e-04,0.9916,0.9770,0.048
5068,128,7.024450e-04,0.9523,0.9757,0.049
5069,128,7.020843e-04,0.9732,0.9756,0.051
5070,128,7.017237e-04,0.9835,0.9760,0.045
5071,128,7.013631e-04,1.0007,0.9772,0.050
5072,128,7.010026e-04,0.9923,0.9780,0.054
5073,128,7.006421e-04,0.9538,0.9768,0.043
5074,128,7.002817e-04,0.9895,0.9774,0.048
5075,128,6.999213e-04,0.9719,0.9771,0.042
5076,128,6.995610e-04,0.9668,0.9766,0.042
5077,128,6.992008e-04,0.9663,0.9761,0.043
5078,128,6.988406e-04,0.9857,0.9766,0.051
5079,128,6.984805e-04,1.0037,0.9779,0.047
5080,128,6.981204e-04,1.0066,0.9794,0.051
5081,128,6.977604e-04,0.9606,0.9784,0.047
5082,128,6.974005e-04,0.9950,0.9793,0.052
5083,128,6.970406e-04,0.9849,0.9795,0.043
5084,128,6.966808e-04,0.9849,0.9798,0.044
5085,128,6.963210e-04,0.9988,0.9808,0.045
5086,128,6.959613e-04,0.9823,0.9808,0.047
5087,128,6.956017e-04,0.9678,0.9802,0.044
5088,128,6.952421e-04,0.9787,0.9801,0.046
5089,128,6.948826e-04,0.9777,0.9800,0.045
5090,128,6.945231e-04,0.9985,0.9809,0.044
5091,128,6.941637e-04,1.0075,0.9822,0.047
5092,128,6.938043e-04,0.9582,0.9810,0.046
5093,128,6.934450e-04,0.9641,0.9802,0.047
5094,128,6.930858e-04,1.0119,0.9818,0.050
5095,128,6.927266e-04,0.9847,0.9819,0.049
5096,128,6.923675e-04,0.9589,0.9808,0.049
5097,128,6.920084e-04,0.9428,0.9789,0.047
5098,128,6.916494e-04,0.9620,0.9780,0.049
5099,128,6.912905e-04,0.9929,0.9788,0.047
5100,128,6.909316e-04,0.9519,0.9774,0.047
5101,128,6.905728e-04,0.9717,0.9771,0.050
5102,128,6.902141e-04,0.9817,0.9774,0.050
5103,128,6.898554e-04,0.9902,0.9780,0.049
5104,128,6.894967e-04,0.9972,0.9790,0.048
5105,128,6.891381e-04,0.9812,0.9791,0.046
5106,128,6.887796e-04,0.9669,0.9785,0.048
5107,128,6.884212e-04,0.9906,0.9791,0.049
5108,128,6.880628e-04,0.9736,0.9788,0.043
5109,128,6.877044e-04,0.9801,0.9789,0.044
5110,128,6.873462e-04,0.9921,0.9795,0.042
5111,128,6.869879e-04,0.9720,0.9792,0.046
5112,128,6.866298e-04,0.9506,0.9777,0.047
5113,128,6.862717e-04,1.0072,0.9792,0.046
5114,128,6.859137e-04,0.9702,0.9788,0.047
5115,128,6.855557e-04,0.9934,0.9795,0.049
5116,128,6.851978e-04,0.9629,0.9787,0.046
5117,128,6.848399e-04,0.9676,0.9781,0.048
5118,128,6.844821e-04,0.9958,0.9790,0.057
5119,128,6.841244e-04,0.9696,0.9785,0.049
5120,128,6.837667e-04,0.9570,0.9774,0.053
5121,128,6.834091e-04,0.9951,0.9783,0.045
5122,128,6.830516e-04,0.9803,0.9784,0.048
5123,128,6.826941e-04,0.9475,0.9769,0.044
5124,128,6.823367e-04,0.9852,0.9773,0.043
5125,128,6.819793e-04,0.9905,0.9780,0.050
5126,128,6.816220e-04,0.9710,0.9776,0.053
5127,128,6.812648e-04,0.9657,0.9770,0.044
5128,128,6.809076e-04,1.0029,0.9783,0.055
5129,128,6.805505e-04,0.9735,0.9781,0.055
5130,128,6.801934e-04,0.9964,0.9790,0.048
5131,128,6.798364e-04,1.0027,0.9802,0.049
5132,128,6.794795e-04,0.9672,0.9795,0.046
5133,128,6.791226e-04,0.9926,0.9802,0.043
5134,128,6.787658e-04,1.0270,0.9825,0.049
5135,128,6.784090e-04,0.9605,0.9814,0.046
5136,128,6.780523e-04,1.0023,0.9825,0.048
5137,128,6.776957e-04,0.9941,0.9830,0.049
5138,128,6.773392e-04,0.9957,0.9837,0.049
5139,128,6.769827e-04,0.9875,0.9839,0.042
5140,128,6.766262e-04,0.9676,0.9831,0.043
5141,128,6.762698e-04,0.9828,0.9830,0.050
5142,128,6.759135e-04,0.9613,0.9820,0.041
5143,128,6.755573e-04,0.9793,0.9818,0.042
5144,128,6.752011e-04,0.9677,0.9811,0.041
5145,128,6.748450e-04,0.9843,0.9813,0.045
5146,128,6.744889e-04,0.9921,0.9818,0.050
5147,128,6.741329e-04,0.9452,0.9800,0.046
5148,128,6.737769e-04,0.9951,0.9807,0.048
5149,128,6.734211e-04,0.9627,0.9798,0.046
5150,128,6.730653e-04,0.9861,0.9802,0.049
5151,128,6.727095e-04,0.9844,0.9804,0.040
5152,128,6.723538e-04,0.9836,0.9805,0.048
5153,128,6.719982e-04,0.9839,0.9807,0.050
5154,128,6.716426e-04,0.9805,0.9807,0.053
5155,128,6.712871e-04,0.9601,0.9797,0.047
5156,128,6.709317e-04,0.9747,0.9794,0.048
5157,128,6.705763e-04,0.9902,0.9799,0.054
5158,128,6.702210e-04,0.9513,0.9785,0.046
5159,128,6.698658e-04,0.9858,0.9789,0.050
5160,128,6.695106e-04,1.0105,0.9805,0.048
5161,128,6.691554e-04,0.9947,0.9812,0.050
5162,128,6.688004e-04,0.9791,0.9811,0.046
5163,128,6.684454e-04,0.9817,0.9811,0.047
5164,128,6.680905e-04,0.9624,0.9802,0.042
5165,128,6.677356e-04,0.9577,0.9790,0.043
5166,128,6.673808e-04,0.9920,0.9797,0.045
5167,128,6.670260e-04,0.9854,0.9800,0.045
5168,128,6.666714e-04,0.9787,0.9799,0.051
5169,128,6.663168e-04,0.9896,0.9804,0.045
5170,128,6.659622e-04,0.9917,0.9810,0.051
5171,128,6.656077e-04,0.9883,0.9813,0.042
5172,128,6.652533e-04,0.9790,0.9812,0.049
5173,128,6.648989e-04,0.9679,0.9805,0.043
5174,128,6.645447e-04,0.9667,0.9799,0.042
5175,128,6.641904e-04,0.9642,0.9791,0.047
5176,128,6.638363e-04,0.9565,0.9779,0.042
5177,128,6.634822e-04,0.9893,0.9785,0.049
5178,128,6.631281e-04,0.9748,0.9783,0.057
5179,128,6.627742e-04,0.9510,0.9770,0.044
5180,128,6.624202e-04,0.9907,0.9776,0.049
5181,128,6.620664e-04,0.9629,0.9769,0.043
5182,128,6.617126e-04,0.9831,0.9772,0.052
5183,128,6.613589e-04,0.9916,0.9779,0.052
5184,128,6.610053e-04,0.9945,0.9788,0.051
5185,128,6.606517e-04,0.9428,0.9770,0.054
5186,128,6.602982e-04,0.9707,0.9767,0.052
5187,128,6.599447e-04,0.9681,0.9762,0.046
5188,128,6.595913e-04,0.9721,0.9760,0.052
5189,128,6.592380e-04,0.9786,0.9761,0.041
5190,128,6.588847e-04,1.0078,0.9777,0.048
5191,128,6.585315e-04,0.9919,0.9784,0.047
5192,128,6.581784e-04,0.9976,0.9794,0.049
5193,128,6.578254e-04,0.9669,0.9788,0.041
5194,128,6.574724e-04,0.9461,0.9771,0.045
5195,128,6.571194e-04,0.9762,0.9771,0.042
5196,128,6.567666e-04,0.9370,0.9751,0.041
5197,128,6.564138e-04,0.9319,0.9729,0.047
5198,128,6.560610e-04,0.9733,0.9729,0.043
5199,128,6.557083e-04,0.9375,0.9712,0.045
5200,128,6.553557e-04,0.9717,0.9712,0.046
5201,128,6.550032e-04,0.9741,0.9713,0.042
5202,128,6.546507e-04,0.9807,0.9718,0.044
5203,128,6.542983e-04,0.9611,0.9713,0.042
5204,128,6.539460e-04,0.9606,0.9707,0.045
5205,128,6.535937e-04,0.9580,0.9701,0.045
5206,128,6.532415e-04,0.9922,0.9712,0.044
5207,128,6.528893e-04,0.9815,0.9717,0.050
5208,128,6.525373e-04,0.9972,0.9730,0.048
5209,128,6.521853e-04,0.9954,0.9741,0.046
5210,128,6.518333e-04,0.9904,0.9749,0.044
5211,128,6.514814e-04,0.9657,0.9745,0.045
5212,128,6.511296e-04,0.9856,0.9750,0.046
5213,128,6.507779e-04,0.9679,0.9747,0.051
5214,128,6.504262e-04,0.9864,0.9753,0.050
5215,128,6.500746e-04,0.9972,0.9764,0.056
5216,128,6.497230e-04,0.9655,0.9758,0.051
5217,128,6.493715e-04,0.9483,0.9744,0.052
5218,128,6.490201e-04,0.9445,0.9729,0.045
5219,128,6.486688e-04,0.9571,0.9722,0.047
5220,128,6.483175e-04,0.9784,0.9725,0.040
5221,128,6.479663e-04,0.9820,0.9729,0.043
5222,128,6.476151e-04,0.9806,0.9733,0.049
5223,128,6.472641e-04,0.9773,0.9735,0.040
5224,128,6.469131e-04,0.9887,0.9743,0.055
5225,128,6.465621e-04,0.9525,0.9732,0.046
5226,128,6.462112e-04,1.0329,0.9762,0.052
5227,128,6.458604e-04,1.0168,0.9782,0.052
5228,128,6.455097e-04,0.9914,0.9789,0.053
5229,128,6.451590e-04,0.9531,0.9776,0.043
5230,128,6.448084e-04,0.9588,0.9766,0.043
5231,128,6.444578e-04,0.9742,0.9765,0.042
5232,128,6.441074e-04,0.9755,0.9765,0.044
5233,128,6.437570e-04,0.9384,0.9746,0.043
5234,128,6.434066e-04,0.9723,0.9744,0.043
5235,128,6.430564e-04,0.9847,0.9750,0.048
5236,128,6.427062e-04,0.9866,0.9755,0.049
5237,128,6.423560e-04,0.9647,0.9750,0.042
5238,128,6.420059e-04,0.9952,0.9760,0.044
5239,128,6.416559e-04,0.9695,0.9757,0.044
5240,128,6.413060e-04,0.9830,0.9761,0.045
5241,128,6.409562e-04,0.9749,0.9760,0.041
5242,128,6.406064e-04,0.9907,0.9767,0.047
5243,128,6.402566e-04,0.9378,0.9748,0.048
5244,128,6.399070e-04,1.0122,0.9767,0.049
5245,128,6.395574e-04,0.9789,0.9768,0.044
5246,128,6.392079e-04,0.9910,0.9775,0.045
5247,128,6.388584e-04,0.9931,0.9783,0.046
5248,128,6.385090e-04,0.9549,0.9771,0.049
5249,128,6.381597e-04,0.9986,0.9782,0.053
5250,128,6.378104e-04,0.9730,0.9779,0.060
5251,128,6.374613e-04,0.9447,0.9763,0.041
5252,128,6.371122e-04,0.9782,0.9763,0.050
5253,128,6.367631e-04,0.9894,0.9770,0.048
5254,128,6.364141e-04,0.9607,0.9762,0.048
5255,128,6.360652e-04,0.9662,0.9757,0.045
5256,128,6.357164e-04,0.9549,0.9746,0.041
5257,128,6.353676e-04,0.9652,0.9742,0.049
5258,128,6.350189e-04,0.9767,0.9743,0.041
5259,128,6.346703e-04,0.9722,0.9742,0.042
5260,128,6.343217e-04,0.9828,0.9746,0.045
5261,128,6.339733e-04,0.9780,0.9748,0.052
5262,128,6.336248e-04,0.9745,0.9748,0.049
5263,128,6.332765e-04,0.9917,0.9756,0.049
5264,128,6.329282e-04,0.9699,0.9753,0.047
5265,128,6.325800e-04,0.9668,0.9749,0.045
5266,128,6.322318e-04,0.9176,0.9720,0.042
5267,128,6.318838e-04,0.9884,0.9729,0.041
5268,128,6.315358e-04,0.9595,0.9722,0.043
5269,128,6.311878e-04,0.9693,0.9720,0.050
5270,128,6.308400e-04,0.9695,0.9719,0.049
5271,128,6.304922e-04,0.9646,0.9716,0.043
5272,128,6.301444e-04,0.9805,0.9720,0.045
5273,128,6.297968e-04,0.9601,0.9714,0.045
5274,128,6.294492e-04,0.9660,0.9711,0.043
5275,128,6.291017e-04,0.9673,0.9709,0.045
5276,128,6.287542e-04,1.0073,0.9728,0.048
5277,128,6.284069e-04,0.9422,0.9712,0.049
5278,128,6.280595e-04,0.9564,0.9705,0.041
5279,128,6.277123e-04,0.9601,0.9700,0.047
5280,128,6.273651e-04,0.9512,0.9690,0.047
5281,128,6.270180e-04,0.9732,0.9692,0.046
5282,128,6.266710e-04,0.9632,0.9689,0.044
5283,128,6.263241e-04,0.9848,0.9697,0.046
5284,128,6.259772e-04,0.9630,0.9694,0.042
5285,128,6.256304e-04,0.9895,0.9704,0.050
5286,128,6.252836e-04,0.9636,0.9701,0.042
5287,128,6.249370e-04,0.9687,0.9700,0.045
5288,128,6.245904e-04,0.9815,0.9706,0.051
5289,128,6.242438e-04,0.9768,0.9709,0.045
5290,128,6.238974e-04,0.9996,0.9723,0.053
5291,128,6.235510e-04,0.9894,0.9732,0.044
5292,128,6.232047e-04,0.9738,0.9732,0.045
5293,128,6.228584e-04,0.9914,0.9741,0.057
5294,128,6.225122e-04,0.9616,0.9735,0.044
5295,128,6.221661e-04,0.9498,0.9723,0.047
5296,128,6.218201e-04,0.9814,0.9728,0.043
5297,128,6.214741e-04,0.9668,0.9725,0.052
5298,128,6.211283e-04,1.0155,0.9746,0.046
5299,128,6.207824e-04,0.9723,0.9745,0.051
5300,128,6.204367e-04,0.9681,0.9742,0.049
5301,128,6.200910e-04,0.9703,0.9740,0.045
5302,128,6.197454e-04,0.9609,0.9733,0.047
5303,128,6.193999e-04,0.9665,0.9730,0.040
5304,128,6.190544e-04,0.9771,0.9732,0.051
5305,128,6.187090e-04,0.9665,0.9729,0.039
5306,128,6.183637e-04,0.9656,0.9725,0.044
5307,128,6.180185e-04,0.9593,0.9718,0.056
5308,128,6.176733e-04,0.9990,0.9732,0.057
5309,128,6.173282e-04,1.0054,0.9748,0.056
5310,128,6.169832e-04,1.0133,0.9767,0.058
5311,128,6.166382e-04,0.9537,0.9756,0.040
5312,128,6.162933e-04,0.9429,0.9739,0.040
5313,128,6.159485e-04,1.0175,0.9761,0.050
5314,128,6.156038e-04,1.0025,0.9774,0.047
5315,128,6.152591e-04,1.0015,0.9786,0.049
5316,128,6.149145e-04,0.9730,0.9784,0.044
5317,128,6.145700e-04,0.9676,0.9778,0.045
5318,128,6.142255e-04,0.9750,0.9777,0.047
5319,128,6.138811e-04,0.9659,0.9771,0.045
5320,128,6.135368e-04,0.9908,0.9778,0.043
5321,128,6.131926e-04,0.9604,0.9769,0.041
5322,128,6.128484e-04,0.9641,0.9763,0.044
5323,128,6.125044e-04,0.9749,0.9762,0.049
5324,128,6.121603e-04,0.9744,0.9761,0.053
5325,128,6.118164e-04,0.9902,0.9768,0.047
5326,128,6.114725e-04,0.9779,0.9769,0.048
5327,128,6.111287e-04,0.9624,0.9761,0.047
5328,128,6.107850e-04,0.9567,0.9752,0.047
5329,128,6.104414e-04,0.9944,0.9761,0.043
5330,128,6.100978e-04,0.9682,0.9757,0.043
5331,128,6.097543e-04,0.9647,0.9752,0.041
5332,128,6.094108e-04,0.9739,0.9751,0.048
5333,128,6.090675e-04,0.9664,0.9747,0.045
5334,128,6.087242e-04,0.9591,0.9739,0.048
5335,128,6.083810e-04,0.9571,0.9731,0.049
5336,128,6.080379e-04,0.9901,0.9739,0.047
5337,128,6.076948e-04,0.9737,0.9739,0.055
5338,128,6.073518e-04,0.9802,0.9742,0.044
5339,128,6.070089e-04,0.9776,0.9744,0.047
5340,128,6.066660e-04,0.9800,0.9747,0.043
5341,128,6.063233e-04,1.0024,0.9761,0.048
5342,128,6.059806e-04,0.9723,0.9759,0.048
5343,128,6.056380e-04,0.9781,0.9760,0.052
5344,128,6.052954e-04,0.9800,0.9762,0.049
5345,128,6.049529e-04,0.9539,0.9751,0.059
5346,128,6.046105e-04,1.0178,0.9772,0.049
5347,128,6.042682e-04,0.9809,0.9774,0.050
5348,128,6.039260e-04,0.9568,0.9764,0.049
5349,128,6.035838e-04,0.9712,0.9761,0.051
5350,128,6.032417e-04,0.9713,0.9759,0.046
5351,128,6.028997e-04,0.9739,0.9758,0.049
5352,128,6.025577e-04,0.9457,0.9743,0.045
5353,128,6.022158e-04,0.9798,0.9745,0.040
5354,128,6.018740e-04,0.9624,0.9739,0.046
5355,128,6.015323e-04,1.0000,0.9752,0.051
5356,128,6.011906e-04,0.9860,0.9758,0.054
5357,128,6.008491e-04,0.9758,0.9758,0.050
5358,128,6.005076e-04,0.9880,0.9764,0.049
5359,128,6.001661e-04,0.9726,0.9762,0.043
5360,128,5.998248e-04,0.9414,0.9745,0.054
5361,128,5.994835e-04,0.9976,0.9756,0.046
5362,128,5.991423e-04,0.9634,0.9750,0.049
5363,128,5.988012e-04,0.9820,0.9754,0.047
5364,128,5.984601e-04,0.9610,0.9746,0.041
5365,128,5.981191e-04,0.9595,0.9739,0.043
5366,128,5.977782e-04,0.9584,0.9731,0.044
5367,128,5.974374e-04,0.9589,0.9724,0.047
5368,128,5.970966e-04,0.9761,0.9726,0.054
5369,128,5.967560e-04,0.9561,0.9718,0.048
5370,128,5.964153e-04,0.9913,0.9727,0.051
5371,128,5.960748e-04,0.9868,0.9734,0.042
5372,128,5.957344e-04,0.9731,0.9734,0.041
5373,128,5.953940e-04,0.9536,0.9724,0.042
5374,128,5.950537e-04,0.9634,0.9720,0.047
5375,128,5.947135e-04,0.9727,0.9720,0.049
5376,128,5.943733e-04,0.9517,0.9710,0.054
5377,128,5.940332e-04,0.9528,0.9701,0.050
5378,128,5.936932e-04,0.9570,0.9694,0.045
5379,128,5.933533e-04,0.9621,0.9691,0.044
5380,128,5.930135e-04,0.9851,0.9699,0.047
5381,128,5.926737e-04,0.9550,0.9691,0.043
5382,128,5.923340e-04,0.9371,0.9675,0.044
5383,128,5.919944e-04,1.0227,0.9703,0.051
5384,128,5.916549e-04,0.9525,0.9694,0.044
5385,128,5.913154e-04,0.9719,0.9695,0.044
5386,128,5.909760e-04,0.9649,0.9693,0.041
5387,128,5.906367e-04,0.9661,0.9691,0.047
5388,128,5.902974e-04,0.9971,0.9705,0.043
5389,128,5.899583e-04,0.9806,0.9710,0.043
5390,128,5.896192e-04,0.9716,0.9711,0.046
5391,128,5.892802e-04,0.9774,0.9714,0.051
5392,128,5.889413e-04,0.9605,0.9708,0.044
5393,128,5.886024e-04,0.9568,0.9701,0.051
5394,128,5.882636e-04,0.9771,0.9705,0.044
5395,128,5.879249e-04,0.9762,0.9708,0.052
5396,128,5.875863e-04,0.9838,0.9714,0.045
5397,128,5.872478e-04,0.9798,0.9718,0.052
5398,128,5.869093e-04,0.9910,0.9728,0.054
5399,128,5.865709e-04,0.9523,0.9718,0.047
5400,128,5.862326e-04,0.9863,0.9725,0.047
5401,128,5.858944e-04,0.9841,0.9731,0.045
5402,128,5.855562e-04,0.9781,0.9733,0.046
5403,128,5.852181e-04,0.9805,0.9737,0.046
5404,128,5.848801e-04,0.9857,0.9743,0.046
5405,128,5.845422e-04,0.9595,0.9736,0.058
5406,128,5.842043e-04,1.0038,0.9751,0.048
5407,128,5.838666e-04,0.9719,0.9749,0.041
5408,128,5.835289e-04,0.9611,0.9742,0.044
5409,128,5.831913e-04,0.9937,0.9752,0.049
5410,128,5.828537e-04,1.0126,0.9771,0.058
5411,128,5.825163e-04,0.9781,0.9771,0.051
5412,128,5.821789e-04,0.9884,0.9777,0.052
5413,128,5.818416e-04,1.0008,0.9788,0.049
5414,128,5.815043e-04,0.9887,0.9793,0.051
5415,128,5.811672e-04,0.9906,0.9799,0.050
5416,128,5.808301e-04,0.9667,0.9792,0.050
5417,128,5.804931e-04,0.9761,0.9791,0.050
5418,128,5.801562e-04,0.9929,0.9798,0.044
5419,128,5.798194e-04,1.0004,0.9808,0.047
5420,128,5.794826e-04,0.9565,0.9796,0.043
5421,128,5.791459e-04,0.9661,0.9789,0.047
5422,128,5.788093e-04,0.9515,0.9775,0.049
5423,128,5.784728e-04,0.9529,0.9763,0.051
5424,128,5.781364e-04,0.9730,0.9761,0.048
5425,128,5.778000e-04,0.9665,0.9757,0.047
5426,128,5.774637e-04,0.9794,0.9758,0.051
5427,128,5.771275e-04,0.9967,0.9769,0.046
5428,128,5.767914e-04,0.9911,0.9776,0.045
5429,128,5.764553e-04,0.9898,0.9782,0.047
5430,128,5.761193e-04,0.9991,0.9792,0.047
5431,128,5.757834e-04,0.9714,0.9789,0.049
5432,128,5.754476e-04,0.9688,0.9784,0.048
5433,128,5.751119e-04,0.9641,0.9776,0.048
5434,128,5.747762e-04,0.9559,0.9766,0.043
5435,128,5.744407e-04,0.9792,0.9767,0.048
5436,128,5.741052e-04,0.9920,0.9775,0.057
5437,128,5.737697e-04,0.9693,0.9770,0.046
5438,128,5.734344e-04,0.9472,0.9756,0.051
5439,128,5.730991e-04,0.9902,0.9763,0.048
5440,128,5.727640e-04,0.9781,0.9764,0.048
5441,128,5.724289e-04,0.9620,0.9757,0.046
5442,128,5.720938e-04,0.9690,0.9753,0.047
5443,128,5.717589e-04,0.9826,0.9757,0.049
5444,128,5.714240e-04,0.9933,0.9766,0.050
5445,128,5.710892e-04,0.9805,0.9768,0.047
5446,128,5.707545e-04,0.9624,0.9760,0.044
5447,128,5.704199e-04,0.9878,0.9766,0.049
5448,128,5.700854e-04,0.9513,0.9754,0.050
5449,128,5.697509e-04,0.9623,0.9747,0.045
5450,128,5.694165e-04,0.9842,0.9752,0.048
5451,128,5.690822e-04,0.9868,0.9758,0.049
5452,128,5.687480e-04,0.9934,0.9767,0.051
5453,128,5.684138e-04,0.9861,0.9771,0.051
5454,128,5.680798e-04,0.9882,0.9777,0.047
5455,128,5.677458e-04,1.0019,0.9789,0.046
5456,128,5.674119e-04,0.9940,0.9796,0.042
5457,128,5.670781e-04,0.9592,0.9786,0.044
5458,128,5.667443e-04,0.9292,0.9762,0.044
5459,128,5.664107e-04,0.9709,0.9759,0.042
5460,128,5.660771e-04,0.9638,0.9753,0.046
5461,128,5.657436e-04,0.9599,0.9745,0.046
5462,128,5.654101e-04,0.9558,0.9736,0.050
5463,128,5.650768e-04,0.9693,0.9734,0.046
5464,128,5.647435e-04,0.9835,0.9739,0.046
5465,128,5.644104e-04,0.9882,0.9746,0.056
5466,128,5.640773e-04,1.0001,0.9759,0.051
5467,128,5.637443e-04,0.9312,0.9736,0.045
5468,128,5.634113e-04,0.9694,0.9734,0.044
5469,128,5.630785e-04,0.9687,0.9732,0.046
5470,128,5.627457e-04,0.9903,0.9740,0.041
5471,128,5.624130e-04,0.9670,0.9737,0.051
5472,128,5.620804e-04,0.9641,0.9732,0.055
5473,128,5.617478e-04,0.9628,0.9727,0.043
5474,128,5.614154e-04,0.9853,0.9733,0.047
5475,128,5.610830e-04,0.9657,0.9729,0.043
5476,128,5.607507e-04,0.9615,0.9724,0.043
5477,128,5.604185e-04,0.9728,0.9724,0.042
5478,128,5.600864e-04,1.0132,0.9744,0.051
5479,128,5.597544e-04,0.9646,0.9739,0.048
5480,128,5.594224e-04,0.9534,0.9729,0.048
5481,128,5.590905e-04,0.9811,0.9733,0.046
5482,128,5.587587e-04,0.9825,0.9738,0.042
5483,128,5.584270e-04,0.9852,0.9744,0.048
5484,128,5.580954e-04,0.9887,0.9751,0.041
5485,128,5.577638e-04,0.9734,0.9750,0.045
5486,128,5.574324e-04,0.9607,0.9743,0.041
5487,128,5.571010e-04,0.9758,0.9743,0.052
5488,128,5.567697e-04,0.9712,0.9742,0.044
5489,128,5.564384e-04,0.9708,0.9740,0.046
5490,128,5.561073e-04,0.9598,0.9733,0.049
5491,128,5.557762e-04,0.9620,0.9727,0.051
5492,128,5.554453e-04,0.9608,0.9721,0.048
5493,128,5.551144e-04,0.9749,0.9723,0.046
5494,128,5.547836e-04,0.9734,0.9723,0.048
5495,128,5.544528e-04,0.9879,0.9731,0.047
5496,128,5.541222e-04,1.0010,0.9745,0.057
5497,128,5.537916e-04,0.9160,0.9716,0.044
5498,128,5.534611e-04,0.9680,0.9714,0.045
5499,128,5.531307e-04,0.9629,0.9710,0.046
5500,128,5.528004e-04,0.9660,0.9707,0.042
5501,128,5.524702e-04,0.9778,0.9711,0.050
5502,128,5.521400e-04,1.0013,0.9726,0.045
5503,128,5.518100e-04,0.9854,0.9732,0.053
5504,128,5.514800e-04,0.9908,0.9741,0.049
5505,128,5.511501e-04,0.9747,0.9741,0.041
5506,128,5.508203e-04,0.9663,0.9738,0.048
5507,128,5.504905e-04,0.9645,0.9733,0.048
5508,128,5.501609e-04,0.9756,0.9734,0.042
5509,128,5.498313e-04,0.9733,0.9734,0.048
5510,128,5.495018e-04,0.9620,0.9728,0.048
5511,128,5.491724e-04,0.9501,0.9717,0.044
5512,128,5.488431e-04,0.9899,0.9726,0.043
5513,128,5.485138e-04,0.9800,0.9730,0.044
5514,128,5.481847e-04,0.9791,0.9733,0.042
5515,128,5.478556e-04,0.9676,0.9730,0.052
5516,128,5.475266e-04,0.9835,0.9735,0.046
5517,128,5.471977e-04,0.9803,0.9739,0.052
5518,128,5.468689e-04,0.9533,0.9728,0.045
5519,128,5.465402e-04,0.9834,0.9734,0.046
5520,128,5.462115e-04,0.9788,0.9736,0.047
5521,128,5.458830e-04,0.9740,0.9737,0.044
5522,128,5.455545e-04,0.9545,0.9727,0.047
5523,128,5.452261e-04,0.9676,0.9724,0.048
5524,128,5.448978e-04,1.0021,0.9739,0.052
5525,128,5.445695e-04,0.9668,0.9736,0.056
5526,128,5.442414e-04,0.9783,0.9738,0.048
5527,128,5.439133e-04,0.9532,0.9728,0.050
5528,128,5.435853e-04,0.9750,0.9729,0.044
5529,128,5.432574e-04,0.9517,0.9718,0.050
5530,128,5.429296e-04,0.9627,0.9714,0.049
5531,128,5.426019e-04,0.9588,0.9707,0.047
5532,128,5.422743e-04,0.9512,0.9698,0.048
5533,128,5.419467e-04,0.9822,0.9704,0.054
5534,128,5.416192e-04,0.9631,0.9700,0.043
5535,128,5.412918e-04,0.9813,0.9706,0.051
5536,128,5.409645e-04,0.9728,0.9707,0.047
5537,128,5.406373e-04,0.9479,0.9696,0.044
5538,128,5.403102e-04,0.9648,0.9693,0.046
5539,128,5.399831e-04,0.9436,0.9680,0.042
5540,128,5.396562e-04,0.9825,0.9688,0.045
5541,128,5.393293e-04,0.9746,0.9690,0.045
5542,128,5.390025e-04,0.9910,0.9701,0.049
5543,128,5.386758e-04,0.9726,0.9703,0.042
5544,128,5.383492e-04,0.9630,0.9699,0.046
5545,128,5.380226e-04,1.0065,0.9717,0.046
5546,128,5.376962e-04,0.9895,0.9726,0.043
5547,128,5.373698e-04,0.9782,0.9729,0.043
5548,128,5.370435e-04,0.9355,0.9710,0.047
5549,128,5.367173e-04,0.9682,0.9709,0.045
5550,128,5.363912e-04,0.9676,0.9707,0.049
5551,128,5.360652e-04,0.9853,0.9715,0.052
5552,128,5.357393e-04,0.9684,0.9713,0.055
5553,128,5.354134e-04,0.9768,0.9716,0.044
5554,128,5.350876e-04,0.9839,0.9722,0.058
5555,128,5.347619e-04,0.9425,0.9707,0.052
5556,128,5.344363e-04,0.9968,0.9720,0.056
5557,128,5.341108e-04,0.9728,0.9720,0.053
5558,128,5.337854e-04,0.9928,0.9731,0.051
5559,128,5.334601e-04,1.0056,0.9747,0.047
5560,128,5.331348e-04,0.9758,0.9748,0.049
5561,128,5.328096e-04,0.9444,0.9732,0.044
5562,128,5.324846e-04,0.9813,0.9736,0.044
5563,128,5.321596e-04,0.9685,0.9734,0.046
5564,128,5.318347e-04,0.9630,0.9729,0.045
5565,128,5.315098e-04,0.9778,0.9731,0.045
5566,128,5.311851e-04,0.9738,0.9732,0.044
5567,128,5.308604e-04,0.9554,0.9723,0.050
5568,128,5.305359e-04,0.9601,0.9717,0.046
5569,128,5.302114e-04,0.9703,0.9716,0.050
5570,128,5.298870e-04,0.9493,0.9705,0.044
5571,128,5.295627e-04,0.9945,0.9717,0.051
5572,128,5.292385e-04,0.9490,0.9705,0.044
5573,128,5.289144e-04,0.9992,0.9720,0.045
5574,128,5.285903e-04,0.9319,0.9700,0.044
5575,128,5.282664e-04,0.9681,0.9699,0.043
5576,128,5.279425e-04,0.9914,0.9710,0.051
5577,128,5.276187e-04,1.0028,0.9726,0.051
5578,128,5.272950e-04,0.9862,0.9732,0.048
5579,128,5.269714e-04,0.9515,0.9721,0.044
5580,128,5.266479e-04,0.9692,0.9720,0.043
5581,128,5.263244e-04,0.9808,0.9724,0.044
5582,128,5.260011e-04,0.9567,0.9717,0.045
5583,128,5.256778e-04,1.0001,0.9731,0.046
5584,128,5.253546e-04,0.9628,0.9726,0.047
5585,128,5.250316e-04,0.9861,0.9732,0.049
5586,128,5.247086e-04,0.9306,0.9711,0.053
5587,128,5.243856e-04,0.9568,0.9704,0.048
5588,128,5.240628e-04,0.9704,0.9704,0.045
5589,128,5.237401e-04,0.9724,0.9705,0.052
5590,128,5.234174e-04,0.9876,0.9714,0.042
5591,128,5.230949e-04,0.9597,0.9708,0.046
5592,128,5.227724e-04,0.9590,0.9702,0.043
5593,128,5.224500e-04,0.9487,0.9691,0.043
5594,128,5.221277e-04,0.9579,0.9686,0.044
5595,128,5.218055e-04,0.9840,0.9693,0.043
5596,128,5.214834e-04,0.9876,0.9702,0.048
5597,128,5.211613e-04,0.9604,0.9697,0.047
5598,128,5.208394e-04,0.9540,0.9690,0.049
5599,128,5.205175e-04,0.9790,0.9695,0.049
5600,128,5.201958e-04,0.9563,0.9688,0.045
5601,128,5.198741e-04,0.9650,0.9686,0.044
5602,128,5.195525e-04,0.9606,0.9682,0.045
5603,128,5.192310e-04,0.9873,0.9692,0.047
5604,128,5.189096e-04,0.9906,0.9702,0.047
5605,128,5.185882e-04,0.9762,0.9705,0.043
5606,128,5.182670e-04,0.9626,0.9701,0.049
5607,128,5.179458e-04,1.0004,0.9717,0.046
5608,128,5.176248e-04,1.0084,0.9735,0.047
5609,128,5.173038e-04,0.9543,0.9725,0.042
5610,128,5.169829e-04,0.9885,0.9733,0.045
5611,128,5.166621e-04,0.9750,0.9734,0.042
5612,128,5.163414e-04,0.9684,0.9732,0.042
5613,128,5.160208e-04,0.9825,0.9736,0.044
5614,128,5.157003e-04,0.9769,0.9738,0.044
5615,128,5.153798e-04,0.9604,0.9731,0.049
5616,128,5.150595e-04,0.9602,0.9725,0.050
5617,128,5.147392e-04,0.9557,0.9716,0.045
5618,128,5.144190e-04,0.9834,0.9722,0.044
5619,128,5.140989e-04,0.9747,0.9723,0.044
5620,128,5.137789e-04,0.9644,0.9719,0.046
5621,128,5.134590e-04,0.9700,0.9718,0.047
5622,128,5.131392e-04,0.9966,0.9731,0.044
5623,128,5.128195e-04,0.9542,0.9721,0.044
5624,128,5.124998e-04,0.9788,0.9725,0.050
5625,128,5.121803e-04,0.9843,0.9731,0.039
5626,128,5.118608e-04,0.9840,0.9736,0.049
5627,128,5.115415e-04,0.9753,0.9737,0.045
5628,128,5.112222e-04,0.9517,0.9726,0.042
5629,128,5.109030e-04,0.9800,0.9730,0.055
5630,128,5.105839e-04,0.9694,0.9728,0.049
5631,128,5.102649e-04,1.0208,0.9752,0.047
5632,128,5.099460e-04,0.9686,0.9749,0.046
5633,128,5.096271e-04,0.9864,0.9754,0.051
5634,128,5.093084e-04,0.9645,0.9749,0.049
5635,128,5.089897e-04,0.9667,0.9745,0.043
5636,128,5.086712e-04,0.9490,0.9732,0.043
5637,128,5.083527e-04,0.9586,0.9725,0.048
5638,128,5.080343e-04,0.9544,0.9716,0.042
5639,128,5.077160e-04,0.9733,0.9717,0.045
5640,128,5.073978e-04,0.9844,0.9723,0.048
5641,128,5.070797e-04,0.9601,0.9717,0.044
5642,128,5.067617e-04,0.9603,0.9711,0.049
5643,128,5.064438e-04,0.9527,0.9702,0.049
5644,128,5.061259e-04,0.9842,0.9709,0.044
5645,128,5.058082e-04,0.9559,0.9701,0.045
5646,128,5.054905e-04,0.9779,0.9705,0.043
5647,128,5.051729e-04,0.9485,0.9694,0.049
5648,128,5.048555e-04,0.9581,0.9689,0.052
5649,128,5.045381e-04,1.0125,0.9710,0.049
5650,128,5.042208e-04,0.9710,0.9710,0.047
5651,128,5.039036e-04,0.9778,0.9714,0.044
5652,128,5.035865e-04,0.9576,0.9707,0.046
5653,128,5.032694e-04,0.9753,0.9709,0.044
5654,128,5.029525e-04,0.9803,0.9714,0.042
5655,128,5.026357e-04,0.9592,0.9708,0.049
5656,128,5.023189e-04,0.9887,0.9717,0.045
5657,128,5.020023e-04,0.9913,0.9727,0.047
5658,128,5.016857e-04,0.9639,0.9722,0.049
5659,128,5.013692e-04,0.9683,0.9720,0.046
5660,128,5.010528e-04,0.9885,0.9728,0.047
5661,128,5.007365e-04,0.9594,0.9722,0.045
5662,128,5.004203e-04,0.9910,0.9731,0.045
5663,128,5.001042e-04,0.9555,0.9722,0.044
5664,128,4.997882e-04,0.9297,0.9701,0.046
5665,128,4.994723e-04,0.9629,0.9697,0.046
5666,128,4.991564e-04,0.9930,0.9709,0.049
5667,128,4.988407e-04,0.9832,0.9715,0.043
5668,128,4.985250e-04,0.9275,0.9693,0.044
5669,128,4.982095e-04,0.9874,0.9702,0.044
5670,128,4.978940e-04,0.9838,0.9709,0.045
5671,128,4.975786e-04,0.9641,0.9706,0.050
5672,128,4.972634e-04,0.9419,0.9691,0.044
5673,128,4.969482e-04,0.9484,0.9681,0.043
5674,128,4.966331e-04,0.9410,0.9667,0.050
5675,128,4.963181e-04,0.9551,0.9662,0.047
5676,128,4.960031e-04,0.9509,0.9654,0.048
5677,128,4.956883e-04,0.9814,0.9662,0.049
5678,128,4.953736e-04,0.9632,0.9660,0.052
5679,128,4.950589e-04,0.9471,0.9651,0.043
5680,128,4.947444e-04,0.9606,0.9649,0.048
5681,128,4.944299e-04,0.9935,0.9663,0.044
5682,128,4.941156e-04,0.9674,0.9664,0.044
5683,128,4.938013e-04,0.9771,0.9669,0.047
5684,128,4.934871e-04,0.9613,0.9666,0.049
5685,128,4.931730e-04,0.9742,0.9670,0.043
5686,128,4.928591e-04,0.9835,0.9678,0.049
5687,128,4.925452e-04,0.9713,0.9680,0.043
5688,128,4.922313e-04,0.9712,0.9682,0.047
5689,128,4.919176e-04,0.9773,0.9686,0.046
5690,128,4.916040e-04,0.9546,0.9679,0.047
5691,128,4.912905e-04,0.9628,0.9677,0.045
5692,128,4.909770e-04,0.9805,0.9683,0.046
5693,128,4.906637e-04,0.9458,0.9672,0.046
5694,128,4.903505e-04,0.9492,0.9663,0.042
5695,128,4.900373e-04,0.9593,0.9659,0.046
5696,128,4.897242e-04,0.9423,0.9647,0.051
5697,128,4.894113e-04,0.9696,0.9650,0.046
5698,128,4.890984e-04,0.9479,0.9641,0.042
5699,128,4.887856e-04,0.9634,0.9641,0.045
5700,128,4.884729e-04,0.9580,0.9638,0.040
5701,128,4.881603e-04,0.9772,0.9645,0.049
5702,128,4.878478e-04,0.9838,0.9654,0.046
5703,128,4.875354e-04,0.9688,0.9656,0.055
5704,128,4.872231e-04,0.9489,0.9648,0.044
5705,128,4.869109e-04,0.9930,0.9662,0.047
5706,128,4.865988e-04,0.9686,0.9663,0.047
5707,128,4.862867e-04,0.9545,0.9657,0.041
5708,128,4.859748e-04,0.9592,0.9654,0.049
5709,128,4.856629e-04,0.9715,0.9657,0.047
5710,128,4.853512e-04,0.9893,0.9669,0.046
5711,128,4.850395e-04,0.9599,0.9665,0.045
5712,128,4.847280e-04,0.9487,0.9656,0.042
5713,128,4.844165e-04,0.9323,0.9640,0.043
5714,128,4.841051e-04,0.9658,0.9641,0.044
5715,128,4.837938e-04,0.9689,0.9643,0.045
5716,128,4.834827e-04,0.9600,0.9641,0.044
5717,128,4.831716e-04,0.9884,0.9653,0.054
5718,128,4.828606e-04,0.9788,0.9660,0.048
5719,128,4.825497e-04,0.9468,0.9650,0.048
5720,128,4.822388e-04,0.9323,0.9634,0.039
5721,128,4.819281e-04,0.9696,0.9637,0.044
5722,128,4.816175e-04,0.9764,0.9643,0.047
5723,128,4.813070e-04,0.9523,0.9637,0.047
5724,128,4.809966e-04,0.9783,0.9645,0.050
5725,128,4.806862e-04,0.9518,0.9638,0.045
5726,128,4.803760e-04,0.9809,0.9647,0.045
5727,128,4.800658e-04,0.9875,0.9658,0.049
5728,128,4.797558e-04,0.9591,0.9655,0.046
5729,128,4.794458e-04,0.9332,0.9639,0.044
5730,128,4.791360e-04,0.9517,0.9633,0.042
5731,128,4.788262e-04,0.9613,0.9632,0.055
5732,128,4.785165e-04,1.0007,0.9650,0.044
5733,128,4.782069e-04,0.9558,0.9646,0.044
5734,128,4.778975e-04,0.9622,0.9645,0.042
5735,128,4.775881e-04,0.9387,0.9632,0.044
5736,128,4.772788e-04,0.9611,0.9631,0.043
5737,128,4.769696e-04,0.9591,0.9629,0.044
5738,128,4.766605e-04,0.9416,0.9618,0.038
5739,128,4.763515e-04,0.9483,0.9611,0.041
5740,128,4.760426e-04,0.9773,0.9619,0.051
5741,128,4.757338e-04,0.9180,0.9597,0.045
5742,128,4.754250e-04,0.9770,0.9606,0.048
5743,128,4.751164e-04,0.9644,0.9608,0.044
5744,128,4.748079e-04,0.9445,0.9600,0.048
5745,128,4.744995e-04,0.9565,0.9598,0.040
5746,128,4.741911e-04,0.9465,0.9591,0.040
5747,128,4.738829e-04,0.9641,0.9594,0.046
5748,128,4.735747e-04,0.9801,0.9604,0.046
5749,128,4.732667e-04,0.9318,0.9590,0.040
5750,128,4.729587e-04,0.9628,0.9592,0.047
5751,128,4.726509e-04,1.0119,0.9618,0.044
5752,128,4.723431e-04,0.9676,0.9621,0.045
5753,128,4.720355e-04,0.9732,0.9627,0.047
5754,128,4.717279e-04,0.9505,0.9621,0.045
5755,128,4.714204e-04,0.9672,0.9623,0.052
5756,128,4.711130e-04,0.9982,0.9641,0.048
5757,128,4.708058e-04,0.9911,0.9655,0.048
5758,128,4.704986e-04,0.9441,0.9644,0.040
5759,128,4.701915e-04,0.9571,0.9640,0.046
5760,128,4.698845e-04,0.9723,0.9644,0.039
5761,128,4.695776e-04,0.9392,0.9632,0.044
5762,128,4.692708e-04,0.9606,0.9631,0.040
5763,128,4.689641e-04,0.9507,0.9624,0.043
5764,128,4.686575e-04,0.9438,0.9615,0.043
5765,128,4.683510e-04,0.9510,0.9610,0.042
5766,128,4.680446e-04,0.9633,0.9611,0.046
5767,128,4.677383e-04,0.9863,0.9624,0.052
5768,128,4.674321e-04,0.9716,0.9628,0.048
5769,128,4.671260e-04,0.9314,0.9612,0.052
5770,128,4.668199e-04,0.9586,0.9611,0.044
5771,128,4.665140e-04,0.9485,0.9605,0.046
5772,128,4.662082e-04,0.9811,0.9615,0.048
5773,128,4.659025e-04,0.9720,0.9620,0.042
5774,128,4.655968e-04,0.9812,0.9630,0.047
5775,128,4.652913e-04,0.9487,0.9623,0.038
5776,128,4.649859e-04,0.9371,0.9610,0.042
5777,128,4.646805e-04,0.9676,0.9613,0.045
5778,128,4.643753e-04,0.9924,0.9629,0.044
5779,128,4.640701e-04,0.9667,0.9631,0.043
5780,128,4.637651e-04,0.9867,0.9643,0.043
5781,128,4.634601e-04,0.9534,0.9637,0.050
5782,128,4.631553e-04,0.9454,0.9628,0.046
5783,128,4.628505e-04,0.9795,0.9636,0.044
5784,128,4.625459e-04,0.9422,0.9626,0.046
5785,128,4.622413e-04,0.9441,0.9616,0.042
5786,128,4.619368e-04,0.9659,0.9619,0.054
5787,128,4.616325e-04,0.9757,0.9626,0.042
5788,128,4.613282e-04,0.9550,0.9622,0.048
5789,128,4.610241e-04,0.9676,0.9625,0.049
5790,128,4.607200e-04,0.9705,0.9629,0.050
5791,128,4.604160e-04,0.9728,0.9634,0.048
5792,128,4.601121e-04,0.9532,0.9628,0.048
5793,128,4.598084e-04,0.9465,0.9620,0.044
5794,128,4.595047e-04,0.9416,0.9610,0.046
5795,128,4.592011e-04,0.9590,0.9609,0.045
5796,128,4.588976e-04,0.9733,0.9615,0.043
5797,128,4.585942e-04,0.9785,0.9624,0.046
5798,128,4.582910e-04,0.9598,0.9622,0.046
5799,128,4.579878e-04,0.9481,0.9615,0.044
5800,128,4.576847e-04,0.9735,0.9621,0.050
5801,128,4.573817e-04,0.9578,0.9619,0.045
5802,128,4.570788e-04,0.9849,0.9631,0.043
5803,128,4.567760e-04,0.9574,0.9628,0.043
5804,128,4.564733e-04,0.9919,0.9642,0.045
5805,128,4.561707e-04,0.9575,0.9639,0.041
5806,128,4.558682e-04,0.9519,0.9633,0.043
5807,128,4.555658e-04,0.9666,0.9635,0.045
5808,128,4.552636e-04,0.9753,0.9641,0.051
5809,128,4.549614e-04,0.9570,0.9637,0.046
5810,128,4.546593e-04,0.9611,0.9636,0.051
5811,128,4.543573e-04,0.9904,0.9649,0.050
5812,128,4.540554e-04,0.9675,0.9650,0.049
5813,128,4.537536e-04,0.9407,0.9638,0.047
5814,128,4.534519e-04,0.9734,0.9643,0.041
5815,128,4.531503e-04,0.9352,0.9628,0.048
5816,128,4.528487e-04,0.9556,0.9625,0.046
5817,128,4.525473e-04,0.9718,0.9629,0.043
5818,128,4.522460e-04,0.9849,0.9640,0.053
5819,128,4.519448e-04,0.9790,0.9648,0.053
5820,128,4.516437e-04,0.9865,0.9659,0.049
5821,128,4.513427e-04,0.9720,0.9662,0.048
5822,128,4.510418e-04,0.9446,0.9651,0.049
5823,128,4.507410e-04,0.9746,0.9656,0.046
5824,128,4.504403e-04,0.9577,0.9652,0.048
5825,128,4.501397e-04,0.9632,0.9651,0.043
5826,128,4.498392e-04,0.9717,0.9654,0.047
5827,128,4.495388e-04,0.9663,0.9655,0.043
5828,128,4.492385e-04,0.9755,0.9660,0.050
5829,128,4.489383e-04,0.9371,0.9645,0.040
5830,128,4.486382e-04,0.9576,0.9642,0.048
5831,128,4.483382e-04,0.9730,0.9646,0.041
5832,128,4.480383e-04,0.9792,0.9653,0.042
5833,128,4.477384e-04,0.9362,0.9639,0.043
5834,128,4.474387e-04,0.9900,0.9652,0.047
5835,128,4.471391e-04,0.9651,0.9652,0.044
5836,128,4.468396e-04,0.9474,0.9643,0.039
5837,128,4.465402e-04,0.9934,0.9658,0.045
5838,128,4.462409e-04,0.9624,0.9656,0.042
5839,128,4.459417e-04,0.9510,0.9649,0.046
5840,128,4.456426e-04,0.9440,0.9638,0.045
5841,128,4.453436e-04,0.9809,0.9647,0.045
5842,128,4.450447e-04,0.9507,0.9640,0.041
5843,128,4.447459e-04,0.9833,0.9649,0.046
5844,128,4.444472e-04,0.9645,0.9649,0.041
5845,128,4.441486e-04,0.9682,0.9651,0.045
5846,128,4.438501e-04,0.9716,0.9654,0.043
5847,128,4.435517e-04,0.9466,0.9645,0.046
5848,128,4.432534e-04,0.9891,0.9657,0.044
5849,128,4.429552e-04,0.9787,0.9664,0.047
5850,128,4.426571e-04,0.9674,0.9664,0.047
5851,128,4.423591e-04,0.9628,0.9662,0.045
5852,128,4.420612e-04,0.9715,0.9665,0.045
5853,128,4.417634e-04,0.9732,0.9668,0.049
5854,128,4.414658e-04,0.9733,0.9671,0.044
5855,128,4.411682e-04,0.9607,0.9668,0.044
5856,128,4.408707e-04,0.9564,0.9663,0.044
5857,128,4.405733e-04,0.9570,0.9658,0.052
5858,128,4.402760e-04,0.9806,0.9666,0.055
5859,128,4.399788e-04,0.9680,0.9667,0.040
5860,128,4.396817e-04,0.9790,0.9673,0.046
5861,128,4.393848e-04,0.9304,0.9654,0.045
5862,128,4.390879e-04,0.9321,0.9638,0.045
5863,128,4.387911e-04,0.9727,0.9642,0.045
5864,128,4.384944e-04,0.9593,0.9640,0.043
5865,128,4.381979e-04,0.9645,0.9640,0.041
5866,128,4.379014e-04,0.9677,0.9642,0.043
5867,128,4.376050e-04,0.9623,0.9641,0.043
5868,128,4.373087e-04,1.0052,0.9661,0.046
5869,128,4.370126e-04,0.9888,0.9673,0.050
5870,128,4.367165e-04,0.9704,0.9674,0.048
5871,128,4.364206e-04,0.9626,0.9672,0.046
5872,128,4.361247e-04,0.9638,0.9670,0.049
5873,128,4.358289e-04,0.9517,0.9663,0.051
5874,128,4.355333e-04,0.9569,0.9658,0.043
5875,128,4.352377e-04,0.9508,0.9650,0.049
5876,128,4.349423e-04,0.9603,0.9648,0.046
5877,128,4.346469e-04,0.9833,0.9657,0.044
5878,128,4.343517e-04,0.9972,0.9673,0.046
5879,128,4.340565e-04,0.9601,0.9669,0.048
5880,128,4.337615e-04,0.9444,0.9658,0.045
5881,128,4.334666e-04,0.9783,0.9664,0.043
5882,128,4.331717e-04,0.9503,0.9656,0.045
5883,128,4.328770e-04,0.9973,0.9672,0.045
5884,128,4.325824e-04,0.9736,0.9675,0.050
5885,128,4.322878e-04,0.9492,0.9666,0.043
5886,128,4.319934e-04,0.9767,0.9671,0.042
5887,128,4.316991e-04,0.9717,0.9673,0.047
5888,128,4.314049e-04,0.9641,0.9672,0.053
5889,128,4.311108e-04,0.9758,0.9676,0.045
5890,128,4.308168e-04,0.9562,0.9670,0.045
5891,128,4.305228e-04,0.9598,0.9667,0.047
5892,128,4.302290e-04,0.9749,0.9671,0.046
5893,128,4.299353e-04,0.9541,0.9664,0.045
5894,128,4.296417e-04,0.9698,0.9666,0.042
5895,128,4.293482e-04,0.9620,0.9664,0.040
5896,128,4.290548e-04,0.9802,0.9671,0.045
5897,128,4.287616e-04,0.9632,0.9669,0.042
5898,128,4.284684e-04,0.9574,0.9664,0.048
5899,128,4.281753e-04,0.9708,0.9666,0.047
5900,128,4.278823e-04,0.9665,0.9666,0.046
5901,128,4.275894e-04,0.9501,0.9658,0.048
5902,128,4.272967e-04,0.9381,0.9644,0.041
5903,128,4.270040e-04,0.9525,0.9638,0.050
5904,128,4.267114e-04,0.9766,0.9645,0.047
5905,128,4.264190e-04,0.9392,0.9632,0.049
5906,128,4.261266e-04,0.9923,0.9646,0.047
5907,128,4.258343e-04,0.9518,0.9640,0.047
5908,128,4.255422e-04,0.9574,0.9637,0.041
5909,128,4.252502e-04,0.9576,0.9634,0.048
5910,128,4.249582e-04,0.9606,0.9632,0.049
5911,128,4.246664e-04,0.9753,0.9638,0.049
5912,128,4.243746e-04,0.9654,0.9639,0.046
5913,128,4.240830e-04,0.9590,0.9637,0.048
5914,128,4.237915e-04,0.9527,0.9631,0.047
5915,128,4.235001e-04,0.9530,0.9626,0.049
5916,128,4.232087e-04,0.9719,0.9631,0.047
5917,128,4.229175e-04,0.9463,0.9622,0.043
5918,128,4.226264e-04,0.9743,0.9628,0.050
5919,128,4.223354e-04,0.9538,0.9624,0.048
5920,128,4.220445e-04,0.9760,0.9631,0.048
5921,128,4.217537e-04,0.9733,0.9636,0.046
5922,128,4.214630e-04,0.9501,0.9629,0.039
5923,128,4.211725e-04,0.9646,0.9630,0.047
5924,128,4.208820e-04,0.9775,0.9637,0.051
5925,128,4.205916e-04,0.9633,0.9637,0.043
5926,128,4.203013e-04,0.9723,0.9641,0.044
5927,128,4.200112e-04,0.9682,0.9643,0.048
5928,128,4.197211e-04,0.9287,0.9626,0.038
5929,128,4.194311e-04,0.9731,0.9631,0.047
5930,128,4.191413e-04,0.9564,0.9627,0.045
5931,128,4.188515e-04,0.9597,0.9626,0.045
5932,128,4.185619e-04,0.9613,0.9625,0.047
5933,128,4.182724e-04,0.9410,0.9615,0.040
5934,128,4.179829e-04,0.9415,0.9605,0.047
5935,128,4.176936e-04,0.9666,0.9608,0.042
5936,128,4.174044e-04,0.9633,0.9609,0.046
5937,128,4.171153e-04,0.9525,0.9605,0.046
5938,128,4.168263e-04,0.9286,0.9589,0.046
5939,128,4.165374e-04,0.9772,0.9598,0.042
5940,128,4.162486e-04,0.9862,0.9611,0.049
5941,128,4.159599e-04,0.9634,0.9612,0.041
5942,128,4.156713e-04,0.9757,0.9619,0.041
5943,128,4.153828e-04,0.9780,0.9628,0.046
5944,128,4.150944e-04,0.9597,0.9626,0.043
5945,128,4.148061e-04,0.9891,0.9639,0.054
5946,128,4.145180e-04,0.9604,0.9638,0.049
5947,128,4.142299e-04,0.9859,0.9649,0.046
5948,128,4.139420e-04,0.9588,0.9646,0.042
5949,128,4.136541e-04,1.0256,0.9676,0.043
5950,128,4.133664e-04,0.9468,0.9666,0.041
5951,128,4.130787e-04,0.9597,0.9662,0.042
5952,128,4.127912e-04,0.9893,0.9674,0.047
5953,128,4.125038e-04,0.9860,0.9683,0.051
5954,128,4.122165e-04,0.9504,0.9674,0.041
5955,128,4.119293e-04,0.9649,0.9673,0.046
5956,128,4.116421e-04,0.9401,0.9659,0.043
5957,128,4.113551e-04,0.9591,0.9656,0.048
5958,128,4.110683e-04,0.9498,0.9648,0.043
5959,128,4.107815e-04,0.9572,0.9644,0.046
5960,128,4.104948e-04,0.9851,0.9654,0.056
5961,128,4.102082e-04,0.9795,0.9662,0.046
5962,128,4.099217e-04,0.9552,0.9656,0.049
5963,128,4.096354e-04,0.9790,0.9663,0.042
5964,128,4.093491e-04,0.9599,0.9660,0.046
5965,128,4.090630e-04,0.9602,0.9657,0.042
5966,128,4.087769e-04,0.9658,0.9657,0.049
5967,128,4.084910e-04,0.9504,0.9649,0.043
5968,128,4.082052e-04,0.9552,0.9644,0.049
5969,128,4.079195e-04,0.9411,0.9633,0.043
5970,128,4.076338e-04,0.9737,0.9638,0.049
5971,128,4.073483e-04,0.9358,0.9624,0.040
5972,128,4.070629e-04,0.9633,0.9624,0.045
5973,128,4.067776e-04,0.9819,0.9634,0.047
5974,128,4.064925e-04,0.9409,0.9623,0.042
5975,128,4.062074e-04,0.9820,0.9633,0.044
5976,128,4.059224e-04,0.9578,0.9630,0.044
5977,128,4.056375e-04,0.9578,0.9627,0.044
5978,128,4.053528e-04,0.9385,0.9615,0.041
5979,128,4.050681e-04,0.9448,0.9607,0.043
5980,128,4.047836e-04,0.9650,0.9609,0.042
5981,128,4.044992e-04,0.9768,0.9617,0.046
5982,128,4.042148e-04,0.9701,0.9621,0.050
5983,128,4.039306e-04,0.9576,0.9619,0.045
5984,128,4.036465e-04,0.9712,0.9624,0.046
5985,128,4.033625e-04,0.9657,0.9625,0.046
5986,128,4.030786e-04,0.9623,0.9625,0.045
5987,128,4.027948e-04,0.9523,0.9620,0.044
5988,128,4.025111e-04,0.9473,0.9613,0.045
5989,128,4.022276e-04,0.9241,0.9594,0.045
5990,128,4.019441e-04,0.9791,0.9604,0.049
5991,128,4.016607e-04,0.9297,0.9589,0.047
5992,128,4.013775e-04,0.9605,0.9589,0.048
5993,128,4.010943e-04,0.9674,0.9594,0.044
5994,128,4.008113e-04,0.9657,0.9597,0.049
5995,128,4.005284e-04,0.9711,0.9603,0.047
5996,128,4.002456e-04,0.9955,0.9620,0.044
5997,128,3.999629e-04,0.9770,0.9628,0.042
5998,128,3.996802e-04,0.9644,0.9628,0.046
5999,128,3.993978e-04,0.9592,0.9627,0.039
6000,128,3.991154e-04,0.9700,0.9630,0.041
6001,128,3.988331e-04,0.9510,0.9624,0.040
6002,128,3.985509e-04,0.9851,0.9636,0.045
6003,128,3.982689e-04,0.9542,0.9631,0.040
6004,128,3.979869e-04,0.9855,0.9642,0.042
6005,128,3.977051e-04,0.9793,0.9650,0.043
6006,128,3.974233e-04,0.9561,0.9645,0.046
6007,128,3.971417e-04,0.9668,0.9646,0.046
6008,128,3.968602e-04,0.9992,0.9664,0.050
6009,128,3.965788e-04,0.9827,0.9672,0.050
6010,128,3.962975e-04,0.9357,0.9656,0.048
6011,128,3.960163e-04,1.0056,0.9676,0.055
6012,128,3.957352e-04,0.9430,0.9664,0.044
6013,128,3.954542e-04,0.9775,0.9669,0.047
6014,128,3.951734e-04,0.9189,0.9645,0.043
6015,128,3.948926e-04,0.9678,0.9647,0.045
6016,128,3.946120e-04,0.9366,0.9633,0.040
6017,128,3.943314e-04,0.9312,0.9617,0.050
6018,128,3.940510e-04,0.9773,0.9625,0.046
6019,128,3.937707e-04,0.9582,0.9623,0.047
6020,128,3.934905e-04,0.9546,0.9619,0.046
6021,128,3.932104e-04,0.9372,0.9606,0.043
6022,128,3.929304e-04,0.9518,0.9602,0.052
6023,128,3.926505e-04,0.9322,0.9588,0.042
6024,128,3.923707e-04,0.9737,0.9595,0.050
6025,128,3.920911e-04,0.9546,0.9593,0.039
6026,128,3.918115e-04,0.9599,0.9593,0.044
6027,128,3.915321e-04,0.9766,0.9602,0.039
6028,128,3.912527e-04,1.0062,0.9625,0.054
6029,128,3.909735e-04,0.9511,0.9619,0.041
6030,128,3.906944e-04,0.9781,0.9627,0.051
6031,128,3.904154e-04,0.9800,0.9636,0.041
6032,128,3.901365e-04,0.9770,0.9643,0.047
6033,128,3.898577e-04,0.9177,0.9619,0.043
6034,128,3.895790e-04,0.9368,0.9607,0.043
6035,128,3.893005e-04,0.9885,0.9621,0.044
6036,128,3.890220e-04,0.9600,0.9620,0.043
6037,128,3.887437e-04,0.9623,0.9620,0.045
6038,128,3.884654e-04,0.9580,0.9618,0.053
6039,128,3.881873e-04,0.9722,0.9623,0.054
6040,128,3.879093e-04,0.9499,0.9617,0.051
6041,128,3.876314e-04,0.9761,0.9624,0.047
6042,128,3.873536e-04,0.9686,0.9627,0.046
6043,128,3.870759e-04,0.9674,0.9629,0.045
6044,128,3.867984e-04,0.9725,0.9634,0.042
6045,128,3.865209e-04,0.9721,0.9639,0.047
6046,128,3.862435e-04,0.9608,0.9637,0.047
6047,128,3.859663e-04,0.9778,0.9644,0.044
6048,128,3.856892e-04,0.9563,0.9640,0.047
6049,128,3.854121e-04,0.9956,0.9656,0.047
6050,128,3.851352e-04,0.9381,0.9642,0.049
6051,128,3.848584e-04,0.9541,0.9637,0.046
6052,128,3.845817e-04,0.9587,0.9635,0.042
6053,128,3.843052e-04,0.9672,0.9636,0.041
6054,128,3.840287e-04,0.9663,0.9638,0.047
6055,128,3.837523e-04,0.9720,0.9642,0.051
6056,128,3.834761e-04,0.9704,0.9645,0.049
6057,128,3.832000e-04,0.9450,0.9635,0.046
6058,128,3.829239e-04,0.9240,0.9615,0.042
6059,128,3.826480e-04,0.9626,0.9616,0.041
6060,128,3.823722e-04,0.9494,0.9610,0.040
6061,128,3.820965e-04,0.9567,0.9608,0.042
6062,128,3.818210e-04,0.9472,0.9601,0.040
6063,128,3.815455e-04,0.9565,0.9599,0.051
6064,128,3.812701e-04,0.9632,0.9601,0.044
6065,128,3.809949e-04,0.9861,0.9614,0.053
6066,128,3.807197e-04,0.9678,0.9617,0.048
6067,128,3.804447e-04,0.9730,0.9623,0.055
6068,128,3.801698e-04,0.9870,0.9635,0.047
6069,128,3.798950e-04,0.9823,0.9644,0.046
6070,128,3.796203e-04,0.9428,0.9634,0.043
6071,128,3.793457e-04,0.9563,0.9630,0.049
6072,128,3.790713e-04,0.9563,0.9627,0.039
6073,128,3.787969e-04,0.9577,0.9624,0.043
6074,128,3.785227e-04,0.9686,0.9627,0.048
6075,128,3.782486e-04,0.9330,0.9612,0.041
6076,128,3.779745e-04,1.0080,0.9636,0.046
6077,128,3.777006e-04,0.9878,0.9648,0.052
6078,128,3.774268e-04,0.9262,0.9629,0.041
6079,128,3.771532e-04,0.9514,0.9623,0.047
6080,128,3.768796e-04,0.9700,0.9627,0.045
6081,128,3.766061e-04,0.9757,0.9633,0.048
6082,128,3.763328e-04,0.9663,0.9635,0.051
6083,128,3.760595e-04,0.9731,0.9640,0.047
6084,128,3.757864e-04,0.9487,0.9632,0.049
6085,128,3.755134e-04,0.9708,0.9636,0.042
6086,128,3.752405e-04,0.9781,0.9643,0.043
6087,128,3.749677e-04,0.9719,0.9647,0.040
6088,128,3.746951e-04,0.9456,0.9637,0.040
6089,128,3.744225e-04,0.9663,0.9638,0.042
6090,128,3.741501e-04,0.9643,0.9639,0.049
6091,128,3.738777e-04,0.9559,0.9635,0.047
6092,128,3.736055e-04,0.9760,0.9641,0.048
6093,128,3.733334e-04,0.9689,0.9643,0.052
6094,128,3.730614e-04,0.9504,0.9636,0.045
6095,128,3.727895e-04,1.0008,0.9655,0.045
6096,128,3.725177e-04,0.9639,0.9654,0.043
6097,128,3.722461e-04,0.9722,0.9658,0.045
6098,128,3.719745e-04,0.9468,0.9648,0.048
6099,128,3.717031e-04,0.9556,0.9644,0.052
6100,128,3.714318e-04,0.9542,0.9638,0.045
6101,128,3.711606e-04,0.9577,0.9635,0.038
6102,128,3.708895e-04,0.9564,0.9632,0.040
6103,128,3.706185e-04,0.9500,0.9625,0.047
6104,128,3.703476e-04,0.9640,0.9626,0.039
6105,128,3.700769e-04,0.9771,0.9633,0.042
6106,128,3.698062e-04,0.9388,0.9621,0.046
6107,128,3.695357e-04,0.9162,0.9598,0.041
6108,128,3.692653e-04,0.9821,0.9609,0.047
6109,128,3.689950e-04,0.9692,0.9613,0.045
6110,128,3.687248e-04,0.9599,0.9613,0.043
6111,128,3.684547e-04,0.9741,0.9619,0.044
6112,128,3.681847e-04,0.9457,0.9611,0.046
6113,128,3.679149e-04,0.9455,0.9603,0.045
6114,128,3.676452e-04,0.9489,0.9597,0.047
6115,128,3.673755e-04,0.9787,0.9607,0.048
6116,128,3.671060e-04,0.9761,0.9615,0.045
6117,128,3.668366e-04,0.9464,0.9607,0.040
6118,128,3.665674e-04,0.9562,0.9605,0.046
6119,128,3.662982e-04,0.9619,0.9606,0.045
6120,128,3.660291e-04,0.9563,0.9603,0.049
6121,128,3.657602e-04,0.9432,0.9595,0.043
6122,128,3.654914e-04,0.9804,0.9605,0.044
6123,128,3.652227e-04,0.9657,0.9608,0.056
6124,128,3.649541e-04,0.9575,0.9606,0.045
6125,128,3.646856e-04,0.9684,0.9610,0.046
6126,128,3.644172e-04,0.9324,0.9596,0.042
6127,128,3.641490e-04,0.9731,0.9603,0.047
6128,128,3.638808e-04,0.9588,0.9602,0.044
6129,128,3.636128e-04,0.9636,0.9604,0.051
6130,128,3.633449e-04,0.9656,0.9606,0.050
6131,128,3.630771e-04,0.9683,0.9610,0.046
6132,128,3.628094e-04,0.9735,0.9616,0.053
6133,128,3.625418e-04,0.9605,0.9616,0.047
6134,128,3.622744e-04,0.9773,0.9624,0.045
6135,128,3.620070e-04,0.9685,0.9627,0.042
6136,128,3.617398e-04,0.9711,0.9631,0.047
6137,128,3.614727e-04,0.9517,0.9625,0.041
6138,128,3.612057e-04,0.9685,0.9628,0.044
6139,128,3.609388e-04,0.9913,0.9642,0.044
6140,128,3.606720e-04,0.9630,0.9642,0.043
6141,128,3.604054e-04,0.9657,0.9643,0.047
6142,128,3.601389e-04,0.9745,0.9648,0.045
6143,128,3.598724e-04,0.9315,0.9631,0.039
6144,128,3.596061e-04,0.9705,0.9635,0.041
6145,128,3.593399e-04,0.9594,0.9633,0.049
6146,128,3.590739e-04,0.9864,0.9644,0.044
6147,128,3.588079e-04,0.9818,0.9653,0.048
6148,128,3.585420e-04,0.9451,0.9643,0.043
6149,128,3.582763e-04,0.9449,0.9633,0.051
6150,128,3.580107e-04,0.9549,0.9629,0.045
6151,128,3.577452e-04,0.9445,0.9620,0.052
6152,128,3.574798e-04,0.9728,0.9625,0.054
6153,128,3.572145e-04,0.9889,0.9638,0.047
6154,128,3.569494e-04,0.9689,0.9641,0.051
6155,128,3.566843e-04,1.0014,0.9660,0.045
6156,128,3.564194e-04,0.9700,0.9662,0.044
6157,128,3.561546e-04,0.9757,0.9666,0.045
6158,128,3.558899e-04,0.9946,0.9680,0.043
6159,128,3.556253e-04,0.9619,0.9677,0.041
6160,128,3.553609e-04,0.9834,0.9685,0.051
6161,128,3.550965e-04,0.9515,0.9677,0.039
6162,128,3.548323e-04,0.9350,0.9660,0.046
6163,128,3.545682e-04,0.9576,0.9656,0.048
6164,128,3.543042e-04,0.9913,0.9669,0.051
6165,128,3.540403e-04,0.9830,0.9677,0.054
6166,128,3.537765e-04,0.9802,0.9683,0.043
6167,128,3.535129e-04,0.9841,0.9691,0.050
6168,128,3.532493e-04,0.9740,0.9693,0.048
6169,128,3.529859e-04,0.9903,0.9704,0.050
6170,128,3.527226e-04,0.9532,0.9695,0.042
6171,128,3.524594e-04,0.9944,0.9708,0.045
6172,128,3.521963e-04,0.9270,0.9686,0.043
6173,128,3.519334e-04,0.9370,0.9670,0.045
6174,128,3.516705e-04,0.9500,0.9662,0.046
6175,128,3.514078e-04,0.9302,0.9644,0.046
6176,128,3.511452e-04,0.9507,0.9637,0.043
6177,128,3.508827e-04,0.9604,0.9635,0.047
6178,128,3.506203e-04,0.9919,0.9649,0.046
6179,128,3.503581e-04,0.9547,0.9644,0.049
6180,128,3.500959e-04,0.9569,0.9640,0.042
6181,128,3.498339e-04,0.9689,0.9643,0.040
6182,128,3.495720e-04,0.9574,0.9639,0.037
6183,128,3.493102e-04,0.9554,0.9635,0.047
6184,128,3.490485e-04,0.9379,0.9622,0.048
6185,128,3.487870e-04,0.9485,0.9615,0.043
6186,128,3.485255e-04,0.9634,0.9616,0.044
6187,128,3.482642e-04,0.9807,0.9626,0.047
6188,128,3.480030e-04,0.9676,0.9628,0.046
6189,128,3.477419e-04,0.9620,0.9628,0.046
6190,128,3.474809e-04,0.9658,0.9630,0.043
6191,128,3.472200e-04,1.0024,0.9649,0.048
6192,128,3.469593e-04,0.9874,0.9661,0.044
6193,128,3.466987e-04,0.9814,0.9668,0.044
6194,128,3.464382e-04,0.9535,0.9662,0.046
6195,128,3.461778e-04,0.9626,0.9660,0.048
6196,128,3.459175e-04,0.9713,0.9662,0.045
6197,128,3.456573e-04,0.9537,0.9656,0.040
6198,128,3.453973e-04,0.9630,0.9655,0.046
6199,128,3.451374e-04,0.9442,0.9644,0.044
6200,128,3.448776e-04,0.9550,0.9640,0.047
6201,128,3.446179e-04,0.9618,0.9638,0.043
6202,128,3.443583e-04,0.9645,0.9639,0.046
6203,128,3.440989e-04,0.9916,0.9653,0.045
6204,128,3.438395e-04,0.9297,0.9635,0.044
6205,128,3.435803e-04,0.9727,0.9639,0.054
6206,128,3.433212e-04,0.9773,0.9646,0.043
6207,128,3.430622e-04,0.9898,0.9659,0.047
6208,128,3.428034e-04,0.9677,0.9660,0.042
6209,128,3.425446e-04,0.9721,0.9663,0.045
6210,128,3.422860e-04,0.9431,0.9651,0.044
6211,128,3.420275e-04,0.9524,0.9645,0.044
6212,128,3.417691e-04,0.9802,0.9653,0.046
6213,128,3.415108e-04,0.9885,0.9664,0.050
6214,128,3.412527e-04,0.9746,0.9668,0.044
6215,128,3.409946e-04,0.9612,0.9665,0.048
6216,128,3.407367e-04,0.9655,0.9665,0.042
6217,128,3.404789e-04,0.9519,0.9658,0.043
6218,128,3.402212e-04,0.9609,0.9655,0.047
6219,128,3.399636e-04,0.9365,0.9641,0.046
6220,128,3.397062e-04,0.9645,0.9641,0.052
6221,128,3.394489e-04,0.9516,0.9635,0.044
6222,128,3.391917e-04,0.9648,0.9635,0.049
6223,128,3.389346e-04,0.9175,0.9612,0.047
6224,128,3.386776e-04,0.9425,0.9603,0.043
6225,128,3.384207e-04,0.9883,0.9617,0.055
6226,128,3.381640e-04,0.9245,0.9598,0.039
6227,128,3.379074e-04,0.9438,0.9590,0.046
6228,128,3.376509e-04,0.9521,0.9587,0.042
6229,128,3.373945e-04,0.9402,0.9578,0.046
6230,128,3.371382e-04,0.9554,0.9576,0.042
6231,128,3.368821e-04,0.9798,0.9588,0.048
6232,128,3.366260e-04,0.9569,0.9587,0.043
6233,128,3.363701e-04,0.9737,0.9594,0.039
6234,128,3.361143e-04,0.9313,0.9580,0.041
6235,128,3.358587e-04,0.9235,0.9563,0.041
6236,128,3.356031e-04,0.9617,0.9566,0.043
6237,128,3.353477e-04,0.9469,0.9561,0.041
6238,128,3.350924e-04,0.9659,0.9566,0.046
6239,128,3.348372e-04,0.9846,0.9580,0.044
6240,128,3.345821e-04,0.9797,0.9591,0.049
6241,128,3.343272e-04,0.9792,0.9601,0.050
6242,128,3.340723e-04,0.9749,0.9608,0.041
6243,128,3.338176e-04,0.9589,0.9607,0.051
6244,128,3.335630e-04,0.9192,0.9586,0.043
6245,128,3.333085e-04,0.9413,0.9578,0.049
6246,128,3.330542e-04,0.9572,0.9577,0.046
6247,128,3.327999e-04,0.9520,0.9574,0.041
6248,128,3.325458e-04,0.9785,0.9585,0.041
6249,128,3.322918e-04,0.9614,0.9586,0.045
6250,128,3.320379e-04,0.9649,0.9590,0.048
6251,128,3.317841e-04,0.9702,0.9595,0.046
6252,128,3.315305e-04,0.9626,0.9597,0.044
6253,128,3.312770e-04,0.9762,0.9605,0.044
6254,128,3.310236e-04,0.9812,0.9615,0.050
6255,128,3.307703e-04,0.9864,0.9628,0.043
6256,128,3.305171e-04,0.9695,0.9631,0.049
6257,128,3.302641e-04,0.9606,0.9630,0.050
6258,128,3.300111e-04,0.9635,0.9630,0.039
6259,128,3.297583e-04,0.9553,0.9626,0.050
6260,128,3.295057e-04,0.9287,0.9609,0.043
6261,128,3.292531e-04,0.9782,0.9618,0.048
6262,128,3.290006e-04,0.9659,0.9620,0.047
6263,128,3.287483e-04,0.9556,0.9617,0.041
6264,128,3.284961e-04,0.9736,0.9623,0.046
6265,128,3.282440e-04,0.9527,0.9618,0.050
6266,128,3.279921e-04,0.9605,0.9617,0.044
6267,128,3.277402e-04,0.9810,0.9627,0.052
6268,128,3.274885e-04,0.9655,0.9628,0.049
6269,128,3.272369e-04,0.9392,0.9617,0.047
6270,128,3.269854e-04,0.9698,0.9621,0.048
6271,128,3.267340e-04,0.9944,0.9637,0.054
6272,128,3.264828e-04,0.9475,0.9629,0.042
6273,128,3.262317e-04,0.9636,0.9629,0.040
6274,128,3.259807e-04,0.9492,0.9622,0.046
6275,128,3.257298e-04,0.9948,0.9638,0.047
6276,128,3.254790e-04,0.9564,0.9635,0.040
6277,128,3.252284e-04,0.9749,0.9640,0.048
6278,128,3.249779e-04,0.9372,0.9627,0.052
6279,128,3.247275e-04,0.9245,0.9608,0.043
6280,128,3.244772e-04,0.9411,0.9598,0.044
6281,128,3.242270e-04,0.9473,0.9592,0.046
6282,128,3.239770e-04,0.9730,0.9599,0.046
6283,128,3.237271e-04,0.9801,0.9609,0.045
6284,128,3.234773e-04,0.9516,0.9604,0.040
6285,128,3.232276e-04,0.9467,0.9597,0.044
6286,128,3.229780e-04,0.9567,0.9596,0.042
6287,128,3.227286e-04,0.9565,0.9594,0.046
6288,128,3.224793e-04,0.9375,0.9583,0.043
6289,128,3.222301e-04,0.9469,0.9578,0.044
6290,128,3.219810e-04,0.9694,0.9583,0.049
6291,128,3.217321e-04,0.9711,0.9590,0.047
6292,128,3.214833e-04,0.9605,0.9591,0.042
6293,128,3.212345e-04,0.9814,0.9602,0.043
6294,128,3.209860e-04,0.9665,0.9605,0.043
6295,128,3.207375e-04,0.9580,0.9604,0.047
6296,128,3.204892e-04,0.9489,0.9598,0.046
6297,128,3.202409e-04,0.9415,0.9589,0.047
6298,128,3.199928e-04,0.9651,0.9592,0.055
6299,128,3.197449e-04,0.9332,0.9579,0.045
6300,128,3.194970e-04,0.9906,0.9595,0.052
6301,128,3.192493e-04,0.9835,0.9607,0.049
6302,128,3.190017e-04,0.9559,0.9605,0.044
6303,128,3.187542e-04,0.9366,0.9593,0.042
6304,128,3.185068e-04,0.9798,0.9603,0.045
6305,128,3.182595e-04,0.9671,0.9607,0.046
6306,128,3.180124e-04,0.9711,0.9612,0.046
6307,128,3.177654e-04,0.9603,0.9611,0.047
6308,128,3.175185e-04,0.9766,0.9619,0.042
6309,128,3.172718e-04,0.8945,0.9585,0.041
6310,128,3.170251e-04,0.9506,0.9581,0.042
6311,128,3.167786e-04,0.9713,0.9588,0.046
6312,128,3.165322e-04,0.9665,0.9592,0.050
6313,128,3.162860e-04,0.9565,0.9590,0.047
6314,128,3.160398e-04,0.9679,0.9595,0.043
6315,128,3.157938e-04,0.9555,0.9593,0.044
6316,128,3.155479e-04,0.9895,0.9608,0.045
6317,128,3.153021e-04,0.9386,0.9597,0.038
6318,128,3.150564e-04,0.9365,0.9585,0.040
6319,128,3.148109e-04,1.0050,0.9609,0.046
6320,128,3.145655e-04,0.9757,0.9616,0.047
6321,128,3.143202e-04,0.9846,0.9627,0.049
6322,128,3.140750e-04,0.9703,0.9631,0.049
6323,128,3.138300e-04,0.9673,0.9633,0.040
6324,128,3.135850e-04,0.9553,0.9629,0.046
6325,128,3.133402e-04,0.9577,0.9627,0.044
6326,128,3.130955e-04,0.9381,0.9614,0.038
6327,128,3.128510e-04,0.9502,0.9609,0.043
6328,128,3.126066e-04,0.9573,0.9607,0.043
6329,128,3.123622e-04,0.9236,0.9588,0.044
6330,128,3.121180e-04,0.9642,0.9591,0.045
6331,128,3.118740e-04,0.9828,0.9603,0.044
6332,128,3.116300e-04,0.9214,0.9584,0.046
6333,128,3.113862e-04,0.9845,0.9597,0.048
6334,128,3.111425e-04,0.9472,0.9590,0.047
6335,128,3.108989e-04,0.9139,0.9568,0.045
6336,128,3.106555e-04,0.9725,0.9576,0.039
6337,128,3.104122e-04,0.9687,0.9581,0.045
6338,128,3.101690e-04,0.9576,0.9581,0.052
6339,128,3.099259e-04,0.9680,0.9586,0.041
6340,128,3.096829e-04,0.9816,0.9597,0.050
6341,128,3.094401e-04,0.9544,0.9595,0.045
6342,128,3.091974e-04,0.9723,0.9601,0.046
6343,128,3.089548e-04,0.9606,0.9601,0.044
6344,128,3.087123e-04,0.9483,0.9595,0.050
6345,128,3.084700e-04,0.9693,0.9600,0.043
6346,128,3.082277e-04,0.9551,0.9598,0.041
6347,128,3.079856e-04,0.9589,0.9597,0.042
6348,128,3.077437e-04,0.9695,0.9602,0.044
6349,128,3.075018e-04,0.9422,0.9593,0.057
6350,128,3.072601e-04,0.9425,0.9585,0.045
6351,128,3.070185e-04,0.9351,0.9573,0.047
6352,128,3.067770e-04,0.9633,0.9576,0.053
6353,128,3.065357e-04,0.9659,0.9580,0.042
6354,128,3.062944e-04,0.9600,0.9581,0.043
6355,128,3.060533e-04,0.9312,0.9568,0.042
6356,128,3.058123e-04,0.9618,0.9570,0.044
6357,128,3.055715e-04,0.9613,0.9572,0.046
6358,128,3.053307e-04,0.9600,0.9574,0.044
6359,128,3.050901e-04,0.9552,0.9573,0.051
6360,128,3.048496e-04,0.9648,0.9576,0.045
6361,128,3.046093e-04,0.9505,0.9573,0.046
6362,128,3.043690e-04,0.9618,0.9575,0.049
6363,128,3.041289e-04,0.9735,0.9583,0.046
6364,128,3.038889e-04,0.9737,0.9591,0.051
6365,128,3.036491e-04,0.9728,0.9598,0.045
6366,128,3.034093e-04,0.9969,0.9616,0.057
6367,128,3.031697e-04,0.9715,0.9621,0.043
6368,128,3.029302e-04,1.0190,0.9650,0.054
6369,128,3.026908e-04,0.9713,0.9653,0.045
6370,128,3.024516e-04,0.9688,0.9655,0.044
6371,128,3.022125e-04,0.9656,0.9655,0.042
6372,128,3.019735e-04,0.9635,0.9654,0.042
6373,128,3.017346e-04,0.9442,0.9643,0.039
6374,128,3.014959e-04,0.9549,0.9638,0.042
6375,128,3.012572e-04,0.9415,0.9627,0.041
6376,128,3.010187e-04,0.9685,0.9630,0.041
6377,128,3.007804e-04,0.9251,0.9611,0.039
6378,128,3.005421e-04,0.9728,0.9617,0.044
6379,128,3.003040e-04,0.9439,0.9608,0.039
6380,128,3.000660e-04,0.9256,0.9590,0.038
6381,128,2.998281e-04,0.9850,0.9603,0.043
6382,128,2.995904e-04,0.9542,0.9600,0.044
6383,128,2.993527e-04,0.9677,0.9604,0.044
6384,128,2.991152e-04,0.9769,0.9612,0.044
6385,128,2.988779e-04,0.9490,0.9606,0.045
6386,128,2.986406e-04,1.0001,0.9626,0.049
6387,128,2.984035e-04,0.9391,0.9614,0.051
6388,128,2.981665e-04,0.9722,0.9620,0.049
6389,128,2.979296e-04,0.9429,0.9610,0.048
6390,128,2.976929e-04,0.9323,0.9596,0.046
6391,128,2.974562e-04,0.9653,0.9599,0.044
6392,128,2.972197e-04,0.9413,0.9589,0.043
6393,128,2.969834e-04,0.9676,0.9594,0.043
6394,128,2.967471e-04,0.9682,0.9598,0.053
6395,128,2.965110e-04,0.9830,0.9610,0.047
6396,128,2.962750e-04,0.9334,0.9596,0.041
6397,128,2.960391e-04,0.9503,0.9591,0.043
6398,128,2.958034e-04,0.9390,0.9581,0.040
6399,128,2.955678e-04,0.9789,0.9592,0.044
6400,128,2.953323e-04,0.9625,0.9593,0.043
6401,128,2.950969e-04,0.9516,0.9589,0.043
6402,128,2.948617e-04,0.9531,0.9586,0.047
6403,128,2.946265e-04,0.9591,0.9587,0.048
6404,128,2.943915e-04,0.9895,0.9602,0.046
6405,128,2.941567e-04,0.9642,0.9604,0.042
6406,128,2.939219e-04,0.9725,0.9610,0.047
6407,128,2.936873e-04,0.9774,0.9618,0.046
6408,128,2.934528e-04,0.9353,0.9605,0.042
6409,128,2.932185e-04,0.9717,0.9611,0.047
6410,128,2.929842e-04,0.9875,0.9624,0.046
6411,128,2.927501e-04,0.9468,0.9616,0.050
6412,128,2.925161e-04,0.9867,0.9629,0.044
6413,128,2.922823e-04,0.9606,0.9627,0.045
6414,128,2.920485e-04,0.9397,0.9616,0.043
6415,128,2.918149e-04,0.9584,0.9614,0.043
6416,128,2.915815e-04,0.9479,0.9608,0.040
6417,128,2.913481e-04,0.9542,0.9604,0.041
6418,128,2.911149e-04,0.9472,0.9598,0.038
6419,128,2.908818e-04,0.9501,0.9593,0.041
6420,128,2.906488e-04,0.9251,0.9576,0.039
6421,128,2.904160e-04,0.9486,0.9571,0.043
6422,128,2.901832e-04,0.9476,0.9567,0.046
6423,128,2.899506e-04,0.9667,0.9572,0.048
6424,128,2.897182e-04,0.9349,0.9560,0.049
6425,128,2.894858e-04,0.9626,0.9564,0.044
6426,128,2.892536e-04,0.9591,0.9565,0.047
6427,128,2.890215e-04,0.9654,0.9569,0.055
6428,128,2.887896e-04,0.9646,0.9573,0.048
6429,128,2.885577e-04,0.9627,0.9576,0.050
6430,128,2.883260e-04,0.9567,0.9576,0.043
6431,128,2.880944e-04,0.9634,0.9578,0.045
6432,128,2.878630e-04,0.9714,0.9585,0.048
6433,128,2.876316e-04,0.9954,0.9604,0.054
6434,128,2.874004e-04,0.9545,0.9601,0.044
6435,128,2.871694e-04,0.9650,0.9603,0.046
6436,128,2.869384e-04,0.9766,0.9611,0.043
6437,128,2.867076e-04,0.9733,0.9618,0.044
6438,128,2.864769e-04,0.9876,0.9630,0.048
6439,128,2.862463e-04,0.9551,0.9626,0.044
6440,128,2.860159e-04,0.9615,0.9626,0.046
6441,128,2.857856e-04,0.9304,0.9610,0.039
6442,128,2.855554e-04,0.9532,0.9606,0.045
6443,128,2.853253e-04,0.9367,0.9594,0.046
6444,128,2.850954e-04,0.9388,0.9584,0.042
6445,128,2.848656e-04,0.9361,0.9572,0.042
6446,128,2.846359e-04,0.9647,0.9576,0.041
6447,128,2.844064e-04,0.9380,0.9566,0.048
6448,128,2.841770e-04,0.9541,0.9565,0.047
6449,128,2.839477e-04,0.9576,0.9566,0.045
6450,128,2.837185e-04,0.9717,0.9573,0.050
6451,128,2.834895e-04,0.9603,0.9575,0.051
6452,128,2.832605e-04,0.9932,0.9593,0.054
6453,128,2.830318e-04,0.9804,0.9603,0.058
6454,128,2.828031e-04,0.9923,0.9619,0.048
6455,128,2.825746e-04,0.9618,0.9619,0.045
6456,128,2.823462e-04,0.9574,0.9617,0.043
6457,128,2.821179e-04,0.9674,0.9620,0.053
6458,128,2.818898e-04,0.9608,0.9619,0.047
6459,128,2.816617e-04,0.9588,0.9618,0.044
6460,128,2.814339e-04,0.9649,0.9619,0.041
6461,128,2.812061e-04,0.9312,0.9604,0.040
6462,128,2.809785e-04,0.9293,0.9588,0.042
6463,128,2.807510e-04,0.9632,0.9590,0.047
6464,128,2.805236e-04,0.9535,0.9588,0.041
6465,128,2.802963e-04,0.9259,0.9571,0.052
6466,128,2.800692e-04,0.9340,0.9560,0.038
6467,128,2.798422e-04,0.9403,0.9552,0.045
6468,128,2.796154e-04,0.9588,0.9554,0.044
6469,128,2.793886e-04,0.9412,0.9547,0.043
6470,128,2.791620e-04,0.9729,0.9556,0.043
6471,128,2.789355e-04,0.9877,0.9572,0.044
6472,128,2.787092e-04,0.9739,0.9580,0.046
6473,128,2.784830e-04,0.9699,0.9586,0.044
6474,128,2.782569e-04,0.9386,0.9576,0.047
6475,128,2.780309e-04,0.9639,0.9579,0.045
6476,128,2.778051e-04,0.9463,0.9573,0.045
6477,128,2.775793e-04,0.9673,0.9578,0.047
6478,128,2.773538e-04,0.9406,0.9570,0.044
6479,128,2.771283e-04,0.9508,0.9567,0.042
6480,128,2.769030e-04,0.9506,0.9564,0.044
6481,128,2.766778e-04,0.9782,0.9575,0.041
6482,128,2.764527e-04,0.9856,0.9589,0.047
6483,128,2.762278e-04,0.9583,0.9588,0.041
6484,128,2.760030e-04,0.9559,0.9587,0.046
6485,128,2.757783e-04,0.9639,0.9590,0.044
6486,128,2.755538e-04,0.9884,0.9604,0.047
6487,128,2.753293e-04,0.9380,0.9593,0.044
6488,128,2.751050e-04,0.9489,0.9588,0.044
6489,128,2.748809e-04,0.9919,0.9604,0.041
6490,128,2.746568e-04,0.9821,0.9615,0.045
6491,128,2.744329e-04,0.9630,0.9616,0.044
6492,128,2.742092e-04,0.9900,0.9630,0.044
6493,128,2.739855e-04,0.9523,0.9625,0.044
6494,128,2.737620e-04,0.9777,0.9632,0.040
6495,128,2.735386e-04,0.9568,0.9629,0.049
6496,128,2.733154e-04,0.9655,0.9630,0.044
6497,128,2.730922e-04,0.9571,0.9628,0.041
6498,128,2.728692e-04,0.9379,0.9615,0.039
6499,128,2.726463e-04,0.9618,0.9615,0.043
6500,128,2.724236e-04,0.9524,0.9611,0.047
6501,128,2.722010e-04,0.9556,0.9608,0.041
6502,128,2.719785e-04,0.9807,0.9618,0.052
6503,128,2.717562e-04,0.9727,0.9623,0.050
6504,128,2.715339e-04,0.9645,0.9624,0.042
6505,128,2.713118e-04,0.9770,0.9632,0.046
6506,128,2.710899e-04,0.9281,0.9614,0.038
6507,128,2.708680e-04,0.9651,0.9616,0.046
6508,128,2.706463e-04,0.9596,0.9615,0.040
6509,128,2.704248e-04,0.9443,0.9606,0.043
6510,128,2.702033e-04,0.9534,0.9603,0.044
6511,128,2.699820e-04,0.9473,0.9596,0.042
6512,128,2.697608e-04,0.9886,0.9611,0.043
6513,128,2.695398e-04,0.9915,0.9626,0.045
6514,128,2.693188e-04,0.9765,0.9633,0.047
6515,128,2.690980e-04,0.9636,0.9633,0.045
6516,128,2.688774e-04,0.9373,0.9620,0.042
6517,128,2.686568e-04,0.9638,0.9621,0.042
6518,128,2.684364e-04,0.9468,0.9613,0.043
6519,128,2.682161e-04,0.9835,0.9624,0.045
6520,128,2.679960e-04,1.0072,0.9647,0.041
6521,128,2.677760e-04,0.9637,0.9646,0.049
6522,128,2.675561e-04,0.9460,0.9637,0.042
6523,128,2.673363e-04,0.9716,0.9641,0.057
6524,128,2.671167e-04,0.9622,0.9640,0.049
6525,128,2.668972e-04,0.9502,0.9633,0.052
6526,128,2.666779e-04,0.9642,0.9634,0.043
6527,128,2.664586e-04,0.9750,0.9639,0.044
6528,128,2.662395e-04,0.9418,0.9628,0.050
6529,128,2.660205e-04,0.9893,0.9642,0.049
6530,128,2.658017e-04,0.9719,0.9645,0.046
6531,128,2.655830e-04,0.9677,0.9647,0.049
6532,128,2.653644e-04,0.9556,0.9642,0.041
6533,128,2.651460e-04,0.9692,0.9645,0.042
6534,128,2.649276e-04,0.9470,0.9636,0.040
6535,128,2.647094e-04,0.9797,0.9644,0.049
6536,128,2.644914e-04,0.9544,0.9639,0.042
6537,128,2.642735e-04,0.9759,0.9645,0.048
6538,128,2.640557e-04,0.9286,0.9627,0.043
6539,128,2.638380e-04,0.9770,0.9634,0.046
6540,128,2.636205e-04,0.9704,0.9638,0.043
6541,128,2.634030e-04,0.9889,0.9650,0.047
6542,128,2.631858e-04,0.9595,0.9648,0.044
6543,128,2.629686e-04,0.9577,0.9644,0.043
6544,128,2.627516e-04,0.9622,0.9643,0.042
6545,128,2.625347e-04,0.9421,0.9632,0.040
6546,128,2.623180e-04,0.9493,0.9625,0.039
6547,128,2.621014e-04,0.9742,0.9631,0.044
6548,128,2.618849e-04,0.9423,0.9620,0.044
6549,128,2.616685e-04,0.9548,0.9617,0.042
6550,128,2.614523e-04,0.9207,0.9596,0.039
6551,128,2.612362e-04,0.9566,0.9595,0.047
6552,128,2.610202e-04,0.9261,0.9578,0.042
6553,128,2.608044e-04,0.9670,0.9583,0.047
6554,128,2.605887e-04,0.9628,0.9585,0.044
6555,128,2.603731e-04,0.9372,0.9574,0.042
6556,128,2.601577e-04,0.9531,0.9572,0.045
6557,128,2.599424e-04,0.9657,0.9576,0.045
6558,128,2.597272e-04,0.9204,0.9558,0.043
6559,128,2.595122e-04,0.9637,0.9562,0.044
6560,128,2.592973e-04,0.9744,0.9571,0.048
6561,128,2.590825e-04,0.9654,0.9575,0.041
6562,128,2.588678e-04,0.9808,0.9587,0.042
6563,128,2.586533e-04,0.9652,0.9590,0.041
6564,128,2.584389e-04,0.9445,0.9583,0.042
6565,128,2.582247e-04,0.9708,0.9589,0.043
6566,128,2.580106e-04,0.9493,0.9584,0.045
6567,128,2.577966e-04,0.9367,0.9573,0.046
6568,128,2.575827e-04,0.9870,0.9588,0.045
6569,128,2.573690e-04,0.9435,0.9580,0.048
6570,128,2.571554e-04,0.9595,0.9581,0.043
6571,128,2.569419e-04,0.9604,0.9582,0.044
6572,128,2.567286e-04,0.9528,0.9580,0.045
6573,128,2.565154e-04,0.9839,0.9593,0.045
6574,128,2.563024e-04,0.9682,0.9597,0.050
6575,128,2.560894e-04,0.9235,0.9579,0.044
6576,128,2.558766e-04,0.9709,0.9585,0.047
6577,128,2.556640e-04,0.9755,0.9594,0.043
6578,128,2.554514e-04,0.9425,0.9586,0.041
6579,128,2.552390e-04,0.9600,0.9586,0.043
6580,128,2.550267e-04,0.9375,0.9576,0.044
6581,128,2.548146e-04,0.9515,0.9573,0.042
6582,128,2.546026e-04,0.9427,0.9565,0.044
6583,128,2.543907e-04,0.9449,0.9560,0.045
6584,128,2.541790e-04,0.9558,0.9559,0.046
6585,128,2.539674e-04,0.9629,0.9563,0.046
6586,128,2.537559e-04,0.9397,0.9555,0.047
6587,128,2.535445e-04,0.9771,0.9565,0.047
6588,128,2.533333e-04,0.9734,0.9574,0.049
6589,128,2.531223e-04,0.9829,0.9587,0.046
6590,128,2.529113e-04,0.9434,0.9579,0.041
6591,128,2.527005e-04,0.9663,0.9583,0.044
6592,128,2.524898e-04,0.9613,0.9585,0.047
6593,128,2.522793e-04,0.9583,0.9585,0.046
6594,128,2.520688e-04,0.9841,0.9597,0.044
6595,128,2.518586e-04,0.9177,0.9576,0.044
6596,128,2.516484e-04,0.9354,0.9565,0.041
6597,128,2.514384e-04,0.9079,0.9541,0.041
6598,128,2.512285e-04,0.9873,0.9558,0.044
6599,128,2.510188e-04,0.9390,0.9549,0.043
6600,128,2.508091e-04,0.9567,0.9550,0.048
6601,128,2.505997e-04,0.9378,0.9541,0.044
6602,128,2.503903e-04,0.9709,0.9550,0.049
6603,128,2.501811e-04,0.9755,0.9560,0.042
6604,128,2.499720e-04,0.9905,0.9577,0.045
6605,128,2.497630e-04,0.9216,0.9559,0.047
6606,128,2.495542e-04,0.9287,0.9546,0.042
6607,128,2.493455e-04,0.9836,0.9560,0.046
6608,128,2.491370e-04,0.9519,0.9558,0.044
6609,128,2.489286e-04,0.9479,0.9554,0.049
6610,128,2.487203e-04,0.9770,0.9565,0.044
6611,128,2.485121e-04,0.9737,0.9574,0.047
6612,128,2.483041e-04,0.9463,0.9568,0.042
6613,128,2.480962e-04,0.9678,0.9573,0.045
6614,128,2.478885e-04,0.9924,0.9591,0.049
6615,128,2.476809e-04,0.9587,0.9591,0.041
6616,128,2.474734e-04,0.9834,0.9603,0.043
6617,128,2.472660e-04,0.9842,0.9615,0.043
6618,128,2.470588e-04,0.9786,0.9623,0.048
6619,128,2.468517e-04,0.9499,0.9617,0.042
6620,128,2.466448e-04,0.9501,0.9611,0.041
6621,128,2.464379e-04,0.9419,0.9602,0.047
6622,128,2.462313e-04,0.9694,0.9606,0.041
6623,128,2.460247e-04,0.9263,0.9589,0.043
6624,128,2.458183e-04,0.9442,0.9582,0.041
6625,128,2.456120e-04,0.9357,0.9571,0.042
6626,128,2.454059e-04,0.9363,0.9560,0.036
6627,128,2.451998e-04,0.9274,0.9546,0.044
6628,128,2.449940e-04,0.9400,0.9539,0.047
6629,128,2.447882e-04,0.9821,0.9553,0.049
6630,128,2.445826e-04,0.9569,0.9554,0.047
6631,128,2.443771e-04,1.0210,0.9586,0.064
6632,128,2.441718e-04,0.9555,0.9585,0.049
6633,128,2.439666e-04,0.9485,0.9580,0.046
6634,128,2.437615e-04,0.9291,0.9565,0.045
6635,128,2.435566e-04,0.9318,0.9553,0.042
6636,128,2.433518e-04,0.9625,0.9557,0.040
6637,128,2.431471e-04,0.9384,0.9548,0.043
6638,128,2.429425e-04,0.9549,0.9548,0.044
6639,128,2.427381e-04,0.9483,0.9545,0.044
6640,128,2.425339e-04,0.9414,0.9538,0.045
6641,128,2.423297e-04,0.9661,0.9544,0.045
6642,128,2.421257e-04,0.9600,0.9547,0.041
6643,128,2.419219e-04,0.9408,0.9540,0.050
6644,128,2.417181e-04,0.9789,0.9553,0.052
6645,128,2.415145e-04,0.9362,0.9543,0.043
6646,128,2.413111e-04,0.9518,0.9542,0.047
6647,128,2.411077e-04,0.9434,0.9536,0.048
6648,128,2.409045e-04,0.9699,0.9545,0.039
6649,128,2.407015e-04,0.9510,0.9543,0.042
6650,128,2.404986e-04,0.9893,0.9560,0.047
6651,128,2.402958e-04,0.9559,0.9560,0.055
6652,128,2.400931e-04,0.9606,0.9563,0.044
6653,128,2.398906e-04,0.9716,0.9570,0.046
6654,128,2.396882e-04,0.9758,0.9580,0.040
6655,128,2.394860e-04,0.9660,0.9584,0.042
6656,128,2.392839e-04,0.9378,0.9573,0.039
6657,128,2.390819e-04,0.9369,0.9563,0.036
6658,128,2.388800e-04,0.9394,0.9555,0.045
6659,128,2.386783e-04,0.9566,0.9555,0.040
6660,128,2.384767e-04,0.9399,0.9547,0.040
6661,128,2.382753e-04,0.9351,0.9538,0.041
6662,128,2.380740e-04,0.9769,0.9549,0.044
6663,128,2.378728e-04,0.9325,0.9538,0.041
6664,128,2.376718e-04,0.9318,0.9527,0.041
6665,128,2.374709e-04,0.9701,0.9536,0.043
6666,128,2.372701e-04,0.9366,0.9527,0.051
6667,128,2.370695e-04,0.9554,0.9529,0.046
6668,128,2.368690e-04,0.9528,0.9529,0.045
6669,128,2.366686e-04,0.9398,0.9522,0.040
6670,128,2.364684e-04,0.9351,0.9513,0.039
6671,128,2.362683e-04,0.9766,0.9526,0.044
6672,128,2.360684e-04,0.9630,0.9531,0.048
6673,128,2.358686e-04,0.9578,0.9534,0.042
6674,128,2.356689e-04,0.8961,0.9505,0.040
6675,128,2.354693e-04,0.9419,0.9501,0.042
6676,128,2.352699e-04,0.9879,0.9520,0.040
6677,128,2.350707e-04,0.9470,0.9517,0.045
6678,128,2.348715e-04,0.9503,0.9516,0.045
6679,128,2.346725e-04,0.9483,0.9515,0.049
6680,128,2.344736e-04,0.9945,0.9536,0.046
6681,128,2.342749e-04,0.9562,0.9538,0.044
6682,128,2.340763e-04,0.9766,0.9549,0.048
6683,128,2.338779e-04,0.9571,0.9550,0.043
6684,128,2.336795e-04,0.9666,0.9556,0.045
6685,128,2.334813e-04,0.9796,0.9568,0.049
6686,128,2.332833e-04,0.9591,0.9569,0.047
6687,128,2.330854e-04,0.9549,0.9568,0.043
6688,128,2.328876e-04,0.9631,0.9571,0.045
6689,128,2.326900e-04,0.9378,0.9561,0.043
6690,128,2.324924e-04,0.9722,0.9570,0.042
6691,128,2.322951e-04,0.9650,0.9574,0.045
6692,128,2.320978e-04,0.9625,0.9576,0.046
6693,128,2.319007e-04,0.9715,0.9583,0.046
6694,128,2.317038e-04,0.9437,0.9576,0.044
6695,128,2.315069e-04,0.9678,0.9581,0.044
6696,128,2.313103e-04,0.9606,0.9582,0.048
6697,128,2.311137e-04,0.9404,0.9573,0.046
6698,128,2.309173e-04,0.9593,0.9574,0.051
6699,128,2.307210e-04,0.9337,0.9562,0.037
6700,128,2.305249e-04,0.9687,0.9569,0.046
6701,128,2.303288e-04,0.9485,0.9564,0.040
6702,128,2.301330e-04,0.9491,0.9561,0.044
6703,128,2.299372e-04,0.9620,0.9564,0.044
6704,128,2.297416e-04,0.9936,0.9582,0.045
6705,128,2.295462e-04,0.9443,0.9575,0.049
6706,128,2.293508e-04,0.9505,0.9572,0.042
6707,128,2.291557e-04,0.9539,0.9570,0.047
6708,128,2.289606e-04,0.9817,0.9582,0.051
6709,128,2.287657e-04,0.9802,0.9593,0.051
6710,128,2.285709e-04,0.9702,0.9599,0.044
6711,128,2.283763e-04,0.9829,0.9610,0.047
6712,128,2.281818e-04,0.9659,0.9613,0.049
6713,128,2.279874e-04,0.9549,0.9610,0.043
6714,128,2.277932e-04,0.9525,0.9605,0.042
6715,128,2.275991e-04,0.9631,0.9607,0.042
6716,128,2.274051e-04,0.9701,0.9611,0.043
6717,128,2.272113e-04,0.9483,0.9605,0.040
6718,128,2.270176e-04,0.9495,0.9599,0.039
6719,128,2.268240e-04,0.9670,0.9603,0.041
6720,128,2.266306e-04,0.9603,0.9603,0.037
6721,128,2.264374e-04,0.9895,0.9618,0.042
6722,128,2.262442e-04,0.9396,0.9606,0.043
6723,128,2.260512e-04,0.9332,0.9593,0.047
6724,128,2.258584e-04,0.9903,0.9608,0.046
6725,128,2.256656e-04,0.9364,0.9596,0.038
6726,128,2.254730e-04,0.9318,0.9582,0.047
6727,128,2.252806e-04,0.9483,0.9577,0.044
6728,128,2.250883e-04,0.9389,0.9568,0.047
6729,128,2.248961e-04,0.9558,0.9567,0.043
6730,128,2.247041e-04,0.9735,0.9576,0.044
6731,128,2.245122e-04,0.9534,0.9574,0.044
6732,128,2.243204e-04,0.9429,0.9566,0.041
6733,128,2.241288e-04,0.9796,0.9578,0.048
6734,128,2.239373e-04,0.9371,0.9567,0.040
6735,128,2.237459e-04,0.9340,0.9556,0.039
6736,128,2.235547e-04,0.9317,0.9544,0.045
6737,128,2.233636e-04,0.9438,0.9539,0.046
6738,128,2.231727e-04,0.9955,0.9560,0.050
6739,128,2.229819e-04,0.9621,0.9563,0.044
6740,128,2.227912e-04,0.9316,0.9550,0.047
6741,128,2.226007e-04,0.9834,0.9565,0.055
6742,128,2.224103e-04,0.9764,0.9575,0.046
6743,128,2.222201e-04,0.9588,0.9575,0.046
6744,128,2.220299e-04,0.9329,0.9563,0.044
6745,128,2.218400e-04,0.9666,0.9568,0.044
6746,128,2.216501e-04,0.9507,0.9565,0.040
6747,128,2.214604e-04,0.9137,0.9544,0.041
6748,128,2.212709e-04,0.9376,0.9535,0.042
6749,128,2.210815e-04,0.9824,0.9550,0.041
6750,128,2.208922e-04,0.9617,0.9553,0.047
6751,128,2.207030e-04,0.9566,0.9554,0.043
6752,128,2.205140e-04,0.9315,0.9542,0.041
6753,128,2.203251e-04,0.9676,0.9548,0.041
6754,128,2.201364e-04,0.9748,0.9558,0.041
6755,128,2.199478e-04,0.9442,0.9553,0.046
6756,128,2.197594e-04,0.9480,0.9549,0.037
6757,128,2.195710e-04,0.9715,0.9557,0.041
6758,128,2.193829e-04,0.9413,0.9550,0.043
6759,128,2.191948e-04,0.9765,0.9561,0.046
6760,128,2.190069e-04,0.9465,0.9556,0.042
6761,128,2.188191e-04,0.9309,0.9544,0.043
6762,128,2.186315e-04,0.9522,0.9543,0.047
6763,128,2.184440e-04,0.9208,0.9526,0.047
6764,128,2.182567e-04,0.9802,0.9540,0.040
6765,128,2.180695e-04,0.9668,0.9546,0.044
6766,128,2.178824e-04,0.9609,0.9549,0.043
6767,128,2.176955e-04,0.9671,0.9555,0.049
6768,128,2.175087e-04,0.9710,0.9563,0.054
6769,128,2.173220e-04,0.9431,0.9556,0.041
6770,128,2.171355e-04,0.9829,0.9570,0.045
6771,128,2.169491e-04,0.9663,0.9575,0.044
6772,128,2.167629e-04,0.9433,0.9568,0.041
6773,128,2.165768e-04,0.9464,0.9562,0.046
6774,128,2.163908e-04,0.9522,0.9560,0.044
6775,128,2.162050e-04,0.9509,0.9558,0.049
6776,128,2.160193e-04,0.9563,0.9558,0.048
6777,128,2.158337e-04,0.9562,0.9558,0.043
6778,128,2.156483e-04,0.9738,0.9567,0.048
6779,128,2.154630e-04,0.9434,0.9561,0.042
6780,128,2.152779e-04,0.9439,0.9554,0.044
6781,128,2.150929e-04,0.9722,0.9563,0.044
6782,128,2.149081e-04,0.9809,0.9575,0.042
6783,128,2.147234e-04,0.9520,0.9572,0.044
6784,128,2.145388e-04,0.9874,0.9587,0.044
6785,128,2.143543e-04,0.9507,0.9583,0.041
6786,128,2.141700e-04,0.9744,0.9592,0.044
6787,128,2.139859e-04,0.9631,0.9593,0.048
6788,128,2.138019e-04,0.9358,0.9582,0.040
6789,128,2.136180e-04,0.9374,0.9571,0.043
6790,128,2.134342e-04,0.9566,0.9571,0.042
6791,128,2.132506e-04,0.9434,0.9564,0.048
6792,128,2.130672e-04,0.9509,0.9561,0.046
6793,128,2.128839e-04,0.9634,0.9565,0.043
6794,128,2.127007e-04,0.9706,0.9572,0.042
6795,128,2.125176e-04,0.9514,0.9569,0.042
6796,128,2.123347e-04,0.9433,0.9562,0.039
6797,128,2.121520e-04,0.9744,0.9571,0.045
6798,128,2.119693e-04,0.9066,0.9546,0.045
6799,128,2.117868e-04,0.9524,0.9545,0.045
6800,128,2.116045e-04,0.9228,0.9529,0.045
6801,128,2.114223e-04,0.9536,0.9530,0.042
6802,128,2.112402e-04,0.9460,0.9526,0.041
6803,128,2.110583e-04,0.9613,0.9530,0.046
6804,128,2.108765e-04,0.9519,0.9530,0.043
6805,128,2.106949e-04,0.9308,0.9519,0.043
6806,128,2.105134e-04,0.9607,0.9523,0.045
6807,128,2.103320e-04,0.9747,0.9534,0.041
6808,128,2.101508e-04,0.9621,0.9539,0.042
6809,128,2.099697e-04,0.9538,0.9539,0.043
6810,128,2.097887e-04,0.9757,0.9550,0.043
6811,128,2.096079e-04,0.9668,0.9556,0.042
6812,128,2.094272e-04,0.9668,0.9561,0.041
6813,128,2.092467e-04,0.9596,0.9563,0.040
6814,128,2.090663e-04,0.9711,0.9570,0.040
6815,128,2.088861e-04,0.9819,0.9583,0.046
6816,128,2.087060e-04,0.9666,0.9587,0.040
6817,128,2.085260e-04,0.9465,0.9581,0.045
6818,128,2.083462e-04,0.9598,0.9582,0.045
6819,128,2.081665e-04,0.9763,0.9591,0.050
6820,128,2.079869e-04,0.9837,0.9603,0.046
6821,128,2.078075e-04,0.9678,0.9607,0.049
6822,128,2.076282e-04,0.9469,0.9600,0.048
6823,128,2.074491e-04,0.9729,0.9606,0.045
6824,128,2.072701e-04,0.9404,0.9596,0.049
6825,128,2.070913e-04,0.9422,0.9587,0.043
6826,128,2.069126e-04,0.9435,0.9580,0.048
6827,128,2.067340e-04,0.9794,0.9591,0.046
6828,128,2.065556e-04,0.9555,0.9589,0.045
6829,128,2.063773e-04,0.9538,0.9586,0.044
6830,128,2.061991e-04,0.9539,0.9584,0.047
6831,128,2.060211e-04,0.9341,0.9572,0.041
6832,128,2.058433e-04,0.9610,0.9574,0.040
6833,128,2.056655e-04,0.9616,0.9576,0.043
6834,128,2.054879e-04,0.9490,0.9572,0.046
6835,128,2.053105e-04,0.9523,0.9569,0.053
6836,128,2.051332e-04,0.9540,0.9568,0.044
6837,128,2.049560e-04,0.9984,0.9588,0.044
6838,128,2.047790e-04,0.9501,0.9584,0.039
6839,128,2.046021e-04,0.9870,0.9598,0.047
6840,128,2.044254e-04,0.9385,0.9588,0.044
6841,128,2.042488e-04,0.9443,0.9580,0.049
6842,128,2.040723e-04,0.9685,0.9586,0.046
6843,128,2.038960e-04,0.9605,0.9587,0.047
6844,128,2.037198e-04,0.9529,0.9584,0.046
6845,128,2.035438e-04,0.9360,0.9573,0.049
6846,128,2.033679e-04,0.9660,0.9577,0.040
6847,128,2.031922e-04,0.9889,0.9593,0.047
6848,128,2.030165e-04,0.9590,0.9592,0.045
6849,128,2.028411e-04,0.9602,0.9593,0.044
6850,128,2.026657e-04,0.9545,0.9591,0.043
6851,128,2.024905e-04,0.9827,0.9602,0.046
6852,128,2.023155e-04,0.9694,0.9607,0.040
6853,128,2.021406e-04,0.9335,0.9593,0.049
6854,128,2.019658e-04,0.9801,0.9604,0.045
6855,128,2.017912e-04,0.9777,0.9612,0.047
6856,128,2.016167e-04,0.9619,0.9613,0.047
6857,128,2.014424e-04,0.9561,0.9610,0.042
6858,128,2.012682e-04,0.9733,0.9616,0.046
6859,128,2.010941e-04,0.9605,0.9616,0.044
6860,128,2.009202e-04,0.9385,0.9604,0.043
6861,128,2.007464e-04,0.9526,0.9600,0.044
6862,128,2.005728e-04,0.9272,0.9584,0.043
6863,128,2.003993e-04,0.9433,0.9576,0.043
6864,128,2.002259e-04,0.9550,0.9575,0.047
6865,128,2.000527e-04,0.9718,0.9582,0.049
6866,128,1.998796e-04,0.9390,0.9572,0.043
6867,128,1.997067e-04,0.9470,0.9567,0.046
6868,128,1.995339e-04,0.9787,0.9578,0.042
6869,128,1.993613e-04,0.9475,0.9573,0.046
6870,128,1.991888e-04,0.9616,0.9575,0.044
6871,128,1.990164e-04,0.9870,0.9590,0.042
6872,128,1.988442e-04,0.9589,0.9590,0.044
6873,128,1.986721e-04,0.9554,0.9588,0.041
6874,128,1.985001e-04,0.9641,0.9591,0.043
6875,128,1.983284e-04,0.9593,0.9591,0.047
6876,128,1.981567e-04,0.9672,0.9595,0.047
6877,128,1.979852e-04,0.9708,0.9601,0.045
6878,128,1.978138e-04,0.9637,0.9602,0.045
6879,128,1.976426e-04,0.9489,0.9597,0.048
6880,128,1.974715e-04,0.9560,0.9595,0.051
6881,128,1.973005e-04,0.9408,0.9586,0.042
6882,128,1.971297e-04,1.0059,0.9609,0.050
6883,128,1.969591e-04,0.9680,0.9613,0.042
6884,128,1.967886e-04,0.9665,0.9615,0.040
6885,128,1.966182e-04,0.9487,0.9609,0.043
6886,128,1.964479e-04,0.9683,0.9613,0.042
6887,128,1.962779e-04,0.9865,0.9625,0.041
6888,128,1.961079e-04,1.0026,0.9645,0.049
6889,128,1.959381e-04,0.9376,0.9632,0.043
6890,128,1.957684e-04,0.9648,0.9633,0.048
6891,128,1.955989e-04,0.9528,0.9627,0.045
6892,128,1.954295e-04,0.9686,0.9630,0.058
6893,128,1.952603e-04,0.9578,0.9628,0.048
6894,128,1.950912e-04,0.9677,0.9630,0.046
6895,128,1.949222e-04,0.9648,0.9631,0.047
6896,128,1.947534e-04,0.9120,0.9606,0.041
6897,128,1.945847e-04,0.9461,0.9598,0.043
6898,128,1.944162e-04,0.9615,0.9599,0.046
6899,128,1.942478e-04,0.9646,0.9602,0.044
6900,128,1.940796e-04,0.9727,0.9608,0.041
6901,128,1.939115e-04,0.9473,0.9601,0.044
6902,128,1.937435e-04,0.9359,0.9589,0.045
6903,128,1.935757e-04,0.9616,0.9590,0.046
6904,128,1.934080e-04,0.9664,0.9594,0.039
6905,128,1.932405e-04,0.9415,0.9585,0.046
6906,128,1.930731e-04,0.9796,0.9596,0.040
6907,128,1.929059e-04,0.9308,0.9581,0.043
6908,128,1.927388e-04,0.9436,0.9574,0.041
6909,128,1.925718e-04,0.9657,0.9578,0.044
6910,128,1.924050e-04,0.9484,0.9573,0.045
6911,128,1.922383e-04,0.9489,0.9569,0.039
6912,128,1.920718e-04,0.9622,0.9572,0.042
6913,128,1.919054e-04,0.9697,0.9578,0.051
6914,128,1.917391e-04,0.9365,0.9567,0.044
6915,128,1.915730e-04,0.9638,0.9571,0.048
6916,128,1.914071e-04,0.9844,0.9585,0.047
6917,128,1.912412e-04,0.9437,0.9577,0.043
6918,128,1.910756e-04,0.9525,0.9575,0.049
6919,128,1.909100e-04,0.9296,0.9561,0.041
6920,128,1.907446e-04,0.9543,0.9560,0.051
6921,128,1.905794e-04,0.9781,0.9571,0.044
6922,128,1.904143e-04,0.9621,0.9573,0.048
6923,128,1.902493e-04,0.9689,0.9579,0.043
6924,128,1.900845e-04,0.9538,0.9577,0.043
6925,128,1.899198e-04,0.9588,0.9578,0.040
6926,128,1.897553e-04,0.9705,0.9584,0.047
6927,128,1.895909e-04,0.9718,0.9591,0.042
6928,128,1.894267e-04,0.9692,0.9596,0.043
6929,128,1.892626e-04,0.9362,0.9584,0.042
6930,128,1.890986e-04,0.9764,0.9593,0.040
6931,128,1.889348e-04,0.9416,0.9584,0.037
6932,128,1.887711e-04,0.9664,0.9588,0.042
6933,128,1.886076e-04,0.9526,0.9585,0.043
6934,128,1.884442e-04,0.9551,0.9583,0.042
6935,128,1.882810e-04,0.9568,0.9583,0.048
6936,128,1.881179e-04,0.9452,0.9576,0.039
6937,128,1.879549e-04,0.9437,0.9569,0.042
6938,128,1.877921e-04,0.9644,0.9573,0.042
6939,128,1.876295e-04,0.9777,0.9583,0.046
6940,128,1.874669e-04,0.9566,0.9582,0.050
6941,128,1.873046e-04,0.9664,0.9586,0.040
6942,128,1.871423e-04,0.9851,0.9600,0.052
6943,128,1.869802e-04,0.9663,0.9603,0.043
6944,128,1.868183e-04,0.9715,0.9608,0.046
6945,128,1.866565e-04,0.9341,0.9595,0.046
6946,128,1.864948e-04,0.9596,0.9595,0.041
6947,128,1.863333e-04,0.9344,0.9582,0.049
6948,128,1.861719e-04,0.9156,0.9561,0.043
6949,128,1.860107e-04,0.9277,0.9547,0.051
6950,128,1.858496e-04,0.9816,0.9560,0.046
6951,128,1.856887e-04,0.9401,0.9552,0.041
6952,128,1.855279e-04,0.9704,0.9560,0.045
6953,128,1.853672e-04,0.9349,0.9549,0.042
6954,128,1.852067e-04,0.9431,0.9543,0.037
6955,128,1.850463e-04,0.9181,0.9525,0.040
6956,128,1.848861e-04,0.9259,0.9512,0.039
6957,128,1.847260e-04,0.9499,0.9511,0.044
6958,128,1.845661e-04,0.9422,0.9507,0.043
6959,128,1.844063e-04,1.0095,0.9536,0.046
6960,128,1.842467e-04,0.9354,0.9527,0.044
6961,128,1.840872e-04,0.9668,0.9534,0.048
6962,128,1.839278e-04,0.9366,0.9526,0.042
6963,128,1.837686e-04,0.9336,0.9516,0.046
6964,128,1.836095e-04,0.9839,0.9532,0.051
6965,128,1.834506e-04,0.9268,0.9519,0.042
6966,128,1.832918e-04,0.9786,0.9533,0.054
6967,128,1.831332e-04,0.9367,0.9524,0.043
6968,128,1.829747e-04,0.9570,0.9527,0.050
6969,128,1.828163e-04,0.9389,0.9520,0.043
6970,128,1.826581e-04,0.9591,0.9523,0.051
6971,128,1.825001e-04,0.9599,0.9527,0.041
6972,128,1.823421e-04,0.9754,0.9538,0.045
6973,128,1.821844e-04,0.9879,0.9555,0.040
6974,128,1.820267e-04,0.9839,0.9570,0.044
6975,128,1.818693e-04,0.9496,0.9566,0.048
6976,128,1.817119e-04,0.9654,0.9570,0.044
6977,128,1.815547e-04,0.9513,0.9567,0.046
6978,128,1.813977e-04,0.9633,0.9571,0.042
6979,128,1.812408e-04,0.9466,0.9565,0.042
6980,128,1.810840e-04,0.9577,0.9566,0.044
6981,128,1.809274e-04,0.9498,0.9563,0.043
6982,128,1.807709e-04,0.9434,0.9556,0.044
6983,128,1.806146e-04,0.9534,0.9555,0.043
6984,128,1.804584e-04,0.9524,0.9554,0.045
6985,128,1.803024e-04,0.9591,0.9555,0.042
6986,128,1.801465e-04,0.9542,0.9555,0.048
6987,128,1.799908e-04,0.9770,0.9565,0.047
6988,128,1.798352e-04,0.9511,0.9563,0.045
6989,128,1.796797e-04,0.9760,0.9573,0.041
6990,128,1.795244e-04,0.9618,0.9575,0.044
6991,128,1.793692e-04,0.9539,0.9573,0.046
6992,128,1.792142e-04,0.9880,0.9588,0.042
6993,128,1.790593e-04,0.9581,0.9588,0.051
6994,128,1.789046e-04,0.9424,0.9580,0.042
6995,128,1.787500e-04,0.9405,0.9571,0.046
6996,128,1.785956e-04,0.9607,0.9573,0.049
6997,128,1.784413e-04,0.9362,0.9562,0.041
6998,128,1.782871e-04,0.9458,0.9557,0.043
6999,128,1.781331e-04,0.9830,0.9571,0.047
7000,128,1.779792e-04,0.9345,0.9560,0.041
7001,128,1.778255e-04,0.9436,0.9553,0.043
7002,128,1.776720e-04,0.9872,0.9569,0.046
7003,128,1.775185e-04,0.9943,0.9588,0.043
7004,128,1.773652e-04,0.9500,0.9584,0.047
7005,128,1.772121e-04,0.9369,0.9573,0.046
7006,128,1.770591e-04,0.9350,0.9562,0.045
7007,128,1.769063e-04,0.9899,0.9579,0.050
7008,128,1.767536e-04,0.9357,0.9567,0.043
7009,128,1.766010e-04,0.9574,0.9568,0.053
7010,128,1.764486e-04,0.9609,0.9570,0.042
7011,128,1.762964e-04,0.9363,0.9559,0.044
7012,128,1.761442e-04,0.9529,0.9558,0.048
7013,128,1.759923e-04,0.9638,0.9562,0.042
7014,128,1.758404e-04,0.9874,0.9578,0.044
7015,128,1.756888e-04,0.9353,0.9566,0.048
7016,128,1.755372e-04,0.9429,0.9559,0.042
7017,128,1.753858e-04,0.9870,0.9575,0.046
7018,128,1.752346e-04,0.9697,0.9581,0.050
7019,128,1.750835e-04,0.9643,0.9584,0.037
7020,128,1.749325e-04,0.9752,0.9593,0.049
7021,128,1.747817e-04,0.9928,0.9609,0.039
7022,128,1.746311e-04,0.9618,0.9610,0.040
7023,128,1.744805e-04,0.9503,0.9604,0.040
7024,128,1.743302e-04,0.9252,0.9587,0.039
7025,128,1.741799e-04,0.9617,0.9588,0.047
7026,128,1.740299e-04,0.9636,0.9591,0.042
7027,128,1.738799e-04,0.9426,0.9582,0.047
7028,128,1.737301e-04,0.9308,0.9569,0.042
7029,128,1.735805e-04,0.9805,0.9581,0.045
7030,128,1.734310e-04,0.9691,0.9586,0.045
7031,128,1.732817e-04,0.9600,0.9587,0.046
7032,128,1.731325e-04,0.9463,0.9581,0.042
7033,128,1.729834e-04,0.9570,0.9580,0.041
7034,128,1.728345e-04,0.9594,0.9581,0.044
7035,128,1.726857e-04,0.9530,0.9578,0.039
7036,128,1.725371e-04,0.9672,0.9583,0.048
7037,128,1.723886e-04,0.9784,0.9593,0.035
7038,128,1.722403e-04,0.9513,0.9589,0.045
7039,128,1.720921e-04,0.9707,0.9595,0.045
7040,128,1.719441e-04,0.9535,0.9592,0.038
7041,128,1.717962e-04,0.9537,0.9589,0.044
7042,128,1.716484e-04,0.9662,0.9593,0.043
7043,128,1.715009e-04,0.9150,0.9571,0.039
7044,128,1.713534e-04,0.9396,0.9562,0.041
7045,128,1.712061e-04,0.9624,0.9565,0.042
7046,128,1.710589e-04,0.9726,0.9573,0.045
7047,128,1.709119e-04,0.9496,0.9569,0.042
7048,128,1.707651e-04,0.9686,0.9575,0.045
7049,128,1.706183e-04,0.9400,0.9566,0.041
7050,128,1.704718e-04,0.9338,0.9555,0.046
7051,128,1.703253e-04,0.9511,0.9553,0.042
7052,128,1.701791e-04,0.9334,0.9542,0.041
7053,128,1.700329e-04,0.9495,0.9539,0.044
7054,128,1.698869e-04,0.9854,0.9555,0.046
7055,128,1.697411e-04,0.9499,0.9552,0.041
7056,128,1.695954e-04,0.9441,0.9547,0.043
7057,128,1.694499e-04,0.9816,0.9560,0.047
7058,128,1.693045e-04,0.9303,0.9547,0.042
7059,128,1.691592e-04,0.9687,0.9554,0.047
7060,128,1.690141e-04,0.9494,0.9551,0.042
7061,128,1.688691e-04,0.9694,0.9558,0.043
7062,128,1.687243e-04,0.9613,0.9561,0.042
7063,128,1.685797e-04,0.9517,0.9559,0.042
7064,128,1.684351e-04,0.9855,0.9574,0.041
7065,128,1.682908e-04,0.9703,0.9580,0.046
7066,128,1.681465e-04,0.9712,0.9587,0.045
7067,128,1.680025e-04,0.9779,0.9596,0.047
7068,128,1.678585e-04,0.9386,0.9586,0.045
7069,128,1.677147e-04,0.9322,0.9573,0.041
7070,128,1.675711e-04,0.9897,0.9589,0.045
7071,128,1.674276e-04,0.9566,0.9588,0.047
7072,128,1.672843e-04,0.9592,0.9588,0.048
7073,128,1.671411e-04,0.9688,0.9593,0.046
7074,128,1.669980e-04,0.9547,0.9591,0.048
7075,128,1.668551e-04,0.9606,0.9591,0.047
7076,128,1.667123e-04,0.9559,0.9590,0.048
7077,128,1.665697e-04,0.9505,0.9586,0.042
7078,128,1.664273e-04,0.9673,0.9590,0.045
7079,128,1.662849e-04,0.9465,0.9584,0.043
7080,128,1.661428e-04,0.9610,0.9585,0.043
7081,128,1.660008e-04,0.9344,0.9573,0.042
7082,128,1.658589e-04,0.9433,0.9566,0.041
7083,128,1.657171e-04,0.9506,0.9563,0.043
7084,128,1.655756e-04,0.9380,0.9554,0.043
7085,128,1.654341e-04,0.9542,0.9553,0.042
7086,128,1.652928e-04,0.9234,0.9537,0.040
7087,128,1.651517e-04,0.9748,0.9548,0.040
7088,128,1.650107e-04,0.9254,0.9533,0.047
7089,128,1.648699e-04,0.9386,0.9526,0.043
7090,128,1.647292e-04,0.9852,0.9542,0.047
7091,128,1.645886e-04,0.9447,0.9537,0.041
7092,128,1.644482e-04,0.9607,0.9541,0.045
7093,128,1.643080e-04,0.9597,0.9544,0.045
7094,128,1.641679e-04,0.9959,0.9564,0.048
7095,128,1.640279e-04,0.9681,0.9570,0.044
7096,128,1.638881e-04,0.9695,0.9576,0.039
7097,128,1.637484e-04,0.9694,0.9582,0.042
7098,128,1.636089e-04,0.9486,0.9578,0.040
7099,128,1.634695e-04,0.9489,0.9573,0.045
7100,128,1.633303e-04,0.9480,0.9568,0.043
7101,128,1.631912e-04,0.9585,0.9569,0.047
7102,128,1.630523e-04,0.9786,0.9580,0.047
7103,128,1.629135e-04,0.9381,0.9570,0.042
7104,128,1.627749e-04,0.9543,0.9569,0.048
7105,128,1.626364e-04,0.9291,0.9555,0.044
7106,128,1.624981e-04,0.9499,0.9552,0.043
7107,128,1.623599e-04,0.9147,0.9532,0.040
7108,128,1.622218e-04,0.9739,0.9542,0.043
7109,128,1.620839e-04,0.9465,0.9538,0.041
7110,128,1.619462e-04,0.9611,0.9542,0.049
7111,128,1.618086e-04,0.9777,0.9554,0.040
7112,128,1.616711e-04,0.9613,0.9557,0.045
7113,128,1.615338e-04,0.9770,0.9567,0.043
7114,128,1.613967e-04,0.9596,0.9569,0.043
7115,128,1.612597e-04,0.9615,0.9571,0.043
7116,128,1.611228e-04,0.9599,0.9572,0.045
7117,128,1.609861e-04,0.9804,0.9584,0.045
7118,128,1.608496e-04,0.9779,0.9594,0.044
7119,128,1.607131e-04,0.9636,0.9596,0.050
7120,128,1.605769e-04,0.9553,0.9594,0.047
7121,128,1.604408e-04,0.9474,0.9588,0.047
7122,128,1.603048e-04,0.9463,0.9582,0.040
7123,128,1.601690e-04,1.0087,0.9607,0.046
7124,128,1.600333e-04,0.9505,0.9602,0.048
7125,128,1.598978e-04,0.9496,0.9596,0.039
7126,128,1.597624e-04,0.9027,0.9568,0.042
7127,128,1.596272e-04,0.9768,0.9578,0.049
7128,128,1.594921e-04,0.9464,0.9572,0.047
7129,128,1.593571e-04,0.9568,0.9572,0.045
7130,128,1.592224e-04,0.9514,0.9569,0.051
7131,128,1.590877e-04,0.9706,0.9576,0.041
7132,128,1.589532e-04,0.9574,0.9576,0.046
7133,128,1.588189e-04,0.9216,0.9558,0.041
7134,128,1.586847e-04,0.9421,0.9551,0.040
7135,128,1.585507e-04,0.9273,0.9537,0.043
7136,128,1.584168e-04,0.9648,0.9543,0.044
7137,128,1.582830e-04,0.9685,0.9550,0.046
7138,128,1.581494e-04,0.9401,0.9542,0.040
7139,128,1.580160e-04,0.9419,0.9536,0.043
7140,128,1.578827e-04,0.9777,0.9548,0.047
7141,128,1.577495e-04,0.9686,0.9555,0.041
7142,128,1.576165e-04,0.9649,0.9560,0.051
7143,128,1.574837e-04,0.9603,0.9562,0.048
7144,128,1.573509e-04,0.9741,0.9571,0.052
7145,128,1.572184e-04,0.9277,0.9556,0.041
7146,128,1.570860e-04,0.9765,0.9567,0.051
7147,128,1.569537e-04,0.9799,0.9578,0.045
7148,128,1.568216e-04,0.9760,0.9587,0.052
7149,128,1.566896e-04,0.9408,0.9578,0.039
7150,128,1.565578e-04,0.9481,0.9573,0.044
7151,128,1.564262e-04,0.9761,0.9583,0.049
7152,128,1.562946e-04,0.9941,0.9601,0.052
7153,128,1.561633e-04,0.9244,0.9583,0.047
7154,128,1.560320e-04,0.9307,0.9569,0.038
7155,128,1.559010e-04,0.9343,0.9558,0.044
7156,128,1.557701e-04,0.9678,0.9564,0.049
7157,128,1.556393e-04,0.9483,0.9560,0.047
7158,128,1.555087e-04,0.9620,0.9563,0.043
7159,128,1.553782e-04,0.9603,0.9565,0.053
7160,128,1.552479e-04,0.9483,0.9561,0.045
7161,128,1.551177e-04,0.9798,0.9573,0.040
7162,128,1.549876e-04,0.9418,0.9565,0.046
7163,128,1.548578e-04,0.9386,0.9556,0.046
7164,128,1.547280e-04,0.9726,0.9564,0.048
7165,128,1.545985e-04,0.9675,0.9570,0.049
7166,128,1.544690e-04,0.9710,0.9577,0.050
7167,128,1.543397e-04,0.9446,0.9570,0.043
7168,128,1.542106e-04,0.9473,0.9566,0.046
7169,128,1.540816e-04,0.9722,0.9573,0.041
7170,128,1.539528e-04,0.9705,0.9580,0.039
7171,128,1.538241e-04,0.9585,0.9580,0.041
7172,128,1.536956e-04,0.9288,0.9566,0.040
7173,128,1.535672e-04,0.9518,0.9563,0.042
7174,128,1.534389e-04,0.9442,0.9557,0.043
7175,128,1.533108e-04,0.9628,0.9561,0.044
7176,128,1.531829e-04,0.9395,0.9552,0.047
7177,128,1.530551e-04,0.9698,0.9560,0.045
7178,128,1.529275e-04,0.9692,0.9566,0.043
7179,128,1.528000e-04,0.9363,0.9556,0.041
7180,128,1.526726e-04,0.9421,0.9549,0.043
7181,128,1.525454e-04,0.9413,0.9543,0.042
7182,128,1.524184e-04,0.9503,0.9541,0.045
7183,128,1.522915e-04,0.9376,0.9532,0.040
7184,128,1.521647e-04,0.9694,0.9540,0.046
7185,128,1.520381e-04,0.9628,0.9545,0.047
7186,128,1.519117e-04,0.9428,0.9539,0.045
7187,128,1.517854e-04,0.9362,0.9530,0.041
7188,128,1.516593e-04,0.9413,0.9524,0.041
7189,128,1.515333e-04,0.9664,0.9531,0.044
7190,128,1.514074e-04,0.9563,0.9533,0.039
7191,128,1.512817e-04,0.9873,0.9550,0.048
7192,128,1.511562e-04,0.9525,0.9549,0.041
7193,128,1.510308e-04,0.9454,0.9544,0.041
7194,128,1.509055e-04,0.9350,0.9534,0.043
7195,128,1.507804e-04,0.9874,0.9551,0.042
7196,128,1.506554e-04,0.9413,0.9544,0.045
7197,128,1.505306e-04,0.9912,0.9563,0.048
7198,128,1.504060e-04,0.9935,0.9581,0.046
7199,128,1.502815e-04,0.9449,0.9575,0.046
7200,128,1.501571e-04,0.9371,0.9564,0.044
7201,128,1.500329e-04,0.9711,0.9572,0.048
7202,128,1.499089e-04,0.9504,0.9568,0.039
7203,128,1.497850e-04,0.9455,0.9563,0.038
7204,128,1.496612e-04,0.9272,0.9548,0.037
7205,128,1.495376e-04,0.9838,0.9563,0.042
7206,128,1.494142e-04,0.9531,0.9561,0.040
7207,128,1.492909e-04,0.9430,0.9555,0.045
7208,128,1.491677e-04,0.9343,0.9544,0.043
7209,128,1.490447e-04,0.9173,0.9525,0.040
7210,128,1.489219e-04,0.9670,0.9533,0.051
7211,128,1.487992e-04,0.9808,0.9546,0.048
7212,128,1.486766e-04,0.9483,0.9543,0.045
7213,128,1.485542e-04,0.9501,0.9541,0.043
7214,128,1.484319e-04,0.9522,0.9540,0.040
7215,128,1.483098e-04,0.9767,0.9551,0.042
7216,128,1.481879e-04,0.9843,0.9566,0.046
7217,128,1.480661e-04,0.9589,0.9567,0.040
7218,128,1.479444e-04,0.9531,0.9565,0.050
7219,128,1.478229e-04,0.9361,0.9555,0.039
7220,128,1.477016e-04,0.9481,0.9551,0.045
7221,128,1.475804e-04,0.9586,0.9553,0.048
7222,128,1.474593e-04,0.9647,0.9558,0.043
7223,128,1.473384e-04,0.9656,0.9563,0.044
7224,128,1.472177e-04,0.9727,0.9571,0.045
7225,128,1.470971e-04,0.9500,0.9567,0.045
7226,128,1.469766e-04,0.9694,0.9574,0.051
7227,128,1.468563e-04,0.9161,0.9553,0.039
7228,128,1.467362e-04,0.9332,0.9542,0.041
7229,128,1.466162e-04,0.9207,0.9525,0.042
7230,128,1.464963e-04,0.9529,0.9526,0.040
7231,128,1.463766e-04,0.9528,0.9526,0.042
7232,128,1.462571e-04,0.9703,0.9535,0.043
7233,128,1.461377e-04,0.9819,0.9549,0.042
7234,128,1.460184e-04,0.9256,0.9534,0.044
7235,128,1.458993e-04,0.9604,0.9538,0.037
7236,128,1.457804e-04,0.9465,0.9534,0.044
7237,128,1.456616e-04,0.9443,0.9529,0.050
7238,128,1.455429e-04,0.9377,0.9522,0.042
7239,128,1.454244e-04,0.9380,0.9515,0.048
7240,128,1.453061e-04,0.9307,0.9504,0.036
7241,128,1.451879e-04,0.9171,0.9488,0.042
7242,128,1.450698e-04,0.9347,0.9481,0.045
7243,128,1.449520e-04,0.9736,0.9493,0.044
7244,128,1.448342e-04,0.9736,0.9505,0.048
7245,128,1.447166e-04,0.9518,0.9506,0.041
7246,128,1.445992e-04,0.9526,0.9507,0.045
7247,128,1.444819e-04,0.9476,0.9506,0.042
7248,128,1.443647e-04,0.9549,0.9508,0.048
7249,128,1.442478e-04,0.9353,0.9500,0.041
7250,128,1.441309e-04,0.9695,0.9510,0.048
7251,128,1.440142e-04,0.9455,0.9507,0.042
7252,128,1.438977e-04,0.9448,0.9504,0.041
7253,128,1.437813e-04,0.9780,0.9518,0.046
7254,128,1.436651e-04,0.9467,0.9515,0.039
7255,128,1.435490e-04,0.9935,0.9536,0.043
7256,128,1.434331e-04,0.9202,0.9520,0.039
7257,128,1.433173e-04,0.9889,0.9538,0.043
7258,128,1.432016e-04,0.9508,0.9536,0.051
7259,128,1.430862e-04,0.9672,0.9543,0.042
7260,128,1.429708e-04,0.9360,0.9534,0.037
7261,128,1.428557e-04,0.9439,0.9529,0.042
7262,128,1.427406e-04,0.9652,0.9535,0.042
7263,128,1.426258e-04,0.9472,0.9532,0.041
7264,128,1.425110e-04,0.9692,0.9540,0.055
7265,128,1.423965e-04,0.9571,0.9542,0.041
7266,128,1.422820e-04,0.9115,0.9520,0.044
7267,128,1.421678e-04,0.9568,0.9523,0.046
7268,128,1.420536e-04,0.9527,0.9523,0.051
7269,128,1.419397e-04,0.9529,0.9523,0.050
7270,128,1.418259e-04,0.9618,0.9528,0.045
7271,128,1.417122e-04,0.9706,0.9537,0.043
7272,128,1.415987e-04,0.9412,0.9531,0.043
7273,128,1.414853e-04,0.9335,0.9521,0.042
7274,128,1.413721e-04,0.9675,0.9529,0.043
7275,128,1.412590e-04,0.9517,0.9528,0.042
7276,128,1.411461e-04,0.9524,0.9528,0.044
7277,128,1.410334e-04,0.9219,0.9512,0.045
7278,128,1.409207e-04,0.9313,0.9502,0.041
7279,128,1.408083e-04,0.9684,0.9511,0.051
7280,128,1.406960e-04,0.9747,0.9523,0.047
7281,128,1.405838e-04,0.9734,0.9534,0.048
7282,128,1.404718e-04,0.9465,0.9530,0.040
7283,128,1.403600e-04,0.9447,0.9526,0.044
7284,128,1.402483e-04,0.9468,0.9523,0.044
7285,128,1.401367e-04,0.9386,0.9516,0.044
7286,128,1.400253e-04,0.9499,0.9516,0.049
7287,128,1.399141e-04,0.9335,0.9506,0.048
7288,128,1.398030e-04,0.9826,0.9522,0.044
7289,128,1.396920e-04,0.9557,0.9524,0.046
7290,128,1.395813e-04,0.9322,0.9514,0.042
7291,128,1.394706e-04,0.9558,0.9516,0.044
7292,128,1.393601e-04,0.9789,0.9530,0.055
7293,128,1.392498e-04,0.9524,0.9530,0.046
7294,128,1.391396e-04,0.9511,0.9529,0.043
7295,128,1.390296e-04,0.9689,0.9537,0.043
7296,128,1.389197e-04,0.9608,0.9540,0.044
7297,128,1.388100e-04,0.9485,0.9537,0.043
7298,128,1.387004e-04,0.9497,0.9535,0.044
7299,128,1.385910e-04,0.9741,0.9546,0.046
7300,128,1.384817e-04,0.9393,0.9538,0.037
7301,128,1.383726e-04,0.9413,0.9532,0.052
7302,128,1.382636e-04,0.9777,0.9544,0.044
7303,128,1.381548e-04,0.9484,0.9541,0.043
7304,128,1.380461e-04,0.9584,0.9543,0.046
7305,128,1.379376e-04,0.9515,0.9542,0.042
7306,128,1.378292e-04,0.9509,0.9540,0.044
7307,128,1.377210e-04,0.9475,0.9537,0.045
7308,128,1.376129e-04,0.9724,0.9546,0.040
7309,128,1.375050e-04,0.9613,0.9550,0.039
7310,128,1.373973e-04,0.9818,0.9563,0.038
7311,128,1.372897e-04,0.9530,0.9561,0.046
7312,128,1.371822e-04,0.9297,0.9548,0.039
7313,128,1.370749e-04,0.9446,0.9543,0.043
7314,128,1.369678e-04,0.9548,0.9543,0.045
7315,128,1.368608e-04,0.9308,0.9531,0.041
7316,128,1.367539e-04,0.9298,0.9520,0.042
7317,128,1.366472e-04,0.9544,0.9521,0.043
7318,128,1.365407e-04,0.9317,0.9511,0.039
7319,128,1.364343e-04,0.9788,0.9525,0.046
7320,128,1.363281e-04,0.9602,0.9529,0.045
7321,128,1.362220e-04,0.9503,0.9527,0.045
7322,128,1.361160e-04,0.9712,0.9537,0.054
7323,128,1.360103e-04,0.9416,0.9531,0.054
7324,128,1.359046e-04,0.9548,0.9531,0.043
7325,128,1.357992e-04,1.0082,0.9559,0.053
7326,128,1.356938e-04,0.9273,0.9545,0.040
7327,128,1.355887e-04,0.9651,0.9550,0.046
7328,128,1.354836e-04,0.9719,0.9558,0.051
7329,128,1.353788e-04,0.9563,0.9559,0.039
7330,128,1.352741e-04,0.9636,0.9562,0.048
7331,128,1.351695e-04,0.9426,0.9556,0.042
7332,128,1.350651e-04,0.9405,0.9548,0.052
7333,128,1.349608e-04,0.9435,0.9543,0.042
7334,128,1.348567e-04,0.9758,0.9553,0.050
7335,128,1.347528e-04,0.9558,0.9554,0.042
7336,128,1.346490e-04,0.9710,0.9561,0.046
7337,128,1.345453e-04,0.9532,0.9560,0.040
7338,128,1.344418e-04,0.9497,0.9557,0.046
7339,128,1.343385e-04,0.9312,0.9544,0.043
7340,128,1.342353e-04,0.9470,0.9541,0.044
7341,128,1.341322e-04,0.9265,0.9527,0.042
7342,128,1.340294e-04,0.9428,0.9522,0.041
7343,128,1.339266e-04,0.9406,0.9516,0.039
7344,128,1.338240e-04,0.9376,0.9509,0.041
7345,128,1.337216e-04,0.9313,0.9499,0.042
7346,128,1.336193e-04,0.9613,0.9505,0.049
7347,128,1.335172e-04,0.9837,0.9522,0.046
7348,128,1.334152e-04,0.9642,0.9528,0.045
7349,128,1.333134e-04,0.9643,0.9534,0.042
7350,128,1.332118e-04,0.9674,0.9541,0.044
7351,128,1.331102e-04,1.0001,0.9564,0.051
7352,128,1.330089e-04,0.9702,0.9571,0.047
7353,128,1.329077e-04,0.9686,0.9576,0.042
7354,128,1.328066e-04,0.9622,0.9579,0.044
7355,128,1.327057e-04,0.9470,0.9573,0.041
7356,128,1.326050e-04,0.9493,0.9569,0.047
7357,128,1.325044e-04,0.9322,0.9557,0.042
7358,128,1.324039e-04,0.9727,0.9565,0.044
7359,128,1.323036e-04,0.9453,0.9560,0.043
7360,128,1.322035e-04,0.9826,0.9573,0.041
7361,128,1.321035e-04,0.9267,0.9558,0.041
7362,128,1.320037e-04,0.9453,0.9552,0.039
7363,128,1.319040e-04,0.9651,0.9557,0.048
7364,128,1.318044e-04,0.9769,0.9568,0.048
7365,128,1.317051e-04,0.9382,0.9559,0.042
7366,128,1.316059e-04,0.9676,0.9565,0.048
7367,128,1.315068e-04,0.9625,0.9568,0.041
7368,128,1.314079e-04,0.9521,0.9565,0.053
7369,128,1.313091e-04,0.9673,0.9571,0.042
7370,128,1.312105e-04,0.9622,0.9573,0.043
7371,128,1.311120e-04,0.9418,0.9565,0.046
7372,128,1.310137e-04,0.9225,0.9548,0.046
7373,128,1.309156e-04,0.9576,0.9550,0.055
7374,128,1.308176e-04,0.9678,0.9556,0.045
7375,128,1.307197e-04,0.9584,0.9558,0.047
7376,128,1.306220e-04,0.9543,0.9557,0.044
7377,128,1.305245e-04,0.9621,0.9560,0.041
7378,128,1.304271e-04,0.9581,0.9561,0.038
7379,128,1.303299e-04,0.9500,0.9558,0.045
7380,128,1.302328e-04,0.9555,0.9558,0.044
7381,128,1.301359e-04,0.9362,0.9548,0.042
7382,128,1.300391e-04,0.9849,0.9563,0.045
7383,128,1.299425e-04,0.9645,0.9567,0.051
7384,128,1.298460e-04,0.9551,0.9566,0.041
7385,128,1.297497e-04,0.9622,0.9569,0.048
7386,128,1.296535e-04,0.9690,0.9575,0.046
7387,128,1.295575e-04,0.9632,0.9578,0.041
7388,128,1.294617e-04,0.9714,0.9585,0.044
7389,128,1.293660e-04,0.9547,0.9583,0.043
7390,128,1.292704e-04,0.9542,0.9581,0.046
7391,128,1.291750e-04,0.9570,0.9580,0.042
7392,128,1.290798e-04,0.9609,0.9582,0.046
7393,128,1.289847e-04,0.9476,0.9577,0.043
7394,128,1.288897e-04,0.9766,0.9586,0.048
7395,128,1.287950e-04,0.9728,0.9593,0.044
7396,128,1.287003e-04,0.9596,0.9593,0.053
7397,128,1.286059e-04,0.9617,0.9594,0.051
7398,128,1.285115e-04,0.9449,0.9587,0.043
7399,128,1.284174e-04,0.9660,0.9591,0.042
7400,128,1.283233e-04,0.9573,0.9590,0.044
7401,128,1.282295e-04,0.9621,0.9591,0.041
7402,128,1.281358e-04,0.9684,0.9596,0.043
7403,128,1.280422e-04,0.9459,0.9589,0.043
7404,128,1.279488e-04,0.9689,0.9594,0.047
7405,128,1.278556e-04,0.9543,0.9592,0.042
7406,128,1.277625e-04,0.9689,0.9597,0.044
7407,128,1.276695e-04,0.9395,0.9586,0.040
7408,128,1.275767e-04,0.9686,0.9591,0.044
7409,128,1.274841e-04,0.9611,0.9592,0.044
7410,128,1.273916e-04,0.9781,0.9602,0.049
7411,128,1.272993e-04,0.9829,0.9613,0.044
7412,128,1.272071e-04,0.9740,0.9620,0.044
7413,128,1.271151e-04,0.9567,0.9617,0.042
7414,128,1.270232e-04,0.9659,0.9619,0.047
7415,128,1.269315e-04,0.9761,0.9626,0.048
7416,128,1.268400e-04,0.9645,0.9627,0.042
7417,128,1.267486e-04,0.9618,0.9627,0.045
7418,128,1.266573e-04,0.9915,0.9641,0.040
7419,128,1.265662e-04,0.9425,0.9630,0.039
7420,128,1.264753e-04,0.9742,0.9636,0.044
7421,128,1.263845e-04,0.9460,0.9627,0.042
7422,128,1.262938e-04,0.9499,0.9621,0.043
7423,128,1.262034e-04,0.9390,0.9609,0.050
7424,128,1.261130e-04,0.9323,0.9595,0.047
7425,128,1.260228e-04,0.9701,0.9600,0.047
7426,128,1.259328e-04,0.9326,0.9586,0.040
7427,128,1.258430e-04,0.9431,0.9579,0.038
7428,128,1.257532e-04,1.0018,0.9601,0.053
7429,128,1.256637e-04,0.9216,0.9581,0.042
7430,128,1.255743e-04,0.9574,0.9581,0.043
7431,128,1.254850e-04,0.9317,0.9568,0.042
7432,128,1.253959e-04,0.9579,0.9568,0.043
7433,128,1.253070e-04,0.9768,0.9578,0.043
7434,128,1.252182e-04,0.9312,0.9565,0.044
7435,128,1.251296e-04,0.9808,0.9577,0.049
7436,128,1.250411e-04,0.9413,0.9569,0.040
7437,128,1.249527e-04,0.9420,0.9562,0.045
7438,128,1.248646e-04,0.9771,0.9572,0.046
7439,128,1.247765e-04,0.9373,0.9562,0.038
7440,128,1.246887e-04,0.9476,0.9558,0.047
7441,128,1.246010e-04,0.9555,0.9558,0.042
7442,128,1.245134e-04,0.9659,0.9563,0.039
7443,128,1.244260e-04,0.9616,0.9565,0.043
7444,128,1.243388e-04,0.9842,0.9579,0.042
7445,128,1.242517e-04,0.9393,0.9570,0.041
7446,128,1.241647e-04,0.9244,0.9554,0.047
7447,128,1.240779e-04,0.9859,0.9569,0.047
7448,128,1.239913e-04,0.9746,0.9578,0.050
7449,128,1.239048e-04,0.9496,0.9574,0.048
7450,128,1.238185e-04,0.9632,0.9577,0.042
7451,128,1.237323e-04,0.9524,0.9574,0.041
7452,128,1.236463e-04,0.9033,0.9547,0.041
7453,128,1.235604e-04,0.9359,0.9537,0.040
7454,128,1.234747e-04,0.9548,0.9538,0.043
7455,128,1.233892e-04,0.9670,0.9545,0.041
7456,128,1.233038e-04,0.9835,0.9559,0.048
7457,128,1.232185e-04,0.9470,0.9555,0.044
7458,128,1.231334e-04,0.9631,0.9559,0.045
7459,128,1.230485e-04,0.9933,0.9577,0.044
7460,128,1.229637e-04,0.9839,0.9590,0.049
7461,128,1.228791e-04,0.9634,0.9593,0.042
7462,128,1.227946e-04,0.9480,0.9587,0.046
7463,128,1.227103e-04,0.9454,0.9580,0.037
7464,128,1.226261e-04,0.9627,0.9583,0.043
7465,128,1.225421e-04,0.9725,0.9590,0.042
7466,128,1.224582e-04,0.9672,0.9594,0.039
7467,128,1.223745e-04,0.9731,0.9601,0.043
7468,128,1.222910e-04,0.9654,0.9603,0.045
7469,128,1.222076e-04,0.9503,0.9598,0.051
7470,128,1.221244e-04,0.9472,0.9592,0.041
7471,128,1.220413e-04,0.9925,0.9609,0.046
7472,128,1.219583e-04,0.9422,0.9599,0.038
7473,128,1.218756e-04,0.9329,0.9586,0.047
7474,128,1.217929e-04,0.9310,0.9572,0.044
7475,128,1.217105e-04,0.9384,0.9563,0.044
7476,128,1.216282e-04,0.9523,0.9561,0.042
7477,128,1.215460e-04,0.9455,0.9555,0.042
7478,128,1.214640e-04,0.9336,0.9544,0.043
7479,128,1.213822e-04,0.9399,0.9537,0.039
7480,128,1.213005e-04,0.9499,0.9535,0.044
7481,128,1.212189e-04,0.9890,0.9553,0.046
7482,128,1.211375e-04,0.9499,0.9550,0.041
7483,128,1.210563e-04,0.9494,0.9547,0.046
7484,128,1.209752e-04,0.9254,0.9533,0.042
7485,128,1.208943e-04,0.9695,0.9541,0.044
7486,128,1.208135e-04,0.9806,0.9554,0.047
7487,128,1.207329e-04,0.9413,0.9547,0.045
7488,128,1.206525e-04,0.9396,0.9540,0.041
7489,128,1.205722e-04,0.9555,0.9540,0.044
7490,128,1.204920e-04,0.9381,0.9532,0.062
7491,128,1.204120e-04,0.9437,0.9528,0.042
7492,128,1.203322e-04,0.9500,0.9526,0.048
7493,128,1.202525e-04,0.9534,0.9527,0.040
7494,128,1.201730e-04,0.9639,0.9532,0.045
7495,128,1.200936e-04,0.9532,0.9532,0.041
7496,128,1.200144e-04,0.9691,0.9540,0.043
7497,128,1.199353e-04,0.9539,0.9540,0.042
7498,128,1.198564e-04,0.9793,0.9553,0.047
7499,128,1.197776e-04,0.9687,0.9559,0.043
7500,128,1.196990e-04,0.9595,0.9561,0.044
7501,128,1.196206e-04,0.9412,0.9554,0.042
7502,128,1.195423e-04,0.9493,0.9551,0.041
7503,128,1.194642e-04,0.9918,0.9569,0.046
7504,128,1.193862e-04,0.9584,0.9570,0.043
7505,128,1.193084e-04,0.9540,0.9568,0.046
7506,128,1.192307e-04,0.9522,0.9566,0.043
7507,128,1.191532e-04,0.9455,0.9560,0.048
7508,128,1.190758e-04,0.9721,0.9568,0.045
7509,128,1.189986e-04,0.9726,0.9576,0.046
7510,128,1.189216e-04,0.9552,0.9575,0.045
7511,128,1.188447e-04,0.9482,0.9571,0.042
7512,128,1.187679e-04,0.9725,0.9578,0.043
7513,128,1.186913e-04,0.9608,0.9580,0.049
7514,128,1.186149e-04,0.9281,0.9565,0.043
7515,128,1.185386e-04,0.9639,0.9569,0.041
7516,128,1.184625e-04,0.9894,0.9585,0.043
7517,128,1.183866e-04,0.9276,0.9569,0.035
7518,128,1.183107e-04,0.9431,0.9562,0.042
7519,128,1.182351e-04,0.9591,0.9564,0.045
7520,128,1.181596e-04,0.9437,0.9558,0.043
7521,128,1.180842e-04,0.9655,0.9562,0.045
7522,128,1.180090e-04,1.0016,0.9585,0.048
7523,128,1.179340e-04,0.9599,0.9586,0.042
7524,128,1.178591e-04,0.9295,0.9571,0.041
7525,128,1.177844e-04,0.9483,0.9567,0.045
7526,128,1.177098e-04,0.9713,0.9574,0.044
7527,128,1.176354e-04,0.9573,0.9574,0.049
7528,128,1.175612e-04,0.9159,0.9553,0.045
7529,128,1.174871e-04,0.9680,0.9560,0.043
7530,128,1.174131e-04,0.9534,0.9558,0.044
7531,128,1.173393e-04,0.9471,0.9554,0.045
7532,128,1.172657e-04,0.9234,0.9538,0.048
7533,128,1.171922e-04,0.9704,0.9546,0.044
7534,128,1.171189e-04,0.9653,0.9552,0.047
7535,128,1.170457e-04,0.9925,0.9570,0.044
7536,128,1.169727e-04,0.9608,0.9572,0.043
7537,128,1.168998e-04,0.9478,0.9567,0.041
7538,128,1.168271e-04,0.9648,0.9571,0.042
7539,128,1.167546e-04,0.9434,0.9565,0.041
7540,128,1.166822e-04,0.9638,0.9568,0.041
7541,128,1.166099e-04,0.9325,0.9556,0.049
7542,128,1.165378e-04,0.9332,0.9545,0.044
7543,128,1.164659e-04,0.9710,0.9553,0.049
7544,128,1.163941e-04,0.9781,0.9565,0.055
7545,128,1.163225e-04,0.9669,0.9570,0.049
7546,128,1.162511e-04,0.9892,0.9586,0.045
7547,128,1.161797e-04,0.9730,0.9593,0.046
7548,128,1.161086e-04,0.9529,0.9590,0.047
7549,128,1.160376e-04,0.9573,0.9589,0.044
7550,128,1.159668e-04,0.9811,0.9600,0.045
7551,128,1.158961e-04,0.9604,0.9600,0.041
7552,128,1.158255e-04,0.9364,0.9588,0.044
7553,128,1.157552e-04,0.9293,0.9574,0.042
7554,128,1.156849e-04,0.9696,0.9580,0.043
7555,128,1.156149e-04,0.9436,0.9573,0.046
7556,128,1.155450e-04,0.9607,0.9574,0.045
7557,128,1.154752e-04,0.9562,0.9574,0.043
7558,128,1.154056e-04,0.9765,0.9583,0.051
7559,128,1.153362e-04,0.9822,0.9595,0.044
7560,128,1.152669e-04,0.9568,0.9594,0.046
7561,128,1.151978e-04,0.9431,0.9586,0.041
7562,128,1.151288e-04,0.9648,0.9589,0.040
7563,128,1.150600e-04,0.9474,0.9583,0.048
7564,128,1.149913e-04,0.9524,0.9580,0.044
7565,128,1.149228e-04,0.9582,0.9580,0.040
7566,128,1.148544e-04,0.9435,0.9573,0.045
7567,128,1.147862e-04,0.9353,0.9562,0.040
7568,128,1.147182e-04,0.9290,0.9548,0.042
7569,128,1.146503e-04,0.9474,0.9545,0.038
7570,128,1.145826e-04,0.9138,0.9524,0.039
7571,128,1.145150e-04,0.9379,0.9517,0.050
7572,128,1.144476e-04,0.9412,0.9512,0.043
7573,128,1.143803e-04,0.9476,0.9510,0.046
7574,128,1.143132e-04,0.9806,0.9525,0.048
7575,128,1.142463e-04,0.9709,0.9534,0.043
7576,128,1.141795e-04,0.9332,0.9524,0.047
7577,128,1.141128e-04,0.9656,0.9531,0.043
7578,128,1.140464e-04,0.9609,0.9535,0.043
7579,128,1.139800e-04,0.9858,0.9551,0.040
7580,128,1.139139e-04,0.9574,0.9552,0.040
7581,128,1.138478e-04,0.9626,0.9556,0.040
7582,128,1.137820e-04,0.9830,0.9569,0.037
7583,128,1.137163e-04,0.9457,0.9564,0.042
7584,128,1.136507e-04,0.9641,0.9568,0.046
7585,128,1.135853e-04,0.9534,0.9566,0.041
7586,128,1.135201e-04,0.9494,0.9562,0.052
7587,128,1.134550e-04,0.9724,0.9570,0.052
7588,128,1.133901e-04,0.9221,0.9553,0.038
7589,128,1.133253e-04,0.9587,0.9555,0.043
7590,128,1.132607e-04,0.9708,0.9562,0.048
7591,128,1.131962e-04,0.9506,0.9559,0.044
7592,128,1.131319e-04,0.9519,0.9557,0.048
7593,128,1.130678e-04,0.9748,0.9567,0.041
7594,128,1.130038e-04,0.9492,0.9563,0.046
7595,128,1.129400e-04,0.9214,0.9546,0.048
7596,128,1.128763e-04,0.9569,0.9547,0.050
7597,128,1.128128e-04,0.9549,0.9547,0.039
7598,128,1.127494e-04,0.9783,0.9559,0.046
7599,128,1.126862e-04,0.9505,0.9556,0.051
7600,128,1.126232e-04,0.9878,0.9572,0.050
7601,128,1.125603e-04,0.9765,0.9582,0.048
7602,128,1.124975e-04,0.9578,0.9582,0.047
7603,128,1.124349e-04,0.9600,0.9583,0.048
7604,128,1.123725e-04,0.9573,0.9582,0.042
7605,128,1.123102e-04,0.9488,0.9577,0.040
7606,128,1.122481e-04,0.9764,0.9587,0.051
7607,128,1.121861e-04,0.9712,0.9593,0.048
7608,128,1.121243e-04,0.9545,0.9591,0.048
7609,128,1.120627e-04,0.9664,0.9594,0.045
7610,128,1.120012e-04,0.9346,0.9582,0.043
7611,128,1.119399e-04,0.9546,0.9580,0.045
7612,128,1.118787e-04,0.9397,0.9571,0.046
7613,128,1.118177e-04,0.9463,0.9566,0.040
7614,128,1.117568e-04,0.9743,0.9574,0.049
7615,128,1.116961e-04,0.9499,0.9571,0.039
7616,128,1.116355e-04,0.9287,0.9556,0.044
7617,128,1.115751e-04,0.9549,0.9556,0.043
7618,128,1.115149e-04,0.9526,0.9555,0.041
7619,128,1.114548e-04,0.9224,0.9538,0.044
7620,128,1.113949e-04,0.9824,0.9552,0.049
7621,128,1.113351e-04,0.9442,0.9547,0.043
7622,128,1.112755e-04,0.9480,0.9543,0.051
7623,128,1.112160e-04,0.9643,0.9548,0.046
7624,128,1.111567e-04,0.9735,0.9558,0.048
7625,128,1.110975e-04,0.9333,0.9547,0.046
7626,128,1.110386e-04,0.9510,0.9545,0.044
7627,128,1.109797e-04,0.9654,0.9550,0.050
7628,128,1.109210e-04,0.9848,0.9565,0.045
7629,128,1.108625e-04,0.9664,0.9570,0.041
7630,128,1.108041e-04,0.9911,0.9587,0.046
7631,128,1.107459e-04,0.9533,0.9584,0.044
7632,128,1.106879e-04,0.9662,0.9588,0.044
7633,128,1.106300e-04,0.9451,0.9581,0.044
7634,128,1.105722e-04,0.9860,0.9595,0.047
7635,128,1.105147e-04,0.9748,0.9603,0.050
7636,128,1.104572e-04,0.9169,0.9581,0.049
7637,128,1.103999e-04,0.9444,0.9574,0.040
7638,128,1.103428e-04,0.9640,0.9578,0.045
7639,128,1.102859e-04,0.9451,0.9571,0.039
7640,128,1.102291e-04,0.9745,0.9580,0.043
7641,128,1.101724e-04,0.9291,0.9565,0.049
7642,128,1.101159e-04,0.9575,0.9566,0.040
7643,128,1.100596e-04,0.9647,0.9570,0.044
7644,128,1.100034e-04,0.9079,0.9545,0.041
7645,128,1.099474e-04,0.9576,0.9547,0.046
7646,128,1.098915e-04,0.9724,0.9556,0.046
7647,128,1.098358e-04,0.9794,0.9568,0.043
7648,128,1.097803e-04,0.9634,0.9571,0.040
7649,128,1.097249e-04,0.9185,0.9552,0.034
7650,128,1.096696e-04,0.9702,0.9559,0.045
7651,128,1.096145e-04,0.9273,0.9545,0.042
7652,128,1.095596e-04,0.9680,0.9552,0.038
7653,128,1.095049e-04,0.9262,0.9537,0.041
7654,128,1.094502e-04,0.9579,0.9539,0.047
7655,128,1.093958e-04,0.9505,0.9538,0.051
7656,128,1.093415e-04,0.9665,0.9544,0.046
7657,128,1.092873e-04,0.9442,0.9539,0.045
7658,128,1.092334e-04,0.9538,0.9539,0.041
7659,128,1.091795e-04,0.9762,0.9550,0.041
7660,128,1.091258e-04,0.9569,0.9551,0.039
7661,128,1.090723e-04,0.9558,0.9551,0.046
7662,128,1.090190e-04,0.9535,0.9550,0.042
7663,128,1.089658e-04,0.9760,0.9561,0.042
7664,128,1.089127e-04,0.9575,0.9562,0.038
7665,128,1.088598e-04,0.9737,0.9570,0.047
7666,128,1.088071e-04,0.9689,0.9576,0.043
7667,128,1.087545e-04,0.9511,0.9573,0.039
7668,128,1.087021e-04,0.9473,0.9568,0.047
7669,128,1.086498e-04,0.9336,0.9556,0.045
7670,128,1.085977e-04,0.9239,0.9541,0.047
7671,128,1.085458e-04,0.9581,0.9543,0.047
7672,128,1.084940e-04,0.9609,0.9546,0.049
7673,128,1.084423e-04,0.9549,0.9546,0.042
7674,128,1.083909e-04,0.9755,0.9556,0.050
7675,128,1.083395e-04,0.9538,0.9556,0.044
7676,128,1.082884e-04,0.9553,0.9555,0.049
7677,128,1.082374e-04,0.9484,0.9552,0.044
7678,128,1.081865e-04,0.9513,0.9550,0.044
7679,128,1.081358e-04,0.9628,0.9554,0.048
7680,128,1.080853e-04,0.9721,0.9562,0.051
7681,128,1.080349e-04,0.9295,0.9549,0.046
7682,128,1.079847e-04,0.9750,0.9559,0.041
7683,128,1.079346e-04,0.9661,0.9564,0.040
7684,128,1.078847e-04,0.9816,0.9577,0.045
7685,128,1.078349e-04,0.9563,0.9576,0.043
7686,128,1.077853e-04,0.9889,0.9592,0.041
7687,128,1.077359e-04,0.9324,0.9578,0.042
7688,128,1.076866e-04,0.9406,0.9570,0.039
7689,128,1.076375e-04,0.9572,0.9570,0.049
7690,128,1.075885e-04,0.9534,0.9568,0.044
7691,128,1.075397e-04,0.9653,0.9572,0.051
7692,128,1.074910e-04,0.9573,0.9572,0.045
7693,128,1.074425e-04,0.9379,0.9563,0.051
7694,128,1.073942e-04,0.9689,0.9569,0.049
7695,128,1.073460e-04,0.9219,0.9551,0.044
7696,128,1.072980e-04,0.9726,0.9560,0.044
7697,128,1.072501e-04,0.9422,0.9553,0.047
7698,128,1.072024e-04,0.9523,0.9552,0.041
7699,128,1.071548e-04,0.9568,0.9553,0.038
7700,128,1.071074e-04,0.9724,0.9561,0.044
7701,128,1.070602e-04,0.9500,0.9558,0.047
7702,128,1.070131e-04,0.9528,0.9557,0.046
7703,128,1.069662e-04,0.9549,0.9556,0.044
7704,128,1.069194e-04,0.9590,0.9558,0.046
7705,128,1.068728e-04,0.9457,0.9553,0.043
7706,128,1.068263e-04,0.9876,0.9569,0.044
7707,128,1.067800e-04,0.9377,0.9559,0.045
7708,128,1.067339e-04,0.9366,0.9550,0.048
7709,128,1.066879e-04,0.9551,0.9550,0.047
7710,128,1.066420e-04,0.9809,0.9563,0.057
7711,128,1.065964e-04,0.9749,0.9572,0.060
7712,128,1.065508e-04,0.9561,0.9572,0.049
7713,128,1.065055e-04,0.9426,0.9564,0.039
7714,128,1.064603e-04,0.9657,0.9569,0.043
7715,128,1.064152e-04,0.9480,0.9564,0.042
7716,128,1.063703e-04,0.9978,0.9585,0.047
7717,128,1.063256e-04,0.9457,0.9579,0.043
7718,128,1.062810e-04,0.9738,0.9587,0.043
7719,128,1.062366e-04,0.9469,0.9581,0.042
7720,128,1.061924e-04,0.9580,0.9581,0.042
7721,128,1.061482e-04,0.9799,0.9592,0.045
7722,128,1.061043e-04,0.9777,0.9601,0.046
7723,128,1.060605e-04,0.9558,0.9599,0.041
7724,128,1.060169e-04,0.9744,0.9606,0.040
7725,128,1.059734e-04,0.9657,0.9609,0.042
7726,128,1.059301e-04,0.9534,0.9605,0.037
7727,128,1.058869e-04,0.9550,0.9602,0.044
7728,128,1.058439e-04,0.9496,0.9597,0.044
7729,128,1.058011e-04,0.9349,0.9584,0.041
7730,128,1.057584e-04,0.9521,0.9581,0.042
7731,128,1.057158e-04,0.9451,0.9575,0.040
7732,128,1.056735e-04,0.9095,0.9551,0.041
7733,128,1.056313e-04,0.9522,0.9549,0.040
7734,128,1.055892e-04,0.9917,0.9568,0.045
7735,128,1.055473e-04,0.9290,0.9554,0.044
7736,128,1.055055e-04,0.9580,0.9555,0.045
7737,128,1.054639e-04,0.9459,0.9550,0.042
7738,128,1.054225e-04,0.9650,0.9555,0.044
7739,128,1.053812e-04,0.9273,0.9541,0.042
7740,128,1.053401e-04,0.9683,0.9548,0.055
7741,128,1.052992e-04,0.9593,0.9551,0.041
7742,128,1.052584e-04,0.9456,0.9546,0.045
7743,128,1.052177e-04,0.9371,0.9537,0.045
7744,128,1.051772e-04,0.9139,0.9517,0.043
7745,128,1.051369e-04,0.9616,0.9522,0.043
7746,128,1.050967e-04,0.9544,0.9523,0.046
7747,128,1.050567e-04,0.9756,0.9535,0.045
7748,128,1.050168e-04,0.9759,0.9546,0.046
7749,128,1.049771e-04,0.9352,0.9536,0.041
7750,128,1.049376e-04,0.9794,0.9549,0.045
7751,128,1.048982e-04,0.9624,0.9553,0.040
7752,128,1.048590e-04,0.9377,0.9544,0.042
7753,128,1.048199e-04,0.9405,0.9537,0.040
7754,128,1.047810e-04,0.9405,0.9531,0.039
7755,128,1.047422e-04,0.9593,0.9534,0.045
7756,128,1.047036e-04,0.9606,0.9537,0.041
7757,128,1.046652e-04,0.9450,0.9533,0.036
7758,128,1.046269e-04,0.9354,0.9524,0.044
7759,128,1.045888e-04,0.9458,0.9521,0.039
7760,128,1.045508e-04,0.9631,0.9526,0.049
7761,128,1.045130e-04,0.9478,0.9524,0.042
7762,128,1.044753e-04,0.9399,0.9518,0.045
7763,128,1.044378e-04,0.9467,0.9515,0.043
7764,128,1.044005e-04,0.9868,0.9533,0.046
7765,128,1.043633e-04,0.9590,0.9536,0.044
7766,128,1.043263e-04,0.9654,0.9542,0.043
7767,128,1.042894e-04,0.9769,0.9553,0.048
7768,128,1.042527e-04,0.9437,0.9547,0.043
7769,128,1.042161e-04,0.9358,0.9538,0.047
7770,128,1.041797e-04,0.9295,0.9525,0.048
7771,128,1.041435e-04,0.9785,0.9538,0.044
7772,128,1.041074e-04,0.9843,0.9554,0.050
7773,128,1.040715e-04,0.9713,0.9562,0.047
7774,128,1.040357e-04,0.9639,0.9566,0.045
7775,128,1.040001e-04,0.9249,0.9550,0.041
7776,128,1.039647e-04,0.9678,0.9556,0.041
7777,128,1.039294e-04,0.9488,0.9553,0.045
7778,128,1.038942e-04,0.9489,0.9550,0.046
7779,128,1.038592e-04,0.9599,0.9552,0.045
7780,128,1.038244e-04,0.9442,0.9546,0.045
7781,128,1.037898e-04,0.9812,0.9560,0.042
7782,128,1.037552e-04,0.9581,0.9561,0.048
7783,128,1.037209e-04,0.9637,0.9565,0.046
7784,128,1.036867e-04,0.9410,0.9557,0.044
7785,128,1.036527e-04,0.9554,0.9557,0.045
7786,128,1.036188e-04,0.9434,0.9551,0.042
7787,128,1.035851e-04,0.9600,0.9553,0.046
7788,128,1.035515e-04,0.9596,0.9555,0.045
7789,128,1.035181e-04,0.9569,0.9556,0.041
7790,128,1.034849e-04,0.9696,0.9563,0.044
7791,128,1.034518e-04,0.9599,0.9565,0.047
7792,128,1.034188e-04,0.9699,0.9571,0.040
7793,128,1.033861e-04,0.9546,0.9570,0.049
7794,128,1.033534e-04,0.9516,0.9567,0.041
7795,128,1.033210e-04,0.9701,0.9574,0.047
7796,128,1.032887e-04,0.9261,0.9558,0.041
7797,128,1.032565e-04,0.9712,0.9566,0.045
7798,128,1.032245e-04,0.9366,0.9556,0.043
7799,128,1.031927e-04,0.9955,0.9576,0.046
7800,128,1.031610e-04,0.9403,0.9567,0.038
7801,128,1.031295e-04,0.9230,0.9551,0.047
7802,128,1.030982e-04,0.9408,0.9543,0.044
7803,128,1.030670e-04,0.9510,0.9542,0.046
7804,128,1.030359e-04,0.9476,0.9538,0.042
7805,128,1.030051e-04,0.9707,0.9547,0.044
7806,128,1.029743e-04,0.9856,0.9562,0.049
7807,128,1.029438e-04,0.9659,0.9567,0.046
7808,128,1.029133e-04,0.9471,0.9562,0.046
7809,128,1.028831e-04,0.9884,0.9578,0.049
7810,128,1.028530e-04,0.9728,0.9586,0.058
7811,128,1.028231e-04,0.9621,0.9588,0.044
7812,128,1.027933e-04,0.9660,0.9591,0.048
7813,128,1.027637e-04,0.9433,0.9583,0.047
7814,128,1.027342e-04,0.9527,0.9581,0.053
7815,128,1.027049e-04,0.9546,0.9579,0.046
7816,128,1.026757e-04,0.9381,0.9569,0.042
7817,128,1.026467e-04,0.9380,0.9559,0.040
7818,128,1.026179e-04,0.9717,0.9567,0.051
7819,128,1.025892e-04,0.9493,0.9564,0.041
7820,128,1.025607e-04,0.9701,0.9570,0.055
7821,128,1.025324e-04,0.9510,0.9567,0.043
7822,128,1.025042e-04,0.9244,0.9551,0.044
7823,128,1.024761e-04,0.9441,0.9546,0.042
7824,128,1.024482e-04,0.9010,0.9519,0.038
7825,128,1.024205e-04,0.9526,0.9519,0.041
7826,128,1.023929e-04,0.9396,0.9513,0.043
7827,128,1.023655e-04,0.9660,0.9520,0.045
7828,128,1.023382e-04,0.9708,0.9530,0.047
7829,128,1.023111e-04,0.9489,0.9528,0.044
7830,128,1.022842e-04,0.9312,0.9517,0.039
7831,128,1.022574e-04,0.9703,0.9526,0.044
7832,128,1.022308e-04,0.9498,0.9525,0.041
7833,128,1.022043e-04,0.9548,0.9526,0.039
7834,128,1.021780e-04,0.9704,0.9535,0.044
7835,128,1.021519e-04,0.9277,0.9522,0.043
7836,128,1.021259e-04,0.9573,0.9525,0.043
7837,128,1.021000e-04,0.9646,0.9531,0.040
7838,128,1.020744e-04,0.9561,0.9532,0.044
7839,128,1.020488e-04,0.9794,0.9545,0.048
7840,128,1.020235e-04,0.9359,0.9536,0.043
7841,128,1.019983e-04,0.9559,0.9537,0.047
7842,128,1.019732e-04,0.9365,0.9528,0.040
7843,128,1.019483e-04,0.9531,0.9529,0.039
7844,128,1.019236e-04,0.9399,0.9522,0.044
7845,128,1.018990e-04,0.9366,0.9514,0.043
7846,128,1.018746e-04,0.9436,0.9510,0.042
7847,128,1.018503e-04,0.9579,0.9514,0.044
7848,128,1.018262e-04,0.9595,0.9518,0.045
7849,128,1.018023e-04,0.9708,0.9527,0.046
7850,128,1.017785e-04,0.9402,0.9521,0.042
7851,128,1.017549e-04,0.9510,0.9521,0.045
7852,128,1.017314e-04,0.9497,0.9519,0.044
7853,128,1.017081e-04,0.9163,0.9502,0.045
7854,128,1.016850e-04,0.9257,0.9489,0.040
7855,128,1.016620e-04,0.9264,0.9478,0.044
7856,128,1.016391e-04,0.9636,0.9486,0.040
7857,128,1.016164e-04,0.9436,0.9484,0.038
7858,128,1.015939e-04,0.9407,0.9480,0.045
7859,128,1.015716e-04,0.9361,0.9474,0.041
7860,128,1.015494e-04,0.9489,0.9475,0.041
7861,128,1.015273e-04,0.9470,0.9474,0.042
7862,128,1.015054e-04,0.9354,0.9468,0.042
7863,128,1.014837e-04,0.9559,0.9473,0.046
7864,128,1.014621e-04,0.9873,0.9493,0.043
7865,128,1.014407e-04,0.9360,0.9486,0.046
7866,128,1.014194e-04,0.9353,0.9479,0.038
7867,128,1.013983e-04,0.9653,0.9488,0.048
7868,128,1.013774e-04,0.9782,0.9503,0.051
7869,128,1.013566e-04,0.9646,0.9510,0.042
7870,128,1.013360e-04,0.9560,0.9513,0.047
7871,128,1.013155e-04,0.9273,0.9501,0.044
7872,128,1.012952e-04,0.9496,0.9500,0.044
7873,128,1.012750e-04,0.9799,0.9515,0.045
7874,128,1.012550e-04,0.9423,0.9511,0.052
7875,128,1.012352e-04,0.9630,0.9517,0.046
7876,128,1.012155e-04,0.9592,0.9520,0.047
7877,128,1.011960e-04,0.9306,0.9510,0.043
7878,128,1.011766e-04,0.9179,0.9493,0.044
7879,128,1.011574e-04,0.9511,0.9494,0.038
7880,128,1.011384e-04,0.9387,0.9489,0.039
7881,128,1.011195e-04,0.9604,0.9494,0.044
7882,128,1.011008e-04,0.9637,0.9502,0.046
7883,128,1.010822e-04,0.9637,0.9508,0.043
7884,128,1.010638e-04,0.9467,0.9506,0.039
7885,128,1.010455e-04,0.9714,0.9517,0.046
7886,128,1.010274e-04,0.9723,0.9527,0.043
7887,128,1.010095e-04,0.9411,0.9521,0.049
7888,128,1.009917e-04,0.9258,0.9508,0.040
7889,128,1.009741e-04,0.9738,0.9520,0.047
7890,128,1.009566e-04,0.9436,0.9515,0.046
7891,128,1.009393e-04,0.9827,0.9531,0.043
7892,128,1.009221e-04,0.9370,0.9523,0.042
7893,128,1.009051e-04,0.9532,0.9523,0.039
7894,128,1.008883e-04,0.9499,0.9522,0.049
7895,128,1.008716e-04,0.9706,0.9531,0.046
7896,128,1.008551e-04,0.9596,0.9535,0.047
7897,128,1.008387e-04,0.9573,0.9536,0.042
7898,128,1.008225e-04,0.9490,0.9534,0.044
7899,128,1.008065e-04,0.9475,0.9531,0.039
7900,128,1.007906e-04,0.9749,0.9542,0.043
7901,128,1.007749e-04,0.9427,0.9536,0.043
7902,128,1.007593e-04,0.9445,0.9532,0.043
7903,128,1.007439e-04,0.9669,0.9539,0.045
7904,128,1.007286e-04,0.9429,0.9533,0.046
7905,128,1.007135e-04,0.9491,0.9531,0.045
7906,128,1.006986e-04,0.9611,0.9535,0.046
7907,128,1.006838e-04,0.9484,0.9532,0.046
7908,128,1.006692e-04,0.9890,0.9550,0.042
7909,128,1.006547e-04,0.9652,0.9555,0.041
7910,128,1.006404e-04,0.9562,0.9556,0.039
7911,128,1.006262e-04,0.9655,0.9561,0.045
7912,128,1.006123e-04,0.9387,0.9552,0.045
7913,128,1.005984e-04,0.9596,0.9554,0.049
7914,128,1.005847e-04,0.9655,0.9559,0.045
7915,128,1.005712e-04,0.9484,0.9555,0.042
7916,128,1.005579e-04,0.9274,0.9541,0.043
7917,128,1.005447e-04,0.9407,0.9535,0.042
7918,128,1.005316e-04,0.9587,0.9537,0.040
7919,128,1.005187e-04,0.9709,0.9546,0.042
7920,128,1.005060e-04,0.9821,0.9560,0.043
7921,128,1.004934e-04,0.9459,0.9555,0.042
7922,128,1.004810e-04,0.9596,0.9557,0.046
7923,128,1.004688e-04,0.9751,0.9566,0.043
7924,128,1.004567e-04,0.9444,0.9560,0.042
7925,128,1.004447e-04,0.9393,0.9552,0.048
7926,128,1.004330e-04,0.9329,0.9541,0.041
7927,128,1.004213e-04,0.9338,0.9531,0.041
7928,128,1.004099e-04,0.9793,0.9544,0.045
7929,128,1.003986e-04,0.9645,0.9549,0.042
7930,128,1.003874e-04,0.9615,0.9552,0.040
7931,128,1.003764e-04,0.9491,0.9549,0.040
7932,128,1.003656e-04,0.9575,0.9550,0.039
7933,128,1.003549e-04,0.9391,0.9542,0.041
7934,128,1.003444e-04,0.9886,0.9560,0.046
7935,128,1.003341e-04,0.9178,0.9541,0.044
7936,128,1.003239e-04,0.9353,0.9531,0.046
7937,128,1.003138e-04,0.9195,0.9514,0.045
7938,128,1.003039e-04,0.9375,0.9507,0.044
7939,128,1.002942e-04,0.9530,0.9508,0.049
7940,128,1.002846e-04,0.9163,0.9491,0.052
7941,128,1.002752e-04,0.9756,0.9504,0.048
7942,128,1.002660e-04,0.9594,0.9509,0.049
7943,128,1.002569e-04,0.9498,0.9508,0.041
7944,128,1.002480e-04,0.9478,0.9507,0.045
7945,128,1.002392e-04,0.9507,0.9507,0.042
7946,128,1.002306e-04,0.9514,0.9507,0.042
7947,128,1.002221e-04,0.9340,0.9499,0.046
7948,128,1.002138e-04,0.9269,0.9487,0.047
7949,128,1.002057e-04,0.9414,0.9484,0.042
7950,128,1.001977e-04,0.9620,0.9491,0.042
7951,128,1.001898e-04,0.9266,0.9479,0.044
7952,128,1.001822e-04,0.9414,0.9476,0.039
7953,128,1.001747e-04,0.9277,0.9466,0.042
7954,128,1.001673e-04,0.9584,0.9472,0.045
7955,128,1.001601e-04,0.9548,0.9476,0.043
7956,128,1.001531e-04,0.9719,0.9488,0.047
7957,128,1.001462e-04,0.9770,0.9502,0.044
7958,128,1.001395e-04,0.9517,0.9503,0.049
7959,128,1.001329e-04,0.9411,0.9498,0.045
7960,128,1.001265e-04,0.9616,0.9504,0.045
7961,128,1.001203e-04,0.9814,0.9520,0.045
7962,128,1.001142e-04,0.9491,0.9518,0.042
7963,128,1.001082e-04,0.9804,0.9532,0.044
7964,128,1.001025e-04,0.9317,0.9522,0.048
7965,128,1.000969e-04,0.9589,0.9525,0.043
7966,128,1.000914e-04,0.9584,0.9528,0.046
7967,128,1.000861e-04,0.9504,0.9527,0.038
7968,128,1.000810e-04,0.9328,0.9517,0.043
7969,128,1.000760e-04,0.9787,0.9530,0.049
7970,128,1.000712e-04,0.9637,0.9536,0.048
7971,128,1.000665e-04,0.9611,0.9539,0.041
7972,128,1.000620e-04,0.9442,0.9535,0.044
7973,128,1.000576e-04,0.9751,0.9545,0.048
7974,128,1.000535e-04,0.9252,0.9531,0.044
7975,128,1.000494e-04,0.9523,0.9530,0.043
7976,128,1.000455e-04,0.9702,0.9539,0.043
7977,128,1.000418e-04,0.9357,0.9530,0.042
7978,128,1.000383e-04,0.9740,0.9540,0.045
7979,128,1.000349e-04,0.9528,0.9540,0.040
7980,128,1.000316e-04,0.9460,0.9536,0.048
7981,128,1.000285e-04,0.9344,0.9526,0.041
7982,128,1.000256e-04,0.9372,0.9518,0.043
7983,128,1.000229e-04,0.9486,0.9517,0.040
7984,128,1.000202e-04,0.9397,0.9511,0.041
7985,128,1.000178e-04,0.9493,0.9510,0.039
7986,128,1.000155e-04,0.9650,0.9517,0.046
7987,128,1.000134e-04,0.9537,0.9518,0.042
7988,128,1.000114e-04,0.9518,0.9518,0.045
7989,128,1.000096e-04,0.9620,0.9523,0.043
7990,128,1.000079e-04,0.9296,0.9512,0.041
7991,128,1.000064e-04,0.9521,0.9512,0.039
7992,128,1.000051e-04,0.9695,0.9521,0.042
7993,128,1.000039e-04,0.9657,0.9528,0.045
7994,128,1.000028e-04,0.9618,0.9533,0.039
7995,128,1.000020e-04,0.9633,0.9538,0.040
7996,128,1.000013e-04,0.9357,0.9529,0.042
7997,128,1.000007e-04,0.9612,0.9533,0.041
7998,128,1.000003e-04,0.9573,0.9535,0.042
7999,128,1.000001e-04,0.9645,0.9540,0.041
