step,block_size,lr,train_loss,train_ema,gn
0,32,6.666667e-06,4.1611,4.1611,1.072
1,32,1.333333e-05,4.1729,4.1617,1.072
2,32,2.000000e-05,4.1569,4.1615,1.071
3,32,2.666667e-05,4.1666,4.1617,1.077
4,32,3.333333e-05,4.1508,4.1612,1.066
5,32,4.000000e-05,4.1651,4.1614,1.079
6,32,4.666667e-05,4.1723,4.1619,1.087
7,32,5.333333e-05,4.1053,4.1591,1.036
8,32,6.000000e-05,4.1428,4.1583,1.060
9,32,6.666667e-05,4.1427,4.1575,1.065
10,32,7.333333e-05,4.1439,4.1568,1.055
11,32,8.000000e-05,4.1277,4.1554,1.053
12,32,8.666667e-05,4.1468,4.1549,1.070
13,32,9.333333e-05,4.1579,4.1551,1.071
14,32,1.000000e-04,4.1444,4.1546,1.068
15,32,1.066667e-04,4.1512,4.1544,1.068
16,32,1.133333e-04,4.1459,4.1540,1.060
17,32,1.200000e-04,4.1380,4.1532,1.049
18,32,1.266667e-04,4.1308,4.1521,1.060
19,32,1.333333e-04,4.1634,4.1526,1.077
20,32,1.400000e-04,4.1809,4.1540,1.094
21,32,1.466667e-04,4.1241,4.1525,1.053
22,32,1.533333e-04,4.1203,4.1509,1.041
23,32,1.600000e-04,4.1062,4.1487,1.037
24,32,1.666667e-04,4.1558,4.1490,1.063
25,32,1.733333e-04,4.1174,4.1475,1.045
26,32,1.800000e-04,4.1331,4.1467,1.051
27,32,1.866667e-04,4.1360,4.1462,1.055
28,32,1.933333e-04,4.1363,4.1457,1.059
29,32,2.000000e-04,4.1092,4.1439,1.036
30,32,2.066667e-04,4.1524,4.1443,1.063
31,32,2.133333e-04,4.1384,4.1440,1.052
32,32,2.200000e-04,4.1378,4.1437,1.065
33,32,2.266667e-04,4.1271,4.1429,1.052
34,32,2.333333e-04,4.1324,4.1424,1.058
35,32,2.400000e-04,4.1030,4.1404,1.031
36,32,2.466667e-04,4.1094,4.1388,1.032
37,32,2.533333e-04,4.1415,4.1390,1.058
38,32,2.600000e-04,4.0821,4.1361,1.014
39,32,2.666667e-04,4.1335,4.1360,1.050
40,32,2.733333e-04,4.1257,4.1355,1.039
41,32,2.800000e-04,4.0754,4.1325,1.007
42,32,2.866667e-04,4.1143,4.1316,1.025
43,32,2.933333e-04,4.0902,4.1295,1.019
44,32,3.000000e-04,4.1164,4.1288,1.042
45,32,3.066667e-04,4.1187,4.1283,1.036
46,32,3.133333e-04,4.1039,4.1271,1.023
47,32,3.200000e-04,4.1319,4.1274,1.032
48,32,3.266667e-04,4.0912,4.1255,1.013
49,32,3.333333e-04,4.0944,4.1240,1.015
50,32,3.400000e-04,4.1282,4.1242,1.025
51,32,3.466667e-04,4.1289,4.1244,1.039
52,32,3.533333e-04,4.1016,4.1233,1.009
53,32,3.600000e-04,4.1059,4.1224,1.013
54,32,3.666667e-04,4.0648,4.1195,0.997
55,32,3.733333e-04,4.0535,4.1162,0.975
56,32,3.800000e-04,4.0767,4.1143,0.999
57,32,3.866667e-04,4.1153,4.1143,1.026
58,32,3.933333e-04,4.0941,4.1133,1.009
59,32,4.000000e-04,4.0905,4.1122,0.998
60,32,4.066667e-04,4.0857,4.1108,1.003
61,32,4.133333e-04,4.0968,4.1101,1.016
62,32,4.200000e-04,4.0918,4.1092,1.006
63,32,4.266667e-04,4.0804,4.1078,1.001
64,32,4.333333e-04,4.0962,4.1072,0.999
65,32,4.400000e-04,4.0823,4.1060,0.997
66,32,4.466667e-04,4.0714,4.1042,0.983
67,32,4.533333e-04,4.0627,4.1022,0.970
68,32,4.600000e-04,4.0930,4.1017,1.003
69,32,4.666667e-04,4.0956,4.1014,1.005
70,32,4.733333e-04,4.0992,4.1013,1.005
71,32,4.800000e-04,4.0666,4.0996,0.976
72,32,4.866667e-04,4.0798,4.0986,0.981
73,32,4.933333e-04,4.0544,4.0964,0.965
74,32,5.000000e-04,4.0645,4.0948,0.969
75,32,5.066667e-04,4.0646,4.0933,0.966
76,32,5.133333e-04,4.0660,4.0919,0.969
77,32,5.200000e-04,4.0709,4.0908,0.973
78,32,5.266667e-04,4.0504,4.0888,0.961
79,32,5.333333e-04,4.0454,4.0866,0.951
80,32,5.400000e-04,4.0652,4.0856,0.967
81,32,5.466667e-04,4.0426,4.0834,0.957
82,32,5.533333e-04,4.0661,4.0826,0.972
83,32,5.600000e-04,4.0580,4.0813,0.963
84,32,5.666667e-04,4.0726,4.0809,0.970
85,32,5.733333e-04,4.0327,4.0785,0.938
86,32,5.800000e-04,4.0737,4.0782,0.969
87,32,5.866667e-04,4.0147,4.0751,0.924
88,32,5.933333e-04,4.0377,4.0732,0.944
89,32,6.000000e-04,4.0564,4.0724,0.962
90,32,6.066667e-04,4.0532,4.0714,0.964
91,32,6.133333e-04,4.0367,4.0697,0.943
92,32,6.200000e-04,4.0395,4.0682,0.957
93,32,6.266667e-04,4.0105,4.0653,0.925
94,32,6.333333e-04,4.0494,4.0645,0.948
95,32,6.400000e-04,4.0199,4.0623,0.940
96,32,6.466667e-04,4.0330,4.0608,0.943
97,32,6.533333e-04,4.0395,4.0597,0.944
98,32,6.600000e-04,4.0145,4.0575,0.924
99,32,6.666667e-04,4.0576,4.0575,0.958
100,32,6.733333e-04,4.0172,4.0555,0.927
101,32,6.800000e-04,4.0428,4.0548,0.944
102,32,6.866667e-04,4.0221,4.0532,0.933
103,32,6.933333e-04,4.0070,4.0509,0.915
104,32,7.000000e-04,4.0168,4.0492,0.928
105,32,7.066667e-04,3.9913,4.0463,0.912
106,32,7.133333e-04,4.0123,4.0446,0.920
107,32,7.200000e-04,4.0236,4.0435,0.929
108,32,7.266667e-04,4.0269,4.0427,0.929
109,32,7.333333e-04,3.9769,4.0394,0.894
110,32,7.400000e-04,4.0197,4.0384,0.927
111,32,7.466667e-04,4.0127,4.0371,0.925
112,32,7.533333e-04,3.9579,4.0332,0.883
113,32,7.600000e-04,3.9802,4.0305,0.891
114,32,7.666667e-04,4.0085,4.0294,0.912
115,32,7.733333e-04,4.0044,4.0282,0.916
116,32,7.800000e-04,3.9860,4.0261,0.899
117,32,7.866667e-04,4.0086,4.0252,0.915
118,32,7.933333e-04,3.9904,4.0235,0.905
119,32,8.000000e-04,4.0069,4.0226,0.912
120,32,8.066667e-04,3.9279,4.0179,0.853
121,32,8.133333e-04,3.9783,4.0159,0.897
122,32,8.200000e-04,3.9705,4.0136,0.883
123,32,8.266667e-04,3.9488,4.0104,0.881
124,32,8.333333e-04,3.9413,4.0069,0.867
125,32,8.400000e-04,3.9439,4.0038,0.876
126,32,8.466667e-04,3.9356,4.0004,0.869
127,32,8.533333e-04,3.9366,3.9972,0.871
128,32,8.600000e-04,3.9218,3.9934,0.855
129,32,8.666667e-04,3.9340,3.9905,0.868
130,32,8.733333e-04,3.9301,3.9874,0.856
131,32,8.800000e-04,3.9147,3.9838,0.857
132,32,8.866667e-04,3.9069,3.9800,0.839
133,32,8.933333e-04,3.8999,3.9760,0.842
134,32,9.000000e-04,3.8880,3.9716,0.838
135,32,9.066667e-04,3.8997,3.9680,0.843
136,32,9.133333e-04,3.8960,3.9644,0.828
137,32,9.200000e-04,3.8879,3.9605,0.831
138,32,9.266667e-04,3.8391,3.9545,0.798
139,32,9.333333e-04,3.8631,3.9499,0.818
140,32,9.400000e-04,3.8481,3.9448,0.800
141,32,9.466667e-04,3.8398,3.9396,0.792
142,32,9.533333e-04,3.8795,3.9366,0.808
143,32,9.600000e-04,3.8607,3.9328,0.803
144,32,9.666667e-04,3.8775,3.9300,0.812
145,32,9.733333e-04,3.8643,3.9267,0.820
146,32,9.800000e-04,3.8609,3.9234,0.803
147,32,9.866667e-04,3.8519,3.9198,0.794
148,32,9.933333e-04,3.8581,3.9168,0.794
149,32,1.000000e-03,3.8730,3.9146,0.802
150,32,1.006667e-03,3.8477,3.9112,0.782
151,32,1.013333e-03,3.8718,3.9093,0.800
152,32,1.020000e-03,3.8671,3.9072,0.788
153,32,1.026667e-03,3.8386,3.9037,0.776
154,32,1.033333e-03,3.8592,3.9015,0.791
155,32,1.040000e-03,3.8411,3.8985,0.774
156,32,1.046667e-03,3.8407,3.8956,0.772
157,32,1.053333e-03,3.7933,3.8905,0.745
158,32,1.060000e-03,3.8667,3.8893,0.784
159,32,1.066667e-03,3.8179,3.8857,0.758
160,32,1.073333e-03,3.8444,3.8837,0.768
161,32,1.080000e-03,3.8423,3.8816,0.768
162,32,1.086667e-03,3.8336,3.8792,0.774
163,32,1.093333e-03,3.7758,3.8740,0.725
164,32,1.100000e-03,3.7829,3.8695,0.729
165,32,1.106667e-03,3.8089,3.8664,0.737
166,32,1.113333e-03,3.8122,3.8637,0.749
167,32,1.120000e-03,3.7756,3.8593,0.718
168,32,1.126667e-03,3.7759,3.8551,0.722
169,32,1.133333e-03,3.8041,3.8526,0.745
170,32,1.140000e-03,3.7655,3.8482,0.718
171,32,1.146667e-03,3.7535,3.8435,0.699
172,32,1.153333e-03,3.7697,3.8398,0.714
173,32,1.160000e-03,3.7405,3.8349,0.692
174,32,1.166667e-03,3.7523,3.8307,0.695
175,32,1.173333e-03,3.7749,3.8279,0.711
176,32,1.180000e-03,3.7776,3.8254,0.724
177,32,1.186667e-03,3.7757,3.8229,0.703
178,32,1.193333e-03,3.7696,3.8203,0.709
179,32,1.200000e-03,3.7566,3.8171,0.707
180,32,1.206667e-03,3.7357,3.8130,0.685
181,32,1.213333e-03,3.7367,3.8092,0.679
182,32,1.220000e-03,3.7333,3.8054,0.674
183,32,1.226667e-03,3.7497,3.8026,0.686
184,32,1.233333e-03,3.7302,3.7990,0.677
185,32,1.240000e-03,3.7408,3.7961,0.681
186,32,1.246667e-03,3.7044,3.7915,0.654
187,32,1.253333e-03,3.6849,3.7862,0.643
188,32,1.260000e-03,3.7167,3.7827,0.667
189,32,1.266667e-03,3.7287,3.7800,0.674
190,32,1.273333e-03,3.6886,3.7754,0.652
191,32,1.280000e-03,3.7020,3.7718,0.656
192,32,1.286667e-03,3.6976,3.7680,0.657
193,32,1.293333e-03,3.6797,3.7636,0.642
194,32,1.300000e-03,3.6622,3.7586,0.626
195,32,1.306667e-03,3.6948,3.7554,0.650
196,32,1.313333e-03,3.6914,3.7522,0.645
197,32,1.320000e-03,3.6591,3.7475,0.619
198,32,1.326667e-03,3.6087,3.7406,0.568
199,32,1.333333e-03,3.6364,3.7354,0.613
200,32,1.340000e-03,3.6681,3.7320,0.626
201,32,1.346667e-03,3.6672,3.7288,0.629
202,32,1.353333e-03,3.6818,3.7264,0.638
203,32,1.360000e-03,3.6396,3.7221,0.621
204,32,1.366667e-03,3.5939,3.7157,0.584
205,32,1.373333e-03,3.6013,3.7099,0.598
206,32,1.380000e-03,3.6228,3.7056,0.606
207,32,1.386667e-03,3.5752,3.6991,0.572
208,32,1.393333e-03,3.5945,3.6938,0.582
209,32,1.400000e-03,3.6341,3.6909,0.610
210,32,1.406667e-03,3.5590,3.6843,0.557
211,32,1.413333e-03,3.5787,3.6790,0.581
212,32,1.420000e-03,3.6094,3.6755,0.592
213,32,1.426667e-03,3.5798,3.6707,0.568
214,32,1.433333e-03,3.5630,3.6653,0.563
215,32,1.440000e-03,3.5635,3.6602,0.572
216,32,1.446667e-03,3.5483,3.6546,0.556
217,32,1.453333e-03,3.5406,3.6489,0.552
218,32,1.460000e-03,3.5409,3.6435,0.564
219,32,1.466667e-03,3.5181,3.6373,0.543
220,32,1.473333e-03,3.5723,3.6340,0.591
221,32,1.480000e-03,3.5412,3.6294,0.566
222,32,1.486667e-03,3.5031,3.6231,0.532
223,32,1.493333e-03,3.5588,3.6199,0.568
224,32,1.500000e-03,3.5242,3.6151,0.539
225,32,1.506667e-03,3.5464,3.6116,0.556
226,32,1.513333e-03,3.5183,3.6070,0.531
227,32,1.520000e-03,3.5181,3.6025,0.532
228,32,1.526667e-03,3.5014,3.5975,0.529
229,32,1.533333e-03,3.4926,3.5922,0.522
230,32,1.540000e-03,3.4987,3.5876,0.515
231,32,1.546667e-03,3.5135,3.5838,0.525
232,32,1.553333e-03,3.4773,3.5785,0.505
233,32,1.560000e-03,3.4708,3.5731,0.502
234,32,1.566667e-03,3.4579,3.5674,0.496
235,32,1.573333e-03,3.4656,3.5623,0.505
236,32,1.580000e-03,3.4519,3.5568,0.491
237,32,1.586667e-03,3.4606,3.5520,0.505
238,32,1.593333e-03,3.4501,3.5469,0.483
239,32,1.600000e-03,3.4413,3.5416,0.482
240,32,1.606667e-03,3.4411,3.5366,0.482
241,32,1.613333e-03,3.4446,3.5320,0.476
242,32,1.620000e-03,3.4225,3.5265,0.465
243,32,1.626667e-03,3.4095,3.5206,0.454
244,32,1.633333e-03,3.4155,3.5154,0.466
245,32,1.640000e-03,3.4190,3.5106,0.469
246,32,1.646667e-03,3.4273,3.5064,0.472
247,32,1.653333e-03,3.3564,3.4989,0.482
248,32,1.660000e-03,3.2748,3.4877,0.442
249,32,1.666667e-03,3.2381,3.4752,0.470
250,32,1.673333e-03,3.2144,3.4622,0.440
251,32,1.680000e-03,3.1989,3.4490,0.445
252,32,1.686667e-03,3.3004,3.4416,1.215
253,32,1.693333e-03,3.2978,3.4344,1.105
254,32,1.700000e-03,3.3622,3.4308,1.343
255,32,1.706667e-03,3.0980,3.4141,0.518
256,32,1.713333e-03,3.0862,3.3977,0.513
257,32,1.720000e-03,3.0420,3.3800,0.456
258,32,1.726667e-03,3.0335,3.3626,0.440
259,32,1.733333e-03,3.0179,3.3454,0.371
260,32,1.740000e-03,3.0219,3.3292,0.383
261,32,1.746667e-03,2.9878,3.3122,0.367
262,32,1.753333e-03,3.0530,3.2992,1.163
263,32,1.760000e-03,3.0056,3.2845,1.083
264,32,1.766667e-03,2.9403,3.2673,0.395
265,32,1.773333e-03,2.9126,3.2496,0.416
266,32,1.780000e-03,2.9669,3.2354,0.416
267,32,1.786667e-03,2.9347,3.2204,0.446
268,32,1.793333e-03,2.9066,3.2047,0.461
269,32,1.800000e-03,2.8796,3.1885,0.470
270,32,1.806667e-03,2.8361,3.1708,0.608
271,32,1.813333e-03,2.8460,3.1546,0.576
272,32,1.820000e-03,2.7365,3.1337,0.466
273,32,1.826667e-03,2.7824,3.1161,0.439
274,32,1.833333e-03,2.7863,3.0996,0.396
275,32,1.840000e-03,2.8457,3.0869,0.438
276,32,1.846667e-03,2.8335,3.0743,0.446
277,32,1.853333e-03,2.7222,3.0567,0.438
278,32,1.860000e-03,2.7149,3.0396,0.345
279,32,1.866667e-03,2.7391,3.0246,0.365
280,32,1.873333e-03,2.6725,3.0069,0.266
281,32,1.880000e-03,2.7047,2.9918,0.320
282,32,1.886667e-03,2.7807,2.9813,0.409
283,32,1.893333e-03,2.7150,2.9680,0.351
284,32,1.900000e-03,2.6168,2.9504,0.224
285,32,1.906667e-03,2.6476,2.9353,0.354
286,32,1.913333e-03,2.6222,2.9196,0.301
287,32,1.920000e-03,2.6071,2.9040,0.204
288,32,1.926667e-03,2.6039,2.8890,0.491
289,32,1.933333e-03,2.6426,2.8767,0.454
290,32,1.940000e-03,2.6047,2.8631,0.427
291,32,1.946667e-03,2.6002,2.8499,0.336
292,32,1.953333e-03,2.6147,2.8382,0.368
293,32,1.960000e-03,2.5748,2.8250,0.358
294,32,1.966667e-03,2.5484,2.8112,0.212
295,32,1.973333e-03,2.5208,2.7966,0.205
296,32,1.980000e-03,2.5225,2.7829,0.200
297,32,1.986667e-03,2.5009,2.7688,0.222
298,32,1.993333e-03,2.6682,2.7638,1.158
299,32,2.000000e-03,2.5426,2.7527,0.241
300,32,2.000000e-03,2.4588,2.7380,0.274
301,32,2.000000e-03,2.5777,2.7300,1.189
302,32,2.000000e-03,2.5423,2.7206,1.083
303,32,1.999999e-03,2.4835,2.7088,0.838
304,32,1.999999e-03,2.5022,2.6985,0.793
305,32,1.999998e-03,2.3642,2.6817,0.182
306,32,1.999997e-03,2.4412,2.6697,0.192
307,32,1.999996e-03,2.4400,2.6582,0.202
308,32,1.999995e-03,2.3576,2.6432,0.230
309,32,1.999994e-03,2.5595,2.6390,1.261
310,32,1.999992e-03,2.4126,2.6277,0.218
311,32,1.999990e-03,2.4745,2.6200,0.483
312,32,1.999989e-03,2.4629,2.6122,0.520
313,32,1.999987e-03,2.4884,2.6060,0.586
314,32,1.999985e-03,2.3975,2.5956,0.421
315,32,1.999982e-03,2.4337,2.5875,0.441
316,32,1.999980e-03,2.4697,2.5816,1.087
317,32,1.999977e-03,2.5121,2.5781,1.067
318,32,1.999974e-03,2.3088,2.5646,0.175
319,32,1.999971e-03,2.3579,2.5543,0.145
320,32,1.999968e-03,2.3416,2.5437,0.156
321,32,1.999965e-03,2.2977,2.5314,0.133
322,32,1.999962e-03,2.2780,2.5187,0.147
323,32,1.999958e-03,2.3176,2.5086,0.136
324,32,1.999954e-03,2.2966,2.4980,0.138
325,32,1.999951e-03,2.2913,2.4877,0.168
326,32,1.999947e-03,2.3638,2.4815,0.789
327,32,1.999942e-03,2.3315,2.4740,0.486
328,32,1.999938e-03,2.3983,2.4702,0.416
329,32,1.999934e-03,2.4173,2.4676,0.461
330,32,1.999929e-03,2.3650,2.4625,0.465
331,32,1.999924e-03,2.3739,2.4580,0.443
332,32,1.999919e-03,2.2806,2.4492,0.180
333,32,1.999914e-03,2.2935,2.4414,0.197
334,32,1.999909e-03,2.3053,2.4346,0.181
335,32,1.999903e-03,2.2231,2.4240,0.227
336,32,1.999898e-03,2.2724,2.4164,0.218
337,32,1.999892e-03,2.2212,2.4067,0.147
338,32,1.999886e-03,2.1785,2.3952,0.195
339,32,1.999880e-03,2.2484,2.3879,0.204
340,32,1.999873e-03,2.2973,2.3834,0.409
341,32,1.999867e-03,2.2697,2.3777,0.377
342,32,1.999861e-03,2.2598,2.3718,0.357
343,32,1.999854e-03,2.2235,2.3644,0.110
344,32,1.999847e-03,2.2115,2.3567,0.144
345,32,1.999840e-03,2.1465,2.3462,0.160
346,32,1.999833e-03,2.1538,2.3366,0.197
347,32,1.999825e-03,2.1750,2.3285,0.175
348,32,1.999818e-03,2.1788,2.3210,0.141
349,32,1.999810e-03,2.1517,2.3126,0.188
350,32,1.999802e-03,2.1545,2.3047,0.160
351,32,1.999794e-03,2.1528,2.2971,0.145
352,32,1.999786e-03,2.1260,2.2885,0.154
353,32,1.999778e-03,2.1821,2.2832,0.150
354,32,1.999769e-03,2.1087,2.2745,0.153
355,32,1.999761e-03,2.1175,2.2666,0.186
356,32,1.999752e-03,2.1286,2.2597,0.122
357,32,1.999743e-03,2.1123,2.2524,0.185
358,32,1.999734e-03,2.1212,2.2458,0.137
359,32,1.999725e-03,2.2122,2.2441,1.065
360,32,1.999715e-03,2.0856,2.2362,0.213
361,32,1.999706e-03,2.1107,2.2299,0.202
362,32,1.999696e-03,2.1170,2.2243,0.218
363,32,1.999686e-03,2.0987,2.2180,0.249
364,32,1.999676e-03,2.0987,2.2120,0.245
365,32,1.999666e-03,2.0968,2.2063,0.259
366,32,1.999656e-03,2.1014,2.2010,0.213
367,32,1.999645e-03,2.1540,2.1987,0.730
368,32,1.999634e-03,2.0897,2.1932,0.202
369,32,1.999624e-03,2.1144,2.1893,0.149
370,32,1.999613e-03,2.0551,2.1826,0.191
371,32,1.999601e-03,2.1154,2.1792,0.154
372,32,1.999590e-03,2.0846,2.1745,0.188
373,32,1.999579e-03,2.0341,2.1675,0.221
374,32,1.999567e-03,2.0602,2.1621,0.200
375,32,1.999555e-03,2.0641,2.1572,0.141
376,32,1.999543e-03,2.0787,2.1533,0.128
377,32,1.999531e-03,2.1303,2.1521,0.789
378,32,1.999519e-03,2.0324,2.1461,0.328
379,32,1.999507e-03,2.0378,2.1407,0.265
380,32,1.999494e-03,2.0002,2.1337,0.231
381,32,1.999481e-03,2.0040,2.1272,0.227
382,32,1.999468e-03,2.0221,2.1220,0.198
383,32,1.999455e-03,2.0533,2.1185,0.212
384,32,1.999442e-03,2.0517,2.1152,0.220
385,32,1.999429e-03,1.9960,2.1092,0.128
386,32,1.999415e-03,2.0126,2.1044,0.111
387,32,1.999402e-03,1.9911,2.0987,0.122
388,32,1.999388e-03,1.9814,2.0929,0.123
389,32,1.999374e-03,1.9565,2.0860,0.136
390,32,1.999360e-03,1.9619,2.0798,0.082
391,32,1.999345e-03,2.0024,2.0760,0.542
392,32,1.999331e-03,1.9981,2.0721,0.101
393,32,1.999316e-03,1.9240,2.0647,0.150
394,32,1.999301e-03,1.9215,2.0575,0.175
395,32,1.999286e-03,1.9393,2.0516,0.156
396,32,1.999271e-03,1.9833,2.0482,0.156
397,32,1.999256e-03,2.0093,2.0462,0.232
398,32,1.999241e-03,2.0354,2.0457,0.175
399,32,1.999225e-03,1.9617,2.0415,0.108
400,32,1.999209e-03,1.9647,2.0377,0.137
401,32,1.999194e-03,1.9204,2.0318,0.141
402,32,1.999177e-03,1.9389,2.0272,0.080
403,32,1.999161e-03,1.9462,2.0231,0.306
404,32,1.999145e-03,1.9923,2.0216,0.302
405,32,1.999128e-03,1.9286,2.0169,0.102
406,32,1.999112e-03,1.9180,2.0120,0.141
407,32,1.999095e-03,1.8871,2.0057,0.201
408,32,1.999078e-03,1.9087,2.0009,0.183
409,32,1.999061e-03,1.9381,1.9977,0.129
410,32,1.999043e-03,1.9535,1.9955,0.167
411,32,1.999026e-03,1.9501,1.9933,0.146
412,32,1.999008e-03,1.8917,1.9882,0.190
413,32,1.998991e-03,1.8885,1.9832,0.208
414,32,1.998973e-03,1.8818,1.9781,0.205
415,32,1.998954e-03,1.8887,1.9737,0.196
416,32,1.998936e-03,1.8809,1.9690,0.225
417,32,1.998918e-03,1.8774,1.9644,0.207
418,32,1.998899e-03,1.8774,1.9601,0.238
419,32,1.998881e-03,1.8855,1.9564,0.209
420,32,1.998862e-03,1.8484,1.9510,0.246
421,32,1.998843e-03,1.8913,1.9480,0.200
422,32,1.998823e-03,1.9421,1.9477,0.124
423,32,1.998804e-03,1.8755,1.9441,0.176
424,32,1.998784e-03,1.8823,1.9410,0.240
425,32,1.998765e-03,1.8883,1.9384,0.223
426,32,1.998745e-03,1.8805,1.9355,0.232
427,32,1.998725e-03,1.8965,1.9335,0.228
428,32,1.998705e-03,1.8991,1.9318,0.173
429,32,1.998684e-03,1.8789,1.9291,0.218
430,32,1.998664e-03,1.8670,1.9260,0.179
431,32,1.998643e-03,1.8577,1.9226,0.200
432,32,1.998623e-03,1.8244,1.9177,0.243
433,32,1.998602e-03,1.8561,1.9146,0.207
434,32,1.998581e-03,1.8275,1.9103,0.257
435,32,1.998559e-03,1.8510,1.9073,0.219
436,32,1.998538e-03,1.8458,1.9042,0.216
437,32,1.998516e-03,1.8491,1.9015,0.148
438,32,1.998495e-03,1.8020,1.8965,0.147
439,32,1.998473e-03,1.7963,1.8915,0.184
440,32,1.998451e-03,1.8653,1.8902,0.150
441,32,1.998428e-03,1.8838,1.8899,0.183
442,32,1.998406e-03,1.8529,1.8880,0.190
443,32,1.998384e-03,1.7711,1.8822,0.182
444,32,1.998361e-03,1.8138,1.8787,0.153
445,32,1.998338e-03,1.8147,1.8755,0.132
446,32,1.998315e-03,1.8838,1.8760,0.173
447,32,1.998292e-03,1.8643,1.8754,0.227
448,32,1.998269e-03,1.8119,1.8722,0.297
449,32,1.998245e-03,1.8894,1.8731,0.177
450,32,1.998221e-03,1.8377,1.8713,0.157
451,32,1.998198e-03,1.8557,1.8705,0.233
452,32,1.998174e-03,1.8383,1.8689,0.281
453,32,1.998150e-03,1.8208,1.8665,0.119
454,32,1.998125e-03,1.8139,1.8639,0.134
455,32,1.998101e-03,1.7547,1.8584,0.150
456,32,1.998076e-03,1.8363,1.8573,0.217
457,32,1.998052e-03,1.7997,1.8544,0.253
458,32,1.998027e-03,1.7649,1.8499,0.120
459,32,1.998002e-03,1.8373,1.8493,0.087
460,32,1.997977e-03,1.7586,1.8448,0.104
461,32,1.997951e-03,1.7976,1.8424,0.130
462,32,1.997926e-03,1.7579,1.8382,0.192
463,32,1.997900e-03,1.7946,1.8360,0.132
464,32,1.997874e-03,1.8036,1.8344,0.093
465,32,1.997848e-03,1.7532,1.8303,0.140
466,32,1.997822e-03,1.7366,1.8257,0.099
467,32,1.997796e-03,1.7725,1.8230,0.107
468,32,1.997769e-03,1.7735,1.8205,0.072
469,32,1.997743e-03,1.7776,1.8184,0.159
470,32,1.997716e-03,1.7297,1.8139,0.198
471,32,1.997689e-03,1.8381,1.8152,0.083
472,32,1.997662e-03,1.8140,1.8151,0.075
473,32,1.997634e-03,1.8185,1.8153,0.114
474,32,1.997607e-03,1.7107,1.8100,0.150
475,32,1.997580e-03,1.7183,1.8054,0.213
476,32,1.997552e-03,1.7166,1.8010,0.167
477,32,1.997524e-03,1.7651,1.7992,0.155
478,32,1.997496e-03,1.7557,1.7970,0.153
479,32,1.997468e-03,1.7641,1.7954,0.122
480,32,1.997439e-03,1.7680,1.7940,0.120
481,32,1.997411e-03,1.7851,1.7936,0.090
482,32,1.997382e-03,1.7646,1.7921,0.161
483,32,1.997353e-03,1.7062,1.7878,0.271
484,32,1.997324e-03,1.7493,1.7859,0.189
485,32,1.997295e-03,1.7280,1.7830,0.175
486,32,1.997266e-03,1.6577,1.7767,0.241
487,32,1.997236e-03,1.7570,1.7758,0.113
488,32,1.997207e-03,1.7625,1.7751,0.158
489,32,1.997177e-03,1.7221,1.7724,0.142
490,32,1.997147e-03,1.6967,1.7687,0.193
491,32,1.997117e-03,1.7597,1.7682,0.106
492,32,1.997087e-03,1.7050,1.7651,0.176
493,32,1.997056e-03,1.7534,1.7645,0.103
494,32,1.997026e-03,1.7344,1.7630,0.188
495,32,1.996995e-03,1.7378,1.7617,0.150
496,32,1.996964e-03,1.6779,1.7575,0.178
497,32,1.996933e-03,1.7130,1.7553,0.157
498,32,1.996902e-03,1.7401,1.7545,0.129
499,32,1.996870e-03,1.6768,1.7506,0.233
500,32,1.996839e-03,1.6750,1.7469,0.165
501,32,1.996807e-03,1.7177,1.7454,0.210
502,32,1.996775e-03,1.6846,1.7424,0.209
503,32,1.996743e-03,1.7454,1.7425,0.146
504,32,1.996711e-03,1.6727,1.7390,0.156
505,32,1.996679e-03,1.6764,1.7359,0.139
506,32,1.996647e-03,1.7553,1.7369,0.105
507,32,1.996614e-03,1.6800,1.7340,0.130
508,32,1.996581e-03,1.6860,1.7316,0.186
509,32,1.996548e-03,1.6963,1.7299,0.117
510,32,1.996515e-03,1.7091,1.7288,0.123
511,32,1.996482e-03,1.6640,1.7256,0.185
512,32,1.996448e-03,1.6810,1.7233,0.164
513,32,1.996415e-03,1.6347,1.7189,0.204
514,32,1.996381e-03,1.6769,1.7168,0.184
515,32,1.996347e-03,1.6921,1.7156,0.200
516,32,1.996313e-03,1.6314,1.7114,0.224
517,32,1.996279e-03,1.6622,1.7089,0.153
518,32,1.996245e-03,1.6668,1.7068,0.152
519,32,1.996210e-03,1.6942,1.7062,0.151
520,32,1.996176e-03,1.5935,1.7005,0.157
521,32,1.996141e-03,1.5681,1.6939,0.165
522,32,1.996106e-03,1.6597,1.6922,0.093
523,32,1.996071e-03,1.7055,1.6929,0.079
524,32,1.996035e-03,1.6093,1.6887,0.123
525,32,1.996000e-03,1.6228,1.6854,0.103
526,32,1.995964e-03,1.6535,1.6838,0.096
527,32,1.995929e-03,1.6988,1.6846,0.141
528,32,1.995893e-03,1.6494,1.6828,0.110
529,32,1.995857e-03,1.6589,1.6816,0.203
530,32,1.995820e-03,1.6558,1.6803,0.246
531,32,1.995784e-03,1.6035,1.6765,0.136
532,32,1.995747e-03,1.6990,1.6776,0.111
533,32,1.995711e-03,1.6750,1.6775,0.075
534,32,1.995674e-03,1.6999,1.6786,0.112
535,32,1.995637e-03,1.6345,1.6764,0.154
536,32,1.995600e-03,1.6330,1.6742,0.343
537,32,1.995562e-03,1.6525,1.6731,0.185
538,32,1.995525e-03,1.6421,1.6716,0.086
539,32,1.995487e-03,1.6559,1.6708,0.096
540,32,1.995449e-03,1.5523,1.6649,0.208
541,32,1.995411e-03,1.5758,1.6604,0.147
542,32,1.995373e-03,1.6607,1.6604,0.116
543,32,1.995335e-03,1.6201,1.6584,0.223
544,32,1.995296e-03,1.6528,1.6581,0.138
545,32,1.995258e-03,1.5709,1.6538,0.223
546,32,1.995219e-03,1.6448,1.6533,0.180
547,32,1.995180e-03,1.6257,1.6519,0.196
548,32,1.995141e-03,1.5825,1.6485,0.127
549,32,1.995102e-03,1.5939,1.6457,0.141
550,32,1.995062e-03,1.6513,1.6460,0.126
551,32,1.995023e-03,1.5957,1.6435,0.171
552,32,1.994983e-03,1.7006,1.6463,0.143
553,32,1.994943e-03,1.6660,1.6473,0.158
554,32,1.994903e-03,1.6222,1.6461,0.158
555,32,1.994863e-03,1.6605,1.6468,0.092
556,32,1.994823e-03,1.6595,1.6474,0.097
557,32,1.994782e-03,1.6541,1.6478,0.178
558,32,1.994742e-03,1.5402,1.6424,0.220
559,32,1.994701e-03,1.6080,1.6407,0.148
560,32,1.994660e-03,1.5092,1.6341,0.259
561,32,1.994619e-03,1.6068,1.6327,0.139
562,32,1.994577e-03,1.5832,1.6303,0.169
563,32,1.994536e-03,1.6028,1.6289,0.204
564,32,1.994494e-03,1.6204,1.6285,0.166
565,32,1.994453e-03,1.6252,1.6283,0.166
566,32,1.994411e-03,1.6184,1.6278,0.158
567,32,1.994369e-03,1.5989,1.6264,0.115
568,32,1.994327e-03,1.5715,1.6236,0.174
569,32,1.994284e-03,1.5812,1.6215,0.129
570,32,1.994242e-03,1.5600,1.6184,0.101
571,32,1.994199e-03,1.6177,1.6184,0.085
572,32,1.994156e-03,1.5778,1.6164,0.196
573,32,1.994113e-03,1.5991,1.6155,0.197
574,32,1.994070e-03,1.6389,1.6167,0.168
575,32,1.994027e-03,1.6227,1.6170,0.088
576,32,1.993983e-03,1.5613,1.6142,0.183
577,32,1.993939e-03,1.5075,1.6088,0.226
578,32,1.993896e-03,1.5548,1.6061,0.220
579,32,1.993852e-03,1.5315,1.6024,0.203
580,32,1.993808e-03,1.6019,1.6024,0.175
581,32,1.993763e-03,1.5921,1.6019,0.159
582,32,1.993719e-03,1.5556,1.5996,0.132
583,32,1.993674e-03,1.5456,1.5969,0.180
584,32,1.993630e-03,1.5606,1.5950,0.203
585,32,1.993585e-03,1.4679,1.5887,0.300
586,32,1.993540e-03,1.5528,1.5869,0.226
587,32,1.993495e-03,1.5799,1.5865,0.152
588,32,1.993449e-03,1.5808,1.5863,0.169
589,32,1.993404e-03,1.5255,1.5832,0.252
590,32,1.993358e-03,1.5944,1.5838,0.166
591,32,1.993312e-03,1.5409,1.5816,0.207
592,32,1.993266e-03,1.6310,1.5841,0.123
593,32,1.993220e-03,1.5989,1.5848,0.127
594,32,1.993174e-03,1.5304,1.5821,0.200
595,32,1.993127e-03,1.5141,1.5787,0.213
596,32,1.993081e-03,1.5594,1.5778,0.202
597,32,1.993034e-03,1.5938,1.5786,0.196
598,32,1.992987e-03,1.4750,1.5734,0.222
599,32,1.992940e-03,1.5095,1.5702,0.236
600,32,1.992893e-03,1.4987,1.5666,0.183
601,32,1.992845e-03,1.5901,1.5678,0.126
602,32,1.992798e-03,1.6389,1.5713,0.077
603,32,1.992750e-03,1.5247,1.5690,0.124
604,32,1.992702e-03,1.5074,1.5659,0.204
605,32,1.992654e-03,1.5970,1.5675,0.110
606,32,1.992606e-03,1.5898,1.5686,0.182
607,32,1.992557e-03,1.5446,1.5674,0.161
608,32,1.992509e-03,1.5761,1.5678,0.144
609,32,1.992460e-03,1.5611,1.5675,0.110
610,32,1.992411e-03,1.5360,1.5659,0.182
611,32,1.992363e-03,1.5472,1.5650,0.196
612,32,1.992313e-03,1.5268,1.5631,0.228
613,32,1.992264e-03,1.5198,1.5609,0.193
614,32,1.992215e-03,1.5607,1.5609,0.164
615,32,1.992165e-03,1.5712,1.5614,0.130
616,32,1.992115e-03,1.6039,1.5635,0.126
617,32,1.992065e-03,1.5054,1.5606,0.164
618,32,1.992015e-03,1.5249,1.5588,0.156
619,32,1.991965e-03,1.5781,1.5598,0.094
620,32,1.991915e-03,1.5736,1.5605,0.107
621,32,1.991864e-03,1.5165,1.5583,0.217
622,32,1.991813e-03,1.5464,1.5577,0.190
623,32,1.991763e-03,1.5311,1.5564,0.162
624,32,1.991712e-03,1.4674,1.5519,0.261
625,32,1.991660e-03,1.5500,1.5518,0.227
626,32,1.991609e-03,1.5439,1.5514,0.203
627,32,1.991558e-03,1.5215,1.5499,0.214
628,32,1.991506e-03,1.5230,1.5486,0.218
629,32,1.991454e-03,1.4693,1.5446,0.252
630,32,1.991402e-03,1.5225,1.5435,0.164
631,32,1.991350e-03,1.5523,1.5440,0.109
632,32,1.991298e-03,1.5582,1.5447,0.188
633,32,1.991245e-03,1.5234,1.5436,0.107
634,32,1.991193e-03,1.5917,1.5460,0.110
635,32,1.991140e-03,1.4948,1.5435,0.145
636,32,1.991087e-03,1.5133,1.5419,0.191
637,32,1.991034e-03,1.4519,1.5374,0.229
638,32,1.990981e-03,1.4718,1.5342,0.270
639,32,1.990928e-03,1.5168,1.5333,0.223
640,32,1.990874e-03,1.4734,1.5303,0.166
641,32,1.990820e-03,1.5667,1.5321,0.135
642,32,1.990767e-03,1.5616,1.5336,0.131
643,32,1.990713e-03,1.5393,1.5339,0.118
644,32,1.990659e-03,1.5163,1.5330,0.183
645,32,1.990604e-03,1.5207,1.5324,0.155
646,32,1.990550e-03,1.4844,1.5300,0.194
647,32,1.990495e-03,1.5142,1.5292,0.137
648,32,1.990440e-03,1.5182,1.5286,0.163
649,32,1.990385e-03,1.4468,1.5246,0.208
650,32,1.990330e-03,1.5940,1.5280,0.102
651,32,1.990275e-03,1.4672,1.5250,0.213
652,32,1.990220e-03,1.5123,1.5244,0.140
653,32,1.990164e-03,1.4871,1.5225,0.245
654,32,1.990108e-03,1.5276,1.5228,0.213
655,32,1.990053e-03,1.5074,1.5220,0.141
656,32,1.989997e-03,1.5169,1.5217,0.133
657,32,1.989940e-03,1.4777,1.5195,0.292
658,32,1.989884e-03,1.4823,1.5177,0.182
659,32,1.989828e-03,1.5597,1.5198,0.108
660,32,1.989771e-03,1.4900,1.5183,0.166
661,32,1.989714e-03,1.4991,1.5173,0.157
662,32,1.989657e-03,1.4915,1.5160,0.093
663,32,1.989600e-03,1.5120,1.5158,0.118
664,32,1.989543e-03,1.4886,1.5145,0.154
665,32,1.989485e-03,1.4737,1.5124,0.167
666,32,1.989428e-03,1.5521,1.5144,0.142
667,32,1.989370e-03,1.4899,1.5132,0.238
668,32,1.989312e-03,1.4457,1.5098,0.211
669,32,1.989254e-03,1.4640,1.5075,0.228
670,32,1.989196e-03,1.4792,1.5061,0.171
671,32,1.989137e-03,1.5208,1.5068,0.118
672,32,1.989079e-03,1.5414,1.5086,0.111
673,32,1.989020e-03,1.5161,1.5089,0.151
674,32,1.988961e-03,1.4934,1.5082,0.143
675,32,1.988902e-03,1.4936,1.5074,0.209
676,32,1.988843e-03,1.4680,1.5055,0.206
677,32,1.988784e-03,1.4699,1.5037,0.212
678,32,1.988725e-03,1.5314,1.5051,0.141
679,32,1.988665e-03,1.5144,1.5055,0.152
680,32,1.988605e-03,1.4852,1.5045,0.186
681,32,1.988545e-03,1.4754,1.5031,0.190
682,32,1.988485e-03,1.4746,1.5016,0.171
683,32,1.988425e-03,1.4733,1.5002,0.172
684,32,1.988364e-03,1.3988,1.4952,0.212
685,32,1.988304e-03,1.4776,1.4943,0.164
686,32,1.988243e-03,1.4833,1.4937,0.190
687,32,1.988182e-03,1.4991,1.4940,0.194
688,32,1.988121e-03,1.4491,1.4918,0.220
689,32,1.988060e-03,1.5062,1.4925,0.105
690,32,1.987999e-03,1.5110,1.4934,0.139
691,32,1.987937e-03,1.4548,1.4915,0.178
692,32,1.987876e-03,1.4443,1.4891,0.298
693,32,1.987814e-03,1.4896,1.4891,0.198
694,32,1.987752e-03,1.4539,1.4874,0.223
695,32,1.987690e-03,1.3866,1.4823,0.299
696,32,1.987628e-03,1.5353,1.4850,0.114
697,32,1.987565e-03,1.4680,1.4841,0.155
698,32,1.987502e-03,1.4778,1.4838,0.161
699,32,1.987440e-03,1.4823,1.4837,0.098
700,32,1.987377e-03,1.4666,1.4829,0.181
701,32,1.987314e-03,1.4925,1.4834,0.209
702,32,1.987251e-03,1.4845,1.4834,0.171
703,32,1.987187e-03,1.4163,1.4801,0.247
704,32,1.987124e-03,1.4600,1.4791,0.191
705,32,1.987060e-03,1.4492,1.4776,0.189
706,32,1.986996e-03,1.4746,1.4774,0.123
707,32,1.986932e-03,1.4658,1.4768,0.162
708,32,1.986868e-03,1.4763,1.4768,0.175
709,32,1.986804e-03,1.4703,1.4765,0.185
710,32,1.986739e-03,1.4816,1.4767,0.123
711,32,1.986675e-03,1.4334,1.4746,0.180
712,32,1.986610e-03,1.4732,1.4745,0.085
713,32,1.986545e-03,1.4477,1.4732,0.167
714,32,1.986480e-03,1.4638,1.4727,0.096
715,32,1.986415e-03,1.4480,1.4715,0.210
716,32,1.986349e-03,1.4335,1.4696,0.188
717,32,1.986284e-03,1.3962,1.4659,0.262
718,32,1.986218e-03,1.4217,1.4637,0.203
719,32,1.986152e-03,1.4790,1.4645,0.216
720,32,1.986086e-03,1.4103,1.4617,0.182
721,32,1.986020e-03,1.4223,1.4598,0.193
722,32,1.985954e-03,1.4775,1.4607,0.110
723,32,1.985887e-03,1.4922,1.4622,0.117
724,32,1.985821e-03,1.4543,1.4618,0.203
725,32,1.985754e-03,1.4595,1.4617,0.183
726,32,1.985687e-03,1.4793,1.4626,0.226
727,32,1.985620e-03,1.4427,1.4616,0.280
728,32,1.985552e-03,1.4820,1.4626,0.156
729,32,1.985485e-03,1.3992,1.4595,0.212
730,32,1.985417e-03,1.3997,1.4565,0.174
731,32,1.985350e-03,1.4804,1.4577,0.125
732,32,1.985282e-03,1.4506,1.4573,0.088
733,32,1.985214e-03,1.4293,1.4559,0.142
734,32,1.985146e-03,1.5471,1.4605,0.157
735,32,1.985077e-03,1.4519,1.4600,0.159
736,32,1.985009e-03,1.4592,1.4600,0.211
737,32,1.984940e-03,1.4724,1.4606,0.208
738,32,1.984871e-03,1.4778,1.4615,0.156
739,32,1.984802e-03,1.4034,1.4586,0.201
740,32,1.984733e-03,1.4426,1.4578,0.179
741,32,1.984664e-03,1.4101,1.4554,0.202
742,32,1.984594e-03,1.4306,1.4541,0.186
743,32,1.984525e-03,1.4631,1.4546,0.221
744,32,1.984455e-03,1.4537,1.4545,0.089
745,32,1.984385e-03,1.4441,1.4540,0.219
746,32,1.984315e-03,1.4693,1.4548,0.151
747,32,1.984245e-03,1.4789,1.4560,0.186
748,32,1.984174e-03,1.4666,1.4565,0.132
749,32,1.984104e-03,1.4446,1.4559,0.171
750,32,1.984033e-03,1.4256,1.4544,0.200
751,32,1.983962e-03,1.4505,1.4542,0.149
752,32,1.983891e-03,1.4056,1.4518,0.197
753,32,1.983820e-03,1.4653,1.4525,0.185
754,32,1.983749e-03,1.3804,1.4489,0.192
755,32,1.983677e-03,1.4548,1.4492,0.153
756,32,1.983606e-03,1.5059,1.4520,0.127
757,32,1.983534e-03,1.4864,1.4537,0.152
758,32,1.983462e-03,1.4471,1.4534,0.191
759,32,1.983390e-03,1.4506,1.4532,0.202
760,32,1.983318e-03,1.3908,1.4501,0.218
761,32,1.983245e-03,1.4148,1.4484,0.178
762,32,1.983173e-03,1.4138,1.4466,0.187
763,32,1.983100e-03,1.4437,1.4465,0.123
764,32,1.983027e-03,1.5032,1.4493,0.139
765,32,1.982954e-03,1.4913,1.4514,0.133
766,32,1.982881e-03,1.4178,1.4497,0.169
767,32,1.982808e-03,1.7580,1.4651,3.558
768,32,1.982734e-03,1.7060,1.4772,2.851
769,32,1.982661e-03,1.4683,1.4767,0.184
770,32,1.982587e-03,1.4356,1.4747,0.213
771,32,1.982513e-03,1.4495,1.4734,0.329
772,32,1.982439e-03,1.4913,1.4743,0.225
773,32,1.982365e-03,1.3950,1.4704,0.326
774,32,1.982290e-03,1.4189,1.4678,0.315
775,32,1.982216e-03,1.4393,1.4664,0.275
776,32,1.982141e-03,1.5242,1.4693,2.096
777,32,1.982066e-03,1.5591,1.4737,1.939
778,32,1.981991e-03,1.4538,1.4727,0.205
779,32,1.981916e-03,1.4122,1.4697,0.330
780,32,1.981840e-03,1.4224,1.4674,0.366
781,32,1.981765e-03,1.4296,1.4655,0.333
782,32,1.981689e-03,1.4239,1.4634,0.332
783,32,1.981613e-03,1.4492,1.4627,0.323
784,32,1.981537e-03,1.4547,1.4623,0.240
785,32,1.981461e-03,1.6681,1.4726,2.040
786,32,1.981385e-03,1.6336,1.4806,1.949
787,32,1.981309e-03,1.4598,1.4796,0.213
788,32,1.981232e-03,1.4336,1.4773,0.309
789,32,1.981155e-03,1.4182,1.4743,0.270
790,32,1.981078e-03,1.4804,1.4746,0.263
791,32,1.981001e-03,1.4392,1.4729,0.353
792,32,1.980924e-03,1.3737,1.4679,0.395
793,32,1.980847e-03,1.5683,1.4729,1.651
794,32,1.980769e-03,1.4925,1.4739,1.431
795,32,1.980692e-03,1.4841,1.4744,0.256
796,32,1.980614e-03,1.3947,1.4704,0.337
797,32,1.980536e-03,1.4583,1.4698,0.216
798,32,1.980458e-03,1.4169,1.4672,0.321
799,32,1.980379e-03,1.4667,1.4671,0.283
800,32,1.980301e-03,1.3853,1.4631,0.295
801,32,1.980222e-03,1.4388,1.4618,0.191
802,32,1.980144e-03,1.4305,1.4603,0.137
803,32,1.980065e-03,1.5163,1.4631,1.418
804,32,1.979986e-03,1.4562,1.4627,0.358
805,32,1.979906e-03,1.3870,1.4589,0.404
806,32,1.979827e-03,1.4375,1.4579,0.405
807,32,1.979747e-03,1.5180,1.4609,1.677
808,32,1.979668e-03,1.5123,1.4635,1.289
809,32,1.979588e-03,1.4321,1.4619,0.377
810,32,1.979508e-03,1.3734,1.4575,0.434
811,32,1.979428e-03,1.4782,1.4585,0.343
812,32,1.979348e-03,1.3766,1.4544,0.327
813,32,1.979267e-03,1.4556,1.4545,0.246
814,32,1.979186e-03,1.4400,1.4537,0.354
815,32,1.979106e-03,1.4443,1.4533,1.058
816,32,1.979025e-03,1.5663,1.4589,1.623
817,32,1.978944e-03,1.3930,1.4556,0.423
818,32,1.978862e-03,1.4115,1.4534,0.343
819,32,1.978781e-03,1.3564,1.4486,0.333
820,32,1.978700e-03,1.4128,1.4468,0.296
821,32,1.978618e-03,1.4115,1.4450,0.289
822,32,1.978536e-03,1.4146,1.4435,0.373
823,32,1.978454e-03,1.5290,1.4478,1.213
824,32,1.978372e-03,1.5329,1.4520,1.101
825,32,1.978290e-03,1.4005,1.4494,0.340
826,32,1.978207e-03,1.4837,1.4512,0.235
827,32,1.978124e-03,1.3890,1.4481,0.301
828,32,1.978042e-03,1.4472,1.4480,0.266
829,32,1.977959e-03,1.4893,1.4501,0.247
830,32,1.977876e-03,1.5467,1.4549,1.445
831,32,1.977792e-03,1.5136,1.4578,0.979
832,32,1.977709e-03,1.4640,1.4581,0.436
833,32,1.977625e-03,1.4741,1.4589,0.428
834,32,1.977542e-03,1.4298,1.4575,0.365
835,32,1.977458e-03,1.4012,1.4547,0.284
836,32,1.977374e-03,1.4180,1.4528,0.280
837,32,1.977290e-03,1.4657,1.4535,0.117
838,32,1.977205e-03,1.3955,1.4506,0.330
839,32,1.977121e-03,1.4803,1.4521,1.187
840,32,1.977036e-03,1.5310,1.4560,1.138
841,32,1.976952e-03,1.4374,1.4551,0.492
842,32,1.976867e-03,1.3947,1.4521,0.476
843,32,1.976781e-03,1.4603,1.4525,0.402
844,32,1.976696e-03,1.4558,1.4526,0.421
845,32,1.976611e-03,1.3540,1.4477,0.362
846,32,1.976525e-03,1.5089,1.4508,1.412
847,32,1.976440e-03,1.5006,1.4533,1.085
848,32,1.976354e-03,1.3993,1.4506,0.350
849,32,1.976268e-03,1.4474,1.4504,0.381
850,32,1.976182e-03,1.4671,1.4512,0.367
851,32,1.976095e-03,1.4128,1.4493,0.459
852,32,1.976009e-03,1.4883,1.4513,0.932
853,32,1.975922e-03,1.4183,1.4496,0.380
854,32,1.975835e-03,1.4493,1.4496,0.339
855,32,1.975748e-03,1.4114,1.4477,0.660
856,32,1.975661e-03,1.4512,1.4479,0.630
857,32,1.975574e-03,1.3750,1.4442,0.415
858,32,1.975487e-03,1.4212,1.4431,0.455
859,32,1.975399e-03,1.4456,1.4432,0.335
860,32,1.975311e-03,1.5385,1.4480,1.056
861,32,1.975223e-03,1.4508,1.4481,0.378
862,32,1.975135e-03,1.4281,1.4471,0.409
863,32,1.975047e-03,1.5424,1.4519,1.010
864,32,1.974959e-03,1.3986,1.4492,0.493
865,32,1.974870e-03,1.4074,1.4471,0.457
866,32,1.974782e-03,1.4189,1.4457,0.445
867,32,1.974693e-03,1.5538,1.4511,1.231
868,32,1.974604e-03,1.4085,1.4490,0.613
869,32,1.974515e-03,1.4279,1.4479,0.468
870,32,1.974426e-03,1.4495,1.4480,0.404
871,32,1.974336e-03,1.4226,1.4467,0.366
872,32,1.974247e-03,1.3975,1.4443,0.330
873,32,1.974157e-03,1.4860,1.4464,0.886
874,32,1.974067e-03,1.3847,1.4433,0.561
875,32,1.973977e-03,1.3936,1.4408,0.431
876,32,1.973887e-03,1.3939,1.4384,0.457
877,32,1.973797e-03,1.4726,1.4402,0.381
878,32,1.973706e-03,1.4794,1.4421,0.436
879,32,1.973616e-03,1.4065,1.4403,0.399
880,32,1.973525e-03,1.7980,1.4582,3.881
881,32,1.973434e-03,1.7560,1.4731,3.379
882,32,1.973343e-03,1.4209,1.4705,0.652
883,32,1.973251e-03,1.4403,1.4690,0.502
884,32,1.973160e-03,1.4136,1.4662,0.498
885,32,1.973068e-03,1.4582,1.4658,0.415
886,32,1.972977e-03,1.5245,1.4688,1.132
887,32,1.972885e-03,1.6364,1.4771,2.288
888,32,1.972793e-03,1.5010,1.4783,0.812
889,32,1.972701e-03,1.4784,1.4783,0.780
890,32,1.972608e-03,1.4499,1.4769,0.472
891,32,1.972516e-03,1.4227,1.4742,0.527
892,32,1.972423e-03,1.4424,1.4726,0.489
893,32,1.972330e-03,1.4024,1.4691,0.432
894,32,1.972238e-03,1.4510,1.4682,0.403
895,32,1.972144e-03,1.5348,1.4715,1.252
896,32,1.972051e-03,1.4548,1.4707,0.983
897,32,1.971958e-03,1.4006,1.4672,0.509
898,32,1.971864e-03,1.4130,1.4645,0.542
899,32,1.971771e-03,1.3810,1.4603,0.327
900,32,1.971677e-03,1.3888,1.4567,0.378
901,32,1.971583e-03,1.4442,1.4561,0.379
902,32,1.971488e-03,1.4100,1.4538,0.350
903,32,1.971394e-03,1.4861,1.4554,0.522
904,32,1.971300e-03,1.4905,1.4572,0.407
905,32,1.971205e-03,1.3937,1.4540,0.412
906,32,1.971110e-03,1.4175,1.4522,0.370
907,32,1.971015e-03,1.4117,1.4501,0.781
908,32,1.970920e-03,1.7753,1.4664,3.253
909,32,1.970825e-03,1.6151,1.4738,2.321
910,32,1.970730e-03,1.4468,1.4725,0.503
911,32,1.970634e-03,1.5023,1.4740,0.481
912,32,1.970538e-03,1.4410,1.4723,0.567
913,32,1.970442e-03,1.4294,1.4702,0.550
914,32,1.970346e-03,1.4433,1.4688,0.763
915,32,1.970250e-03,1.4462,1.4677,1.612
916,32,1.970154e-03,1.5595,1.4723,1.485
917,32,1.970058e-03,1.4298,1.4702,0.509
918,32,1.969961e-03,1.4067,1.4670,0.573
919,32,1.969864e-03,1.4500,1.4661,0.572
920,32,1.969767e-03,1.4083,1.4633,0.610
921,32,1.969670e-03,1.4227,1.4612,0.585
922,32,1.969573e-03,1.4903,1.4627,0.852
923,32,1.969476e-03,1.4463,1.4619,0.506
924,32,1.969378e-03,1.4297,1.4603,0.524
925,32,1.969280e-03,1.4677,1.4606,0.470
926,32,1.969182e-03,1.5316,1.4642,1.589
927,32,1.969084e-03,1.4794,1.4649,1.275
928,32,1.968986e-03,1.4506,1.4642,0.629
929,32,1.968888e-03,1.4406,1.4630,0.621
930,32,1.968790e-03,1.5117,1.4655,0.522
931,32,1.968691e-03,1.4356,1.4640,0.540
932,32,1.968592e-03,1.4744,1.4645,1.426
933,32,1.968493e-03,1.4805,1.4653,1.224
934,32,1.968394e-03,1.4293,1.4635,0.647
935,32,1.968295e-03,1.4388,1.4623,0.512
936,32,1.968196e-03,1.4767,1.4630,0.499
937,32,1.968096e-03,1.4260,1.4611,0.419
938,32,1.967996e-03,1.3552,1.4558,0.329
939,32,1.967897e-03,1.4317,1.4546,0.587
940,32,1.967797e-03,1.5880,1.4613,1.831
941,32,1.967696e-03,1.4387,1.4602,0.525
942,32,1.967596e-03,1.4618,1.4603,0.652
943,32,1.967496e-03,1.4536,1.4599,0.545
944,32,1.967395e-03,1.4682,1.4603,0.513
945,32,1.967294e-03,1.4060,1.4576,0.489
946,32,1.967193e-03,1.4930,1.4594,1.201
947,32,1.967092e-03,1.4013,1.4565,0.353
948,32,1.966991e-03,1.3384,1.4506,0.313
949,32,1.966890e-03,1.3838,1.4472,0.321
950,32,1.966788e-03,1.4724,1.4485,1.123
951,32,1.966687e-03,1.4430,1.4482,0.513
952,32,1.966585e-03,1.4048,1.4461,0.468
953,32,1.966483e-03,1.4128,1.4444,0.553
954,32,1.966381e-03,1.4360,1.4440,0.525
955,32,1.966278e-03,1.4967,1.4466,1.191
956,32,1.966176e-03,1.3932,1.4439,1.009
957,32,1.966073e-03,1.4611,1.4448,0.532
958,32,1.965971e-03,1.4315,1.4441,0.513
959,32,1.965868e-03,1.3183,1.4378,0.294
960,32,1.965765e-03,1.4954,1.4407,0.642
961,32,1.965662e-03,1.4015,1.4388,0.503
962,32,1.965558e-03,1.4402,1.4388,0.435
963,32,1.965455e-03,1.3881,1.4363,0.839
964,32,1.965351e-03,1.4060,1.4348,0.577
965,32,1.965247e-03,1.4245,1.4343,0.594
966,32,1.965143e-03,1.4370,1.4344,0.336
967,32,1.965039e-03,1.4060,1.4330,0.982
968,32,1.964935e-03,1.4352,1.4331,0.940
969,32,1.964831e-03,1.4751,1.4352,0.497
970,32,1.964726e-03,1.4017,1.4335,0.541
971,32,1.964621e-03,1.4861,1.4361,0.528
972,32,1.964516e-03,1.3897,1.4338,0.462
973,32,1.964411e-03,1.4910,1.4367,1.340
974,32,1.964306e-03,1.4621,1.4380,1.124
975,32,1.964201e-03,1.4566,1.4389,0.565
976,32,1.964095e-03,1.4442,1.4392,0.563
977,32,1.963990e-03,1.4243,1.4384,0.529
978,32,1.963884e-03,1.4501,1.4390,0.497
979,32,1.963778e-03,1.4612,1.4401,0.915
980,32,1.963672e-03,1.4074,1.4385,0.778
981,32,1.963566e-03,1.3286,1.4330,0.644
982,32,1.963459e-03,1.4302,1.4328,0.412
983,32,1.963353e-03,1.4543,1.4339,0.515
984,32,1.963246e-03,1.5458,1.4395,0.427
985,32,1.963139e-03,1.4613,1.4406,0.552
986,32,1.963032e-03,1.4165,1.4394,0.387
987,32,1.962925e-03,1.3499,1.4349,0.629
988,32,1.962818e-03,1.3762,1.4320,0.619
989,32,1.962710e-03,1.2770,1.4242,0.507
990,32,1.962603e-03,1.4398,1.4250,0.438
991,32,1.962495e-03,1.4104,1.4243,0.414
992,32,1.962387e-03,1.4318,1.4247,0.295
993,32,1.962279e-03,1.3998,1.4234,0.324
994,32,1.962171e-03,1.4263,1.4236,0.267
995,32,1.962062e-03,1.3757,1.4212,0.243
996,32,1.961954e-03,1.3074,1.4155,0.567
997,32,1.961845e-03,1.3868,1.4140,0.361
998,32,1.961736e-03,1.3271,1.4097,0.298
999,32,1.961627e-03,1.3944,1.4089,0.404
1000,32,1.961518e-03,1.4368,1.4103,0.398
1001,32,1.961409e-03,1.3476,1.4072,0.705
1002,32,1.961300e-03,1.4564,1.4096,0.611
1003,32,1.961190e-03,1.3544,1.4069,0.373
1004,32,1.961080e-03,1.4077,1.4069,0.320
1005,32,1.960970e-03,1.4395,1.4086,0.808
1006,32,1.960860e-03,1.3924,1.4077,0.260
1007,32,1.960750e-03,1.3157,1.4031,0.282
1008,32,1.960640e-03,1.3547,1.4007,0.552
1009,32,1.960529e-03,1.4494,1.4032,0.621
1010,32,1.960419e-03,1.3696,1.4015,0.511
1011,32,1.960308e-03,1.3653,1.3997,0.454
1012,32,1.960197e-03,1.4816,1.4038,0.597
1013,32,1.960086e-03,1.3566,1.4014,0.506
1014,32,1.959975e-03,1.3616,1.3994,0.226
1015,32,1.959863e-03,1.4439,1.4016,0.383
1016,32,1.959752e-03,1.3710,1.4001,0.388
1017,32,1.959640e-03,1.3605,1.3981,0.494
1018,32,1.959528e-03,1.3435,1.3954,0.343
1019,32,1.959416e-03,1.3671,1.3940,0.389
1020,32,1.959304e-03,1.4691,1.3977,0.610
1021,32,1.959192e-03,1.5109,1.4034,0.606
1022,32,1.959079e-03,1.2922,1.3978,0.392
1023,32,1.958967e-03,1.4799,1.4019,0.886
1024,32,1.958854e-03,1.3955,1.4016,0.415
1025,32,1.958741e-03,1.3674,1.3999,0.353
1026,32,1.958628e-03,1.4654,1.4032,0.614
1027,32,1.958515e-03,1.3630,1.4012,0.369
1028,32,1.958401e-03,1.3483,1.3985,0.395
1029,32,1.958288e-03,1.3567,1.3964,0.278
1030,32,1.958174e-03,1.3471,1.3940,0.316
1031,32,1.958060e-03,1.3772,1.3931,0.388
1032,32,1.957946e-03,1.2850,1.3877,0.220
1033,32,1.957832e-03,1.3252,1.3846,0.293
1034,32,1.957718e-03,1.3687,1.3838,0.394
1035,32,1.957604e-03,1.3976,1.3845,0.485
1036,32,1.957489e-03,1.3941,1.3850,0.369
1037,32,1.957374e-03,1.4624,1.3888,0.661
1038,32,1.957259e-03,1.4444,1.3916,0.347
1039,32,1.957144e-03,1.3720,1.3906,0.595
1040,32,1.957029e-03,1.3911,1.3907,0.410
1041,32,1.956914e-03,1.3182,1.3870,0.378
1042,32,1.956798e-03,1.2981,1.3826,0.210
1043,32,1.956683e-03,1.3758,1.3823,0.273
1044,32,1.956567e-03,1.4645,1.3864,0.654
1045,32,1.956451e-03,1.2892,1.3815,0.192
1046,32,1.956335e-03,1.2752,1.3762,0.152
1047,32,1.956219e-03,1.3886,1.3768,0.296
1048,32,1.956102e-03,1.2969,1.3728,0.214
1049,32,1.955986e-03,1.3105,1.3697,0.218
1050,32,1.955869e-03,1.3421,1.3683,0.193
1051,32,1.955752e-03,1.3657,1.3682,0.354
1052,32,1.955635e-03,1.3070,1.3651,0.211
1053,32,1.955518e-03,1.3181,1.3628,0.211
1054,32,1.955401e-03,1.3809,1.3637,0.344
1055,32,1.955283e-03,1.3309,1.3620,0.283
1056,32,1.955166e-03,1.3825,1.3631,0.270
1057,32,1.955048e-03,1.3713,1.3635,0.407
1058,32,1.954930e-03,1.3062,1.3606,0.161
1059,32,1.954812e-03,1.3305,1.3591,0.169
1060,32,1.954694e-03,1.3472,1.3585,0.392
1061,32,1.954576e-03,1.3469,1.3579,0.387
1062,32,1.954457e-03,1.4031,1.3602,0.418
1063,32,1.954338e-03,1.3497,1.3597,0.429
1064,32,1.954220e-03,1.2845,1.3559,0.112
1065,32,1.954101e-03,1.2910,1.3527,0.167
1066,32,1.953982e-03,1.2986,1.3500,0.146
1067,32,1.953862e-03,1.3152,1.3482,0.196
1068,32,1.953743e-03,1.3531,1.3485,0.221
1069,32,1.953623e-03,1.3020,1.3462,0.148
1070,32,1.953504e-03,1.3356,1.3456,0.190
1071,32,1.953384e-03,1.3028,1.3435,0.147
1072,32,1.953264e-03,1.3300,1.3428,0.222
1073,32,1.953144e-03,1.3108,1.3412,0.132
1074,32,1.953023e-03,1.2784,1.3381,0.094
1075,32,1.952903e-03,1.2801,1.3352,0.168
1076,32,1.952782e-03,1.3038,1.3336,0.103
1077,32,1.952662e-03,1.3335,1.3336,0.362
1078,32,1.952541e-03,1.2715,1.3305,0.102
1079,32,1.952420e-03,1.2879,1.3284,0.125
1080,32,1.952298e-03,1.2772,1.3258,0.145
1081,32,1.952177e-03,1.2960,1.3243,0.118
1082,32,1.952056e-03,1.3838,1.3273,0.433
1083,32,1.951934e-03,1.3035,1.3261,0.095
1084,32,1.951812e-03,1.2996,1.3248,0.120
1085,32,1.951690e-03,1.3245,1.3248,0.161
1086,32,1.951568e-03,1.2773,1.3224,0.292
1087,32,1.951446e-03,1.3006,1.3213,0.112
1088,32,1.951323e-03,1.3196,1.3212,0.077
1089,32,1.951201e-03,1.2954,1.3199,0.089
1090,32,1.951078e-03,1.2976,1.3188,0.097
1091,32,1.950955e-03,1.2808,1.3169,0.103
1092,32,1.950832e-03,1.2886,1.3155,0.081
1093,32,1.950709e-03,1.2671,1.3131,0.290
1094,32,1.950586e-03,1.2913,1.3120,0.097
1095,32,1.950462e-03,1.3024,1.3115,0.124
1096,32,1.950339e-03,1.3115,1.3115,0.090
1097,32,1.950215e-03,1.3067,1.3113,0.093
1098,32,1.950091e-03,1.3091,1.3112,0.082
1099,32,1.949967e-03,1.3011,1.3107,0.087
1100,32,1.949843e-03,1.3268,1.3115,0.318
1101,32,1.949719e-03,1.2836,1.3101,0.093
1102,32,1.949594e-03,1.3127,1.3102,0.132
1103,32,1.949469e-03,1.3368,1.3115,0.104
1104,32,1.949345e-03,1.2834,1.3101,0.113
1105,32,1.949220e-03,1.2866,1.3089,0.100
1106,32,1.949094e-03,1.3015,1.3086,0.114
1107,32,1.948969e-03,1.3043,1.3084,0.081
1108,32,1.948844e-03,1.3299,1.3094,0.253
1109,32,1.948718e-03,1.3024,1.3091,0.156
1110,32,1.948593e-03,1.3052,1.3089,0.093
1111,32,1.948467e-03,1.2789,1.3074,0.104
1112,32,1.948341e-03,1.2643,1.3052,0.103
1113,32,1.948215e-03,1.3662,1.3083,0.072
1114,32,1.948088e-03,1.3134,1.3085,0.262
1115,32,1.947962e-03,1.2896,1.3076,0.096
1116,32,1.947835e-03,1.2374,1.3041,0.150
1117,32,1.947709e-03,1.3508,1.3064,0.134
1118,32,1.947582e-03,1.2901,1.3056,0.091
1119,32,1.947455e-03,1.2884,1.3047,0.109
1120,32,1.947327e-03,1.2756,1.3033,0.308
1121,32,1.947200e-03,1.2517,1.3007,0.153
1122,32,1.947073e-03,1.2358,1.2975,0.124
1123,32,1.946945e-03,1.3047,1.2978,0.124
1124,32,1.946817e-03,1.2811,1.2970,0.124
1125,32,1.946689e-03,1.3104,1.2977,0.125
1126,32,1.946561e-03,1.2868,1.2971,0.109
1127,32,1.946433e-03,1.3888,1.3017,0.393
1128,32,1.946304e-03,1.3422,1.3037,0.328
1129,32,1.946176e-03,1.2746,1.3023,0.157
1130,32,1.946047e-03,1.2897,1.3016,0.126
1131,32,1.945918e-03,1.2643,1.2998,0.092
1132,32,1.945789e-03,1.3452,1.3020,0.104
1133,32,1.945660e-03,1.3004,1.3020,0.096
1134,32,1.945531e-03,1.2641,1.3001,0.101
1135,32,1.945402e-03,1.3046,1.3003,0.093
1136,32,1.945272e-03,1.3058,1.3006,0.082
1137,32,1.945142e-03,1.3057,1.3008,0.104
1138,32,1.945012e-03,1.2718,1.2994,0.086
1139,32,1.944882e-03,1.2221,1.2955,0.210
1140,32,1.944752e-03,1.2404,1.2928,0.187
1141,32,1.944622e-03,1.3296,1.2946,0.271
1142,32,1.944491e-03,1.2786,1.2938,0.142
1143,32,1.944361e-03,1.3398,1.2961,0.095
1144,32,1.944230e-03,1.3284,1.2977,0.094
1145,32,1.944099e-03,1.2554,1.2956,0.130
1146,32,1.943968e-03,1.2477,1.2932,0.143
1147,32,1.943837e-03,1.2589,1.2915,0.102
1148,32,1.943705e-03,1.3118,1.2925,0.156
1149,32,1.943574e-03,1.2542,1.2906,0.120
1150,32,1.943442e-03,1.3192,1.2920,0.261
1151,32,1.943310e-03,1.3000,1.2924,0.255
1152,32,1.943178e-03,1.3250,1.2940,0.109
1153,32,1.943046e-03,1.2752,1.2931,0.097
1154,32,1.942914e-03,1.2366,1.2903,0.158
1155,32,1.942782e-03,1.2851,1.2900,0.134
1156,32,1.942649e-03,1.2556,1.2883,0.125
1157,32,1.942516e-03,1.2957,1.2887,0.086
1158,32,1.942383e-03,1.2635,1.2874,0.153
1159,32,1.942250e-03,1.3151,1.2888,0.091
1160,32,1.942117e-03,1.3324,1.2910,0.294
1161,32,1.941984e-03,1.3263,1.2927,0.274
1162,32,1.941851e-03,1.3006,1.2931,0.107
1163,32,1.941717e-03,1.2721,1.2921,0.144
1164,32,1.941583e-03,1.2449,1.2897,0.127
1165,32,1.941449e-03,1.2654,1.2885,0.121
1166,32,1.941315e-03,1.2444,1.2863,0.120
1167,32,1.941181e-03,1.2562,1.2848,0.128
1168,32,1.941047e-03,1.3100,1.2861,0.111
1169,32,1.940912e-03,1.3153,1.2875,0.095
1170,32,1.940778e-03,1.2848,1.2874,0.207
1171,32,1.940643e-03,1.2960,1.2878,0.112
1172,32,1.940508e-03,1.2861,1.2877,0.130
1173,32,1.940373e-03,1.2899,1.2878,0.260
1174,32,1.940238e-03,1.2904,1.2880,0.106
1175,32,1.940102e-03,1.2801,1.2876,0.147
1176,32,1.939967e-03,1.2565,1.2860,0.135
1177,32,1.939831e-03,1.3304,1.2882,0.223
1178,32,1.939695e-03,1.2799,1.2878,0.179
1179,32,1.939559e-03,1.2671,1.2868,0.132
1180,32,1.939423e-03,1.2535,1.2851,0.125
1181,32,1.939287e-03,1.3205,1.2869,0.099
1182,32,1.939150e-03,1.2549,1.2853,0.132
1183,32,1.939014e-03,1.3091,1.2865,0.132
1184,32,1.938877e-03,1.2566,1.2850,0.137
1185,32,1.938740e-03,1.2300,1.2822,0.173
1186,32,1.938603e-03,1.2928,1.2828,0.200
1187,32,1.938466e-03,1.2997,1.2836,0.199
1188,32,1.938329e-03,1.3200,1.2854,0.092
1189,32,1.938191e-03,1.2711,1.2847,0.143
1190,32,1.938054e-03,1.3325,1.2871,0.085
1191,32,1.937916e-03,1.2676,1.2861,0.127
1192,32,1.937778e-03,1.2556,1.2846,0.116
1193,32,1.937640e-03,1.2598,1.2834,0.130
1194,32,1.937502e-03,1.2915,1.2838,0.187
1195,32,1.937364e-03,1.2061,1.2799,0.155
1196,32,1.937225e-03,1.2898,1.2804,0.114
1197,32,1.937086e-03,1.2622,1.2795,0.204
1198,32,1.936948e-03,1.3499,1.2830,0.089
1199,32,1.936809e-03,1.3089,1.2843,0.088
1200,32,1.936670e-03,1.2657,1.2834,0.124
1201,32,1.936530e-03,1.2953,1.2840,0.183
1202,32,1.936391e-03,1.2288,1.2812,0.139
1203,32,1.936252e-03,1.2250,1.2784,0.197
1204,32,1.936112e-03,1.2938,1.2792,0.141
1205,32,1.935972e-03,1.2802,1.2792,0.158
1206,32,1.935832e-03,1.2320,1.2769,0.190
1207,32,1.935692e-03,1.2997,1.2780,0.102
1208,32,1.935552e-03,1.2945,1.2788,0.132
1209,32,1.935411e-03,1.3167,1.2807,0.247
1210,32,1.935271e-03,1.2704,1.2802,0.197
1211,32,1.935130e-03,1.2936,1.2809,0.120
1212,32,1.934989e-03,1.2548,1.2796,0.142
1213,32,1.934848e-03,1.2788,1.2795,0.182
1214,32,1.934707e-03,1.2453,1.2778,0.152
1215,32,1.934566e-03,1.2382,1.2758,0.189
1216,32,1.934424e-03,1.2855,1.2763,0.131
1217,32,1.934283e-03,1.2869,1.2768,0.258
1218,32,1.934141e-03,1.2911,1.2776,0.201
1219,32,1.933999e-03,1.3051,1.2789,0.097
1220,32,1.933857e-03,1.2466,1.2773,0.189
1221,32,1.933715e-03,1.2819,1.2775,0.118
1222,32,1.933573e-03,1.2890,1.2781,0.164
1223,32,1.933430e-03,1.2651,1.2775,0.128
1224,32,1.933288e-03,1.2655,1.2769,0.145
1225,32,1.933145e-03,1.2881,1.2774,0.125
1226,32,1.933002e-03,1.2731,1.2772,0.142
1227,32,1.932859e-03,1.2573,1.2762,0.121
1228,32,1.932716e-03,1.2597,1.2754,0.179
1229,32,1.932572e-03,1.2385,1.2735,0.169
1230,32,1.932429e-03,1.3192,1.2758,0.112
1231,32,1.932285e-03,1.2566,1.2749,0.121
1232,32,1.932141e-03,1.3140,1.2768,0.225
1233,32,1.931998e-03,1.2798,1.2770,0.191
1234,32,1.931853e-03,1.2603,1.2761,0.162
1235,32,1.931709e-03,1.2632,1.2755,0.161
1236,32,1.931565e-03,1.2643,1.2749,0.179
1237,32,1.931420e-03,1.2577,1.2741,0.224
1238,32,1.931276e-03,1.2545,1.2731,0.249
1239,32,1.931131e-03,1.2997,1.2744,0.183
1240,32,1.930986e-03,1.2889,1.2751,0.150
1241,32,1.930841e-03,1.3055,1.2767,0.134
1242,32,1.930696e-03,1.2505,1.2754,0.114
1243,32,1.930550e-03,1.2939,1.2763,0.132
1244,32,1.930405e-03,1.2350,1.2742,0.234
1245,32,1.930259e-03,1.2297,1.2720,0.167
1246,32,1.930113e-03,1.2837,1.2726,0.125
1247,32,1.929967e-03,1.2187,1.2699,0.119
1248,32,1.929821e-03,1.2667,1.2697,0.111
1249,32,1.929675e-03,1.2899,1.2707,0.138
1250,32,1.929528e-03,1.2762,1.2710,0.173
1251,32,1.929382e-03,1.3141,1.2732,0.114
1252,32,1.929235e-03,1.2708,1.2730,0.136
1253,32,1.929088e-03,1.2281,1.2708,0.218
1254,32,1.928941e-03,1.3209,1.2733,0.147
1255,32,1.928794e-03,1.2542,1.2723,0.182
1256,32,1.928647e-03,1.1993,1.2687,0.133
1257,32,1.928499e-03,1.2535,1.2679,0.132
1258,32,1.928352e-03,1.2865,1.2689,0.156
1259,32,1.928204e-03,1.2158,1.2662,0.243
1260,32,1.928056e-03,1.2815,1.2670,0.101
1261,32,1.927908e-03,1.2165,1.2645,0.175
1262,32,1.927760e-03,1.2383,1.2631,0.110
1263,32,1.927611e-03,1.3193,1.2660,0.194
1264,32,1.927463e-03,1.6026,1.2828,1.523
1265,32,1.927314e-03,1.4292,1.2901,0.949
1266,32,1.927166e-03,1.4562,1.2984,1.047
1267,32,1.927017e-03,1.4368,1.3053,1.000
1268,32,1.926868e-03,1.3457,1.3073,0.250
1269,32,1.926718e-03,1.3028,1.3071,0.272
1270,32,1.926569e-03,1.2946,1.3065,0.312
1271,32,1.926419e-03,1.2951,1.3059,0.334
1272,32,1.926270e-03,1.4301,1.3121,0.671
1273,32,1.926120e-03,1.4026,1.3167,0.688
1274,32,1.925970e-03,1.2897,1.3153,0.424
1275,32,1.925820e-03,1.2861,1.3138,0.388
1276,32,1.925670e-03,1.3251,1.3144,0.685
1277,32,1.925519e-03,1.4296,1.3202,0.767
1278,32,1.925369e-03,1.3003,1.3192,0.393
1279,32,1.925218e-03,1.3222,1.3193,0.404
1280,32,1.925067e-03,1.3924,1.3230,0.615
1281,32,1.924917e-03,1.4902,1.3313,1.066
1282,32,1.924765e-03,1.3232,1.3309,0.424
1283,32,1.924614e-03,1.3130,1.3300,0.419
1284,32,1.924463e-03,1.2827,1.3277,0.369
1285,32,1.924311e-03,1.4250,1.3325,0.631
1286,32,1.924160e-03,1.4018,1.3360,0.628
1287,32,1.924008e-03,1.3509,1.3367,0.476
1288,32,1.923856e-03,1.2853,1.3342,0.485
1289,32,1.923704e-03,1.3703,1.3360,0.367
1290,32,1.923551e-03,1.4263,1.3405,0.592
1291,32,1.923399e-03,1.3765,1.3423,0.880
1292,32,1.923246e-03,1.3543,1.3429,0.393
1293,32,1.923094e-03,1.2951,1.3405,0.403
1294,32,1.922941e-03,1.3900,1.3430,0.692
1295,32,1.922788e-03,1.3656,1.3441,0.599
1296,32,1.922635e-03,1.2610,1.3399,0.454
1297,32,1.922481e-03,1.2841,1.3372,0.459
1298,32,1.922328e-03,1.3144,1.3360,0.426
1299,32,1.922174e-03,1.3903,1.3387,0.614
1300,32,1.922021e-03,1.3525,1.3394,0.483
1301,32,1.921867e-03,1.3213,1.3385,0.394
1302,32,1.921713e-03,1.3244,1.3378,0.480
1303,32,1.921559e-03,1.3894,1.3404,0.437
1304,32,1.921404e-03,1.3833,1.3425,0.495
1305,32,1.921250e-03,1.3489,1.3429,0.388
1306,32,1.921095e-03,1.3977,1.3456,0.695
1307,32,1.920941e-03,1.3466,1.3456,0.451
1308,32,1.920786e-03,1.3147,1.3441,0.539
1309,32,1.920631e-03,1.3083,1.3423,0.525
1310,32,1.920476e-03,1.3097,1.3407,0.493
1311,32,1.920320e-03,1.3764,1.3425,0.489
1312,32,1.920165e-03,1.2956,1.3401,0.402
1313,32,1.920009e-03,1.3383,1.3400,0.441
1314,32,1.919853e-03,1.3780,1.3419,0.825
1315,32,1.919698e-03,1.2940,1.3395,0.404
1316,32,1.919542e-03,1.3517,1.3401,0.343
1317,32,1.919385e-03,1.3569,1.3410,0.510
1318,32,1.919229e-03,1.3393,1.3409,0.491
1319,32,1.919073e-03,1.3397,1.3408,0.430
1320,32,1.918916e-03,1.3349,1.3405,0.421
1321,32,1.918759e-03,1.2809,1.3376,0.383
1322,32,1.918602e-03,1.4002,1.3407,0.479
1323,32,1.918445e-03,1.3136,1.3393,0.571
1324,32,1.918288e-03,1.3623,1.3405,0.525
1325,32,1.918131e-03,1.3280,1.3399,0.350
1326,32,1.917973e-03,1.3086,1.3383,0.363
1327,32,1.917816e-03,1.3659,1.3397,0.416
1328,32,1.917658e-03,1.3040,1.3379,0.321
1329,32,1.917500e-03,1.2882,1.3354,0.739
1330,32,1.917342e-03,1.3377,1.3355,0.564
1331,32,1.917184e-03,1.3712,1.3373,0.525
1332,32,1.917025e-03,1.2201,1.3314,0.358
1333,32,1.916867e-03,1.3102,1.3304,0.364
1334,32,1.916708e-03,1.4449,1.3361,1.013
1335,32,1.916549e-03,1.3250,1.3356,0.385
1336,32,1.916390e-03,1.3893,1.3382,0.540
1337,32,1.916231e-03,1.3453,1.3386,0.592
1338,32,1.916072e-03,1.3620,1.3398,0.681
1339,32,1.915913e-03,1.3365,1.3396,0.546
1340,32,1.915753e-03,1.3717,1.3412,0.315
1341,32,1.915594e-03,1.2791,1.3381,0.275
1342,32,1.915434e-03,1.2356,1.3330,0.275
1343,32,1.915274e-03,1.3547,1.3341,0.560
1344,32,1.915114e-03,1.3694,1.3358,0.546
1345,32,1.914954e-03,1.3143,1.3348,0.371
1346,32,1.914793e-03,1.2546,1.3307,0.294
1347,32,1.914633e-03,1.2981,1.3291,0.347
1348,32,1.914472e-03,1.2962,1.3275,0.309
1349,32,1.914311e-03,1.2667,1.3244,0.251
1350,32,1.914150e-03,1.3253,1.3245,0.289
1351,32,1.913989e-03,1.2940,1.3230,0.218
1352,32,1.913828e-03,1.2153,1.3176,0.215
1353,32,1.913667e-03,1.4292,1.3232,0.571
1354,32,1.913505e-03,1.3207,1.3230,0.323
1355,32,1.913344e-03,1.2720,1.3205,0.253
1356,32,1.913182e-03,1.2090,1.3149,0.170
1357,32,1.913020e-03,1.4075,1.3195,0.579
1358,32,1.912858e-03,1.2909,1.3181,0.575
1359,32,1.912695e-03,1.3738,1.3209,0.453
1360,32,1.912533e-03,1.2780,1.3187,0.275
1361,32,1.912371e-03,1.2795,1.3168,0.270
1362,32,1.912208e-03,1.3429,1.3181,0.343
1363,32,1.912045e-03,1.4066,1.3225,0.620
1364,32,1.911882e-03,1.3358,1.3232,0.458
1365,32,1.911719e-03,1.2203,1.3180,0.226
1366,32,1.911556e-03,1.1782,1.3110,0.178
1367,32,1.911392e-03,1.2747,1.3092,0.201
1368,32,1.911229e-03,1.3417,1.3108,0.279
1369,32,1.911065e-03,1.3863,1.3146,0.593
1370,32,1.910901e-03,1.6494,1.3314,2.463
1371,32,1.910737e-03,1.2978,1.3297,0.230
1372,32,1.910573e-03,1.2723,1.3268,0.198
1373,32,1.910409e-03,1.4114,1.3310,0.691
1374,32,1.910245e-03,1.2876,1.3289,0.230
1375,32,1.910080e-03,1.4089,1.3329,0.666
1376,32,1.909915e-03,1.3070,1.3316,0.200
1377,32,1.909751e-03,1.2660,1.3283,0.212
1378,32,1.909586e-03,1.6095,1.3424,2.367
1379,32,1.909421e-03,1.3447,1.3425,0.599
1380,32,1.909255e-03,1.4279,1.3467,0.615
1381,32,1.909090e-03,1.2444,1.3416,0.287
1382,32,1.908924e-03,1.3390,1.3415,0.294
1383,32,1.908759e-03,1.3120,1.3400,0.283
1384,32,1.908593e-03,1.3061,1.3383,0.211
1385,32,1.908427e-03,1.2890,1.3359,0.209
1386,32,1.908261e-03,1.4633,1.3422,1.765
1387,32,1.908095e-03,1.4124,1.3457,0.675
1388,32,1.907928e-03,1.3209,1.3445,0.303
1389,32,1.907762e-03,1.2256,1.3386,0.226
1390,32,1.907595e-03,1.3157,1.3374,0.264
1391,32,1.907428e-03,1.2854,1.3348,0.247
1392,32,1.907261e-03,1.2942,1.3328,0.231
1393,32,1.907094e-03,1.4831,1.3403,1.789
1394,32,1.906927e-03,1.3923,1.3429,0.702
1395,32,1.906760e-03,1.1690,1.3342,0.171
1396,32,1.906592e-03,1.2746,1.3312,0.175
1397,32,1.906424e-03,1.4241,1.3359,1.374
1398,32,1.906256e-03,1.2409,1.3311,0.202
1399,32,1.906089e-03,1.2066,1.3249,0.202
1400,32,1.905920e-03,1.2800,1.3226,0.167
1401,32,1.905752e-03,1.1873,1.3159,0.175
1402,32,1.905584e-03,1.2069,1.3104,0.143
1403,32,1.905415e-03,1.3180,1.3108,0.594
1404,32,1.905247e-03,1.2579,1.3082,0.146
1405,32,1.905078e-03,1.2808,1.3068,0.174
1406,32,1.904909e-03,1.4077,1.3118,1.380
1407,32,1.904740e-03,1.2593,1.3092,0.194
1408,32,1.904570e-03,1.2173,1.3046,0.219
1409,32,1.904401e-03,1.3744,1.3081,0.651
1410,32,1.904232e-03,1.3437,1.3099,0.518
1411,32,1.904062e-03,1.2829,1.3085,0.206
1412,32,1.903892e-03,1.3284,1.3095,1.095
1413,32,1.903722e-03,1.2558,1.3068,0.219
1414,32,1.903552e-03,1.2243,1.3027,0.176
1415,32,1.903382e-03,1.2713,1.3011,0.156
1416,32,1.903211e-03,1.2887,1.3005,0.212
1417,32,1.903041e-03,1.2630,1.2986,0.174
1418,32,1.902870e-03,1.4050,1.3040,1.221
1419,32,1.902699e-03,1.4217,1.3098,0.721
1420,32,1.902529e-03,1.2677,1.3077,0.512
1421,32,1.902357e-03,1.3119,1.3079,0.415
1422,32,1.902186e-03,1.2660,1.3058,0.218
1423,32,1.902015e-03,1.2796,1.3045,0.203
1424,32,1.901843e-03,1.2961,1.3041,0.943
1425,32,1.901672e-03,1.2962,1.3037,0.196
1426,32,1.901500e-03,1.3764,1.3074,0.680
1427,32,1.901328e-03,1.2292,1.3034,0.160
1428,32,1.901156e-03,1.4461,1.3106,0.747
1429,32,1.900984e-03,1.3699,1.3135,0.925
1430,32,1.900811e-03,1.2840,1.3121,0.223
1431,32,1.900639e-03,1.2861,1.3108,0.209
1432,32,1.900466e-03,1.2695,1.3087,0.200
1433,32,1.900293e-03,1.3564,1.3111,0.400
1434,32,1.900120e-03,1.2857,1.3098,0.167
1435,32,1.899947e-03,1.3022,1.3094,0.934
1436,32,1.899774e-03,1.3814,1.3130,0.422
1437,32,1.899601e-03,1.3425,1.3145,0.197
1438,32,1.899427e-03,1.2316,1.3104,0.201
1439,32,1.899254e-03,1.3327,1.3115,0.470
1440,32,1.899080e-03,1.2938,1.3106,0.204
1441,32,1.898906e-03,1.2050,1.3053,0.212
1442,32,1.898732e-03,1.3197,1.3060,0.913
1443,32,1.898558e-03,1.2916,1.3053,0.219
1444,32,1.898383e-03,1.2170,1.3009,0.192
1445,32,1.898209e-03,1.2556,1.2986,0.376
1446,32,1.898034e-03,1.3155,1.2995,0.815
1447,32,1.897859e-03,1.2489,1.2969,0.253
1448,32,1.897685e-03,1.4106,1.3026,0.597
1449,32,1.897509e-03,1.2937,1.3022,0.450
1450,32,1.897334e-03,1.2756,1.3009,0.240
1451,32,1.897159e-03,1.4046,1.3060,0.890
1452,32,1.896983e-03,1.2695,1.3042,0.240
1453,32,1.896808e-03,1.2788,1.3029,0.477
1454,32,1.896632e-03,1.2296,1.2993,0.203
1455,32,1.896456e-03,1.2381,1.2962,0.207
1456,32,1.896280e-03,1.3024,1.2965,0.762
1457,32,1.896104e-03,1.3351,1.2985,0.896
1458,32,1.895928e-03,1.3008,1.2986,0.262
1459,32,1.895751e-03,1.4666,1.3070,0.796
1460,32,1.895575e-03,1.2731,1.3053,0.221
1461,32,1.895398e-03,1.2709,1.3036,0.228
1462,32,1.895221e-03,1.2206,1.2994,0.226
1463,32,1.895044e-03,1.2553,1.2972,0.203
1464,32,1.894867e-03,1.3372,1.2992,0.584
1465,32,1.894689e-03,1.3126,1.2999,0.851
1466,32,1.894512e-03,1.2072,1.2953,0.492
1467,32,1.894334e-03,1.2729,1.2941,0.486
1468,32,1.894157e-03,1.2796,1.2934,0.454
1469,32,1.893979e-03,1.2304,1.2903,0.250
1470,32,1.893801e-03,1.3011,1.2908,0.208
1471,32,1.893623e-03,1.2226,1.2874,0.546
1472,32,1.893444e-03,1.2732,1.2867,0.503
1473,32,1.893266e-03,1.2735,1.2860,0.250
1474,32,1.893087e-03,1.2434,1.2839,0.254
1475,32,1.892909e-03,1.2891,1.2841,0.207
1476,32,1.892730e-03,1.2575,1.2828,0.175
1477,32,1.892551e-03,1.3257,1.2850,0.919
1478,32,1.892372e-03,1.3101,1.2862,0.822
1479,32,1.892192e-03,1.2102,1.2824,0.266
1480,32,1.892013e-03,1.2713,1.2819,0.258
1481,32,1.891834e-03,1.2637,1.2809,0.232
1482,32,1.891654e-03,1.3617,1.2850,0.515
1483,32,1.891474e-03,1.1881,1.2801,0.264
1484,32,1.891294e-03,1.2961,1.2809,0.187
1485,32,1.891114e-03,1.2034,1.2771,0.270
1486,32,1.890934e-03,1.2807,1.2772,0.670
1487,32,1.890753e-03,1.3056,1.2787,0.577
1488,32,1.890573e-03,1.2290,1.2762,0.219
1489,32,1.890392e-03,1.2795,1.2763,0.250
1490,32,1.890211e-03,1.2240,1.2737,0.223
1491,32,1.890030e-03,1.2943,1.2748,0.244
1492,32,1.889849e-03,1.3267,1.2773,0.857
1493,32,1.889668e-03,1.3110,1.2790,0.685
1494,32,1.889487e-03,1.3185,1.2810,0.454
1495,32,1.889305e-03,1.3242,1.2832,0.236
1496,32,1.889123e-03,1.2327,1.2806,0.259
1497,32,1.888942e-03,1.2635,1.2798,0.209
1498,32,1.888760e-03,1.2055,1.2761,0.221
1499,32,1.888578e-03,1.2164,1.2731,0.199
1500,32,1.888395e-03,1.2589,1.2724,0.566
1501,32,1.888213e-03,1.3209,1.2748,0.574
1502,32,1.888031e-03,1.2478,1.2735,0.418
1503,32,1.887848e-03,1.2998,1.2748,0.252
1504,32,1.887665e-03,1.2878,1.2754,0.259
1505,32,1.887482e-03,1.3244,1.2779,0.687
1506,32,1.887299e-03,1.2279,1.2754,0.296
1507,32,1.887116e-03,1.2524,1.2742,0.287
1508,32,1.886933e-03,1.2494,1.2730,0.255
1509,32,1.886749e-03,1.2700,1.2728,0.540
1510,32,1.886566e-03,1.3436,1.2764,0.466
1511,32,1.886382e-03,1.2591,1.2755,0.383
1512,32,1.886198e-03,1.2073,1.2721,0.275
1513,32,1.886014e-03,1.2034,1.2687,0.299
1514,32,1.885830e-03,1.2486,1.2677,0.250
1515,32,1.885646e-03,1.1758,1.2631,0.307
1516,32,1.885461e-03,1.4652,1.2732,1.488
1517,32,1.885277e-03,1.2659,1.2728,0.442
1518,32,1.885092e-03,1.2311,1.2707,0.273
1519,32,1.884907e-03,1.2615,1.2703,0.248
1520,32,1.884722e-03,1.2948,1.2715,0.258
1521,32,1.884537e-03,1.2511,1.2705,0.221
1522,32,1.884352e-03,1.2749,1.2707,0.427
1523,32,1.884166e-03,1.2736,1.2708,0.558
1524,32,1.883981e-03,1.2789,1.2712,0.329
1525,32,1.883795e-03,1.2493,1.2701,0.275
1526,32,1.883609e-03,1.2184,1.2676,0.263
1527,32,1.883423e-03,1.2935,1.2689,0.245
1528,32,1.883237e-03,1.2302,1.2669,0.367
1529,32,1.883051e-03,1.2418,1.2657,0.491
1530,32,1.882865e-03,1.2550,1.2651,0.327
1531,32,1.882678e-03,1.2866,1.2662,0.424
1532,32,1.882491e-03,1.2894,1.2674,0.340
1533,32,1.882305e-03,1.2124,1.2646,0.352
1534,32,1.882118e-03,1.2710,1.2649,0.261
1535,32,1.881931e-03,1.2429,1.2638,0.281
1536,32,1.881743e-03,1.2466,1.2630,0.297
1537,32,1.881556e-03,1.2279,1.2612,0.395
1538,32,1.881368e-03,1.3412,1.2652,0.963
1539,32,1.881181e-03,1.2549,1.2647,0.288
1540,32,1.880993e-03,1.2656,1.2648,0.223
1541,32,1.880805e-03,1.2418,1.2636,0.245
1542,32,1.880617e-03,1.2477,1.2628,0.355
1543,32,1.880429e-03,1.2721,1.2633,0.365
1544,32,1.880241e-03,1.2545,1.2628,0.435
1545,32,1.880052e-03,1.3138,1.2654,0.274
1546,32,1.879864e-03,1.3064,1.2674,0.279
1547,32,1.879675e-03,1.2577,1.2669,0.298
1548,32,1.879486e-03,1.2584,1.2665,0.371
1549,32,1.879297e-03,1.2974,1.2681,0.355
1550,32,1.879108e-03,1.3027,1.2698,0.670
1551,32,1.878919e-03,1.2268,1.2676,0.350
1552,32,1.878729e-03,1.2311,1.2658,0.271
1553,32,1.878540e-03,1.2618,1.2656,0.239
1554,32,1.878350e-03,1.2337,1.2640,0.340
1555,32,1.878160e-03,1.1997,1.2608,0.301
1556,32,1.877970e-03,1.2085,1.2582,0.393
1557,32,1.877780e-03,1.2542,1.2580,0.280
1558,32,1.877590e-03,1.2343,1.2568,0.323
1559,32,1.877399e-03,1.3197,1.2599,0.415
1560,32,1.877209e-03,1.2629,1.2601,0.656
1561,32,1.877018e-03,1.2223,1.2582,0.438
1562,32,1.876827e-03,1.2138,1.2560,0.306
1563,32,1.876636e-03,1.2619,1.2563,0.291
1564,32,1.876445e-03,1.3209,1.2595,0.494
1565,32,1.876254e-03,1.2670,1.2599,0.268
1566,32,1.876063e-03,1.2397,1.2589,0.309
1567,32,1.875871e-03,1.2106,1.2565,0.234
1568,32,1.875680e-03,1.3242,1.2598,0.316
1569,32,1.875488e-03,1.2274,1.2582,0.288
1570,32,1.875296e-03,1.1933,1.2550,0.298
1571,32,1.875104e-03,1.2746,1.2560,0.428
1572,32,1.874912e-03,1.2754,1.2569,0.312
1573,32,1.874719e-03,1.2168,1.2549,0.278
1574,32,1.874527e-03,1.2774,1.2561,0.367
1575,32,1.874334e-03,1.2476,1.2556,0.290
1576,32,1.874142e-03,1.2897,1.2573,0.387
1577,32,1.873949e-03,1.2090,1.2549,0.297
1578,32,1.873756e-03,1.2488,1.2546,0.245
1579,32,1.873563e-03,1.2306,1.2534,0.481
1580,32,1.873369e-03,1.1928,1.2504,0.248
1581,32,1.873176e-03,1.2973,1.2527,0.353
1582,32,1.872982e-03,1.2573,1.2530,0.279
1583,32,1.872789e-03,1.2347,1.2520,0.286
1584,32,1.872595e-03,1.2190,1.2504,0.299
1585,32,1.872401e-03,1.2561,1.2507,0.282
1586,32,1.872207e-03,1.2168,1.2490,0.341
1587,32,1.872013e-03,1.2530,1.2492,0.388
1588,32,1.871818e-03,1.2631,1.2499,0.715
1589,32,1.871624e-03,1.1898,1.2469,0.210
1590,32,1.871429e-03,1.2314,1.2461,0.182
1591,32,1.871234e-03,1.2244,1.2450,0.316
1592,32,1.871039e-03,1.2019,1.2429,0.193
1593,32,1.870844e-03,1.2217,1.2418,0.213
1594,32,1.870649e-03,1.2639,1.2429,0.312
1595,32,1.870454e-03,1.2169,1.2416,0.343
1596,32,1.870258e-03,1.2416,1.2416,0.243
1597,32,1.870063e-03,1.2867,1.2439,0.304
1598,32,1.869867e-03,1.1380,1.2386,0.187
1599,32,1.869671e-03,1.2091,1.2371,0.180
1600,32,1.869475e-03,1.2112,1.2358,0.353
1601,32,1.869279e-03,1.2502,1.2365,0.370
1602,32,1.869083e-03,1.2004,1.2347,0.479
1603,32,1.868886e-03,1.3085,1.2384,0.608
1604,32,1.868690e-03,1.2535,1.2392,0.329
1605,32,1.868493e-03,1.2881,1.2416,0.336
1606,32,1.868296e-03,1.2310,1.2411,0.242
1607,32,1.868099e-03,1.1614,1.2371,0.228
1608,32,1.867902e-03,1.2012,1.2353,0.244
1609,32,1.867705e-03,1.2572,1.2364,0.192
1610,32,1.867508e-03,1.2438,1.2368,0.324
1611,32,1.867310e-03,1.2536,1.2376,0.221
1612,32,1.867112e-03,1.2945,1.2404,0.501
1613,32,1.866915e-03,1.2485,1.2408,0.327
1614,32,1.866717e-03,1.2321,1.2404,0.328
1615,32,1.866519e-03,1.2475,1.2408,0.252
1616,32,1.866320e-03,1.2806,1.2428,0.308
1617,32,1.866122e-03,1.1925,1.2402,0.172
1618,32,1.865924e-03,1.2269,1.2396,0.216
1619,32,1.865725e-03,1.1791,1.2366,0.176
1620,32,1.865526e-03,1.1926,1.2344,0.190
1621,32,1.865327e-03,1.2343,1.2344,0.314
1622,32,1.865128e-03,1.2450,1.2349,0.329
1623,32,1.864929e-03,1.1537,1.2308,0.223
1624,32,1.864730e-03,1.2214,1.2304,0.391
1625,32,1.864531e-03,1.2224,1.2300,0.486
1626,32,1.864331e-03,1.2730,1.2321,0.360
1627,32,1.864131e-03,1.2486,1.2329,0.341
1628,32,1.863932e-03,1.2019,1.2314,0.222
1629,32,1.863732e-03,1.2249,1.2311,0.230
1630,32,1.863532e-03,1.2274,1.2309,0.167
1631,32,1.863331e-03,1.1832,1.2285,0.144
1632,32,1.863131e-03,1.2564,1.2299,0.289
1633,32,1.862931e-03,1.1905,1.2279,0.130
1634,32,1.862730e-03,1.2432,1.2287,0.460
1635,32,1.862529e-03,1.1949,1.2270,0.231
1636,32,1.862328e-03,1.2796,1.2296,0.393
1637,32,1.862127e-03,1.3165,1.2340,0.341
1638,32,1.861926e-03,1.1673,1.2306,0.244
1639,32,1.861725e-03,1.2047,1.2293,0.255
1640,32,1.861523e-03,1.2097,1.2284,0.153
1641,32,1.861322e-03,1.1944,1.2267,0.174
1642,32,1.861120e-03,1.2761,1.2291,0.523
1643,32,1.860918e-03,1.2547,1.2304,0.268
1644,32,1.860716e-03,1.2059,1.2292,0.218
1645,32,1.860514e-03,1.1520,1.2253,0.160
1646,32,1.860312e-03,1.2422,1.2262,0.332
1647,32,1.860109e-03,1.2779,1.2287,0.320
1648,32,1.859907e-03,1.2120,1.2279,0.282
1649,32,1.859704e-03,1.2183,1.2274,0.523
1650,32,1.859501e-03,1.2388,1.2280,0.193
1651,32,1.859299e-03,1.2460,1.2289,0.184
1652,32,1.859095e-03,1.2148,1.2282,0.280
1653,32,1.858892e-03,1.2427,1.2289,0.372
1654,32,1.858689e-03,1.1955,1.2272,0.253
1655,32,1.858485e-03,1.2189,1.2268,0.247
1656,32,1.858282e-03,1.1501,1.2230,0.194
1657,32,1.858078e-03,1.2385,1.2238,0.214
1658,32,1.857874e-03,1.2666,1.2259,0.377
1659,32,1.857670e-03,1.2749,1.2284,0.435
1660,32,1.857466e-03,1.2269,1.2283,0.238
1661,32,1.857262e-03,1.2181,1.2278,0.165
1662,32,1.857057e-03,1.2931,1.2310,0.390
1663,32,1.856853e-03,1.1765,1.2283,0.167
1664,32,1.856648e-03,1.2079,1.2273,0.253
1665,32,1.856443e-03,1.2223,1.2270,0.192
1666,32,1.856238e-03,1.2537,1.2284,0.170
1667,32,1.856033e-03,1.3042,1.2322,0.485
1668,32,1.855828e-03,1.2247,1.2318,0.134
1669,32,1.855623e-03,1.1599,1.2282,0.151
1670,32,1.855417e-03,1.2292,1.2283,0.295
1671,32,1.855212e-03,1.1963,1.2267,0.210
1672,32,1.855006e-03,1.2157,1.2261,0.181
1673,32,1.854800e-03,1.1709,1.2233,0.186
1674,32,1.854594e-03,1.2214,1.2233,0.172
1675,32,1.854388e-03,1.2293,1.2236,0.190
1676,32,1.854182e-03,1.2747,1.2261,0.338
1677,32,1.853975e-03,1.2360,1.2266,0.374
1678,32,1.853769e-03,1.1779,1.2242,0.178
1679,32,1.853562e-03,1.2652,1.2262,0.363
1680,32,1.853355e-03,1.2235,1.2261,0.154
1681,32,1.853148e-03,1.2337,1.2265,0.199
1682,32,1.852941e-03,1.1912,1.2247,0.126
1683,32,1.852734e-03,1.2368,1.2253,0.193
1684,32,1.852527e-03,1.1958,1.2238,0.197
1685,32,1.852319e-03,1.2888,1.2271,0.483
1686,32,1.852112e-03,1.2630,1.2289,0.194
1687,32,1.851904e-03,1.1828,1.2266,0.148
1688,32,1.851696e-03,1.2094,1.2257,0.135
1689,32,1.851488e-03,1.2118,1.2250,0.305
1690,32,1.851280e-03,1.1787,1.2227,0.170
1691,32,1.851071e-03,1.1731,1.2202,0.214
1692,32,1.850863e-03,1.2205,1.2202,0.171
1693,32,1.850654e-03,1.1716,1.2178,0.177
1694,32,1.850446e-03,1.1942,1.2166,0.432
1695,32,1.850237e-03,1.1989,1.2157,0.309
1696,32,1.850028e-03,1.1886,1.2144,0.208
1697,32,1.849819e-03,1.2056,1.2139,0.200
1698,32,1.849610e-03,1.2197,1.2142,0.149
1699,32,1.849400e-03,1.2060,1.2138,0.160
1700,32,1.849191e-03,1.1830,1.2123,0.204
1701,32,1.848981e-03,1.2083,1.2121,0.155
1702,32,1.848771e-03,1.1835,1.2107,0.169
1703,32,1.848562e-03,1.2534,1.2128,0.376
1704,32,1.848352e-03,1.2233,1.2133,0.304
1705,32,1.848141e-03,1.1793,1.2116,0.201
1706,32,1.847931e-03,1.1416,1.2081,0.190
1707,32,1.847721e-03,1.2656,1.2110,0.150
1708,32,1.847510e-03,1.1850,1.2097,0.179
1709,32,1.847300e-03,1.2151,1.2100,0.490
1710,32,1.847089e-03,1.1929,1.2091,0.175
1711,32,1.846878e-03,1.2253,1.2099,0.191
1712,32,1.846667e-03,1.1583,1.2073,0.232
1713,32,1.846455e-03,1.1647,1.2052,0.192
1714,32,1.846244e-03,1.2261,1.2062,0.152
1715,32,1.846033e-03,1.2275,1.2073,0.403
1716,32,1.845821e-03,1.2038,1.2071,0.234
1717,32,1.845609e-03,1.1367,1.2036,0.210
1718,32,1.845397e-03,1.2014,1.2035,0.125
1719,32,1.845185e-03,1.1776,1.2022,0.161
1720,32,1.844973e-03,1.1959,1.2019,0.160
1721,32,1.844761e-03,1.1741,1.2005,0.212
1722,32,1.844549e-03,1.4727,1.2141,2.294
1723,32,1.844336e-03,1.4184,1.2243,1.818
1724,32,1.844123e-03,1.2145,1.2238,0.294
1725,32,1.843911e-03,1.2124,1.2233,0.269
1726,32,1.843698e-03,1.1764,1.2209,0.283
1727,32,1.843485e-03,1.2103,1.2204,0.289
1728,32,1.843271e-03,1.1960,1.2192,0.217
1729,32,1.843058e-03,1.2111,1.2188,0.229
1730,32,1.842845e-03,1.2205,1.2188,0.165
1731,32,1.842631e-03,1.2096,1.2184,0.245
1732,32,1.842417e-03,1.2004,1.2175,0.161
1733,32,1.842203e-03,1.1921,1.2162,0.232
1734,32,1.841989e-03,1.2243,1.2166,0.284
1735,32,1.841775e-03,1.4024,1.2259,1.380
1736,32,1.841561e-03,1.1317,1.2212,0.231
1737,32,1.841347e-03,1.1660,1.2184,0.245
1738,32,1.841132e-03,1.1499,1.2150,0.238
1739,32,1.840918e-03,1.2220,1.2154,0.236
1740,32,1.840703e-03,1.1824,1.2137,0.251
1741,32,1.840488e-03,1.2215,1.2141,0.240
1742,32,1.840273e-03,1.3067,1.2187,1.050
1743,32,1.840058e-03,1.1936,1.2175,0.310
1744,32,1.839842e-03,1.2650,1.2198,0.224
1745,32,1.839627e-03,1.2179,1.2197,0.178
1746,32,1.839411e-03,1.2028,1.2189,0.214
1747,32,1.839196e-03,1.1762,1.2168,0.179
1748,32,1.838980e-03,1.1980,1.2158,0.170
1749,32,1.838764e-03,1.1818,1.2141,0.237
1750,32,1.838548e-03,1.3109,1.2190,1.453
1751,32,1.838331e-03,1.2506,1.2205,0.289
1752,32,1.838115e-03,1.2255,1.2208,0.278
1753,32,1.837899e-03,1.2228,1.2209,0.249
1754,32,1.837682e-03,1.2817,1.2239,1.042
1755,32,1.837465e-03,1.2354,1.2245,0.228
1756,32,1.837248e-03,1.2266,1.2246,0.226
1757,32,1.837031e-03,1.2270,1.2247,0.200
1758,32,1.836814e-03,1.1612,1.2216,0.224
1759,32,1.836597e-03,1.1471,1.2178,0.290
1760,32,1.836380e-03,1.2139,1.2176,0.167
1761,32,1.836162e-03,1.2135,1.2174,0.187
1762,32,1.835944e-03,2.0337,1.2583,10.424
1763,32,1.835727e-03,1.9195,1.2913,8.212
1764,32,1.835509e-03,1.3450,1.2940,1.276
1765,32,1.835291e-03,1.1661,1.2876,0.371
1766,32,1.835072e-03,1.2262,1.2845,0.344
1767,32,1.834854e-03,1.1581,1.2782,0.334
1768,32,1.834636e-03,1.2541,1.2770,0.231
1769,32,1.834417e-03,1.1549,1.2709,0.129
1770,32,1.834198e-03,1.1656,1.2656,0.209
1771,32,1.833979e-03,1.2409,1.2644,0.183
1772,32,1.833760e-03,1.1974,1.2611,0.190
1773,32,1.833541e-03,1.3780,1.2669,1.613
1774,32,1.833322e-03,1.1824,1.2627,0.147
1775,32,1.833103e-03,1.1928,1.2592,0.322
1776,32,1.832883e-03,1.4467,1.2686,2.300
1777,32,1.832664e-03,1.3783,1.2740,1.731
1778,32,1.832444e-03,1.2221,1.2714,0.255
1779,32,1.832224e-03,1.2694,1.2713,0.264
1780,32,1.832004e-03,1.1825,1.2669,0.172
1781,32,1.831784e-03,1.2424,1.2657,0.254
1782,32,1.831564e-03,1.3305,1.2689,1.409
1783,32,1.831343e-03,1.2631,1.2686,0.234
1784,32,1.831123e-03,1.1455,1.2625,0.129
1785,32,1.830902e-03,1.2359,1.2611,0.319
1786,32,1.830681e-03,1.2196,1.2591,0.191
1787,32,1.830460e-03,1.1367,1.2530,0.284
1788,32,1.830239e-03,1.2932,1.2550,0.905
1789,32,1.830018e-03,1.1987,1.2522,0.296
1790,32,1.829797e-03,1.1648,1.2478,0.126
1791,32,1.829575e-03,1.1422,1.2425,0.117
1792,32,1.829354e-03,1.4969,1.2552,2.964
1793,32,1.829132e-03,1.3892,1.2619,2.057
1794,32,1.828910e-03,1.3174,1.2647,0.945
1795,32,1.828688e-03,1.2256,1.2627,0.402
1796,32,1.828466e-03,1.2341,1.2613,0.279
1797,32,1.828244e-03,1.2390,1.2602,0.246
1798,32,1.828021e-03,1.2026,1.2573,0.227
1799,32,1.827799e-03,1.1922,1.2541,0.235
1800,32,1.827576e-03,1.1568,1.2492,0.279
1801,32,1.827354e-03,1.2995,1.2517,1.108
1802,32,1.827131e-03,1.2361,1.2509,0.141
1803,32,1.826908e-03,1.2031,1.2485,0.122
1804,32,1.826685e-03,1.3409,1.2531,1.285
1805,32,1.826461e-03,1.1938,1.2502,0.279
1806,32,1.826238e-03,1.1983,1.2476,0.294
1807,32,1.826014e-03,1.2252,1.2465,0.684
1808,32,1.825791e-03,1.2771,1.2480,0.325
1809,32,1.825567e-03,1.1477,1.2430,0.280
1810,32,1.825343e-03,1.3922,1.2504,1.813
1811,32,1.825119e-03,1.3132,1.2536,1.074
1812,32,1.824895e-03,1.2268,1.2522,0.240
1813,32,1.824671e-03,1.2283,1.2510,0.353
1814,32,1.824446e-03,1.2468,1.2508,0.273
1815,32,1.824222e-03,1.2289,1.2497,0.207
1816,32,1.823997e-03,1.3626,1.2554,1.430
1817,32,1.823772e-03,1.1992,1.2526,0.362
1818,32,1.823547e-03,1.2513,1.2525,0.935
1819,32,1.823322e-03,1.2446,1.2521,0.165
1820,32,1.823097e-03,1.1881,1.2489,0.120
1821,32,1.822872e-03,1.1789,1.2454,0.168
1822,32,1.822646e-03,1.3388,1.2501,1.476
1823,32,1.822421e-03,1.2183,1.2485,0.311
1824,32,1.822195e-03,1.2352,1.2478,0.274
1825,32,1.821969e-03,1.1827,1.2446,0.250
1826,32,1.821743e-03,1.2792,1.2463,1.143
1827,32,1.821517e-03,1.5397,1.2610,2.892
1828,32,1.821291e-03,1.1816,1.2570,0.276
1829,32,1.821064e-03,1.2316,1.2557,0.305
1830,32,1.820838e-03,1.2334,1.2546,0.258
1831,32,1.820611e-03,1.2045,1.2521,0.143
1832,32,1.820385e-03,1.1753,1.2483,0.196
1833,32,1.820158e-03,1.3462,1.2532,1.519
1834,32,1.819931e-03,1.3208,1.2566,0.907
1835,32,1.819704e-03,1.2013,1.2538,0.444
1836,32,1.819476e-03,1.2254,1.2524,0.341
1837,32,1.819249e-03,1.2864,1.2541,0.670
1838,32,1.819022e-03,1.2313,1.2529,0.292
1839,32,1.818794e-03,1.3190,1.2562,1.250
1840,32,1.818566e-03,1.1931,1.2531,0.162
1841,32,1.818338e-03,1.1260,1.2467,0.143
1842,32,1.818110e-03,1.1881,1.2438,0.164
1843,32,1.817882e-03,1.2356,1.2434,0.855
1844,32,1.817654e-03,1.2232,1.2424,0.307
1845,32,1.817425e-03,1.2978,1.2452,0.938
1846,32,1.817197e-03,1.2549,1.2456,0.297
1847,32,1.816968e-03,1.2454,1.2456,0.139
1848,32,1.816739e-03,1.2804,1.2474,0.862
1849,32,1.816511e-03,1.2106,1.2455,0.172
1850,32,1.816282e-03,1.2195,1.2442,0.294
1851,32,1.816052e-03,1.2923,1.2466,1.047
1852,32,1.815823e-03,1.1852,1.2436,0.351
1853,32,1.815594e-03,1.1983,1.2413,0.686
1854,32,1.815364e-03,1.2561,1.2420,0.696
1855,32,1.815134e-03,1.2121,1.2405,0.184
1856,32,1.814905e-03,1.2332,1.2402,0.317
1857,32,1.814675e-03,1.3502,1.2457,1.310
1858,32,1.814445e-03,1.2326,1.2450,0.313
1859,32,1.814214e-03,1.2272,1.2441,0.275
1860,32,1.813984e-03,1.2160,1.2427,0.329
1861,32,1.813754e-03,1.2366,1.2424,0.146
1862,32,1.813523e-03,1.3005,1.2453,0.971
1863,32,1.813292e-03,1.2874,1.2474,0.790
1864,32,1.813062e-03,1.1930,1.2447,0.363
1865,32,1.812831e-03,1.2740,1.2462,1.025
1866,32,1.812600e-03,1.1975,1.2437,0.326
1867,32,1.812368e-03,1.1994,1.2415,0.329
1868,32,1.812137e-03,1.2015,1.2395,0.169
1869,32,1.811906e-03,1.2801,1.2415,1.214
1870,32,1.811674e-03,1.1807,1.2385,0.197
1871,32,1.811442e-03,1.1914,1.2361,0.185
1872,32,1.811210e-03,1.2628,1.2375,0.582
1873,32,1.810978e-03,1.1795,1.2346,0.320
1874,32,1.810746e-03,1.1840,1.2321,0.650
1875,32,1.810514e-03,1.1821,1.2296,0.224
1876,32,1.810282e-03,1.3284,1.2345,1.014
1877,32,1.810049e-03,1.2228,1.2339,0.199
1878,32,1.809817e-03,1.1276,1.2286,0.238
1879,32,1.809584e-03,1.2110,1.2277,0.537
1880,32,1.809351e-03,1.1977,1.2262,0.355
1881,32,1.809118e-03,1.1811,1.2240,0.228
1882,32,1.808885e-03,1.4108,1.2333,2.166
1883,32,1.808652e-03,1.3797,1.2406,2.078
1884,32,1.808419e-03,1.2159,1.2394,0.345
1885,32,1.808185e-03,1.2669,1.2408,0.374
1886,32,1.807951e-03,1.1495,1.2362,0.220
1887,32,1.807718e-03,1.1823,1.2335,0.211
1888,32,1.807484e-03,1.2312,1.2334,0.130
1889,32,1.807250e-03,1.1640,1.2299,0.197
1890,32,1.807016e-03,1.2788,1.2324,0.807
1891,32,1.806782e-03,1.2195,1.2317,0.641
1892,32,1.806547e-03,1.2498,1.2326,0.992
1893,32,1.806313e-03,1.2633,1.2342,0.335
1894,32,1.806078e-03,1.2557,1.2352,0.350
1895,32,1.805843e-03,1.2837,1.2377,0.723
1896,32,1.805608e-03,1.2101,1.2363,0.221
1897,32,1.805373e-03,1.2077,1.2349,0.210
1898,32,1.805138e-03,1.2216,1.2342,0.601
1899,32,1.804903e-03,1.2113,1.2330,0.548
1900,32,1.804668e-03,1.1853,1.2307,0.378
1901,32,1.804432e-03,1.3128,1.2348,0.800
1902,32,1.804197e-03,1.2760,1.2368,0.869
1903,32,1.803961e-03,1.2183,1.2359,0.365
1904,32,1.803725e-03,1.2062,1.2344,0.441
1905,32,1.803489e-03,1.2032,1.2329,0.494
1906,32,1.803253e-03,1.1805,1.2302,0.277
1907,32,1.803017e-03,1.2006,1.2288,0.246
1908,32,1.802780e-03,1.1646,1.2256,0.221
1909,32,1.802544e-03,1.1918,1.2239,0.253
1910,32,1.802307e-03,1.2205,1.2237,0.532
1911,32,1.802070e-03,1.1604,1.2205,0.198
1912,32,1.801834e-03,1.4048,1.2297,1.898
1913,32,1.801597e-03,1.2813,1.2323,0.915
1914,32,1.801359e-03,1.2202,1.2317,0.220
1915,32,1.801122e-03,1.2107,1.2307,0.189
1916,32,1.800885e-03,1.2033,1.2293,0.579
1917,32,1.800647e-03,1.1485,1.2253,0.183
1918,32,1.800410e-03,1.2280,1.2254,0.167
1919,32,1.800172e-03,1.2471,1.2265,0.609
1920,32,1.799934e-03,1.2007,1.2252,0.381
1921,32,1.799696e-03,1.2434,1.2261,0.305
1922,32,1.799458e-03,1.2427,1.2269,1.133
1923,32,1.799220e-03,1.2690,1.2290,0.591
1924,32,1.798981e-03,1.2061,1.2279,0.412
1925,32,1.798743e-03,1.2148,1.2272,0.371
1926,32,1.798504e-03,1.2878,1.2303,0.801
1927,32,1.798265e-03,1.2206,1.2298,0.205
1928,32,1.798027e-03,1.2397,1.2303,0.358
1929,32,1.797788e-03,1.2206,1.2298,0.435
1930,32,1.797548e-03,1.1614,1.2264,0.537
1931,32,1.797309e-03,1.2904,1.2296,0.739
1932,32,1.797070e-03,1.1917,1.2277,0.283
1933,32,1.796830e-03,1.2040,1.2265,0.205
1934,32,1.796591e-03,1.2082,1.2256,0.624
1935,32,1.796351e-03,1.2247,1.2255,0.563
1936,32,1.796111e-03,1.1471,1.2216,0.275
1937,32,1.795871e-03,1.1655,1.2188,0.292
1938,32,1.795631e-03,1.2420,1.2200,0.536
1939,32,1.795391e-03,1.2201,1.2200,0.695
1940,32,1.795150e-03,1.1850,1.2182,0.617
1941,32,1.794910e-03,1.1828,1.2165,0.323
1942,32,1.794669e-03,1.1707,1.2142,0.257
1943,32,1.794429e-03,1.1771,1.2123,0.400
1944,32,1.794188e-03,1.2017,1.2118,0.268
1945,32,1.793947e-03,1.2206,1.2122,0.234
1946,32,1.793706e-03,1.1718,1.2102,0.422
1947,32,1.793464e-03,1.2336,1.2114,0.220
1948,32,1.793223e-03,1.2216,1.2119,0.647
1949,32,1.792982e-03,1.3151,1.2170,1.486
1950,32,1.792740e-03,1.2127,1.2168,0.414
1951,32,1.792498e-03,1.2434,1.2182,0.395
1952,32,1.792256e-03,1.1734,1.2159,0.258
1953,32,1.792014e-03,1.2134,1.2158,0.572
1954,32,1.791772e-03,1.1953,1.2148,0.385
1955,32,1.791530e-03,1.2187,1.2150,0.660
1956,32,1.791288e-03,1.1949,1.2140,0.491
1957,32,1.791045e-03,1.1941,1.2130,0.307
1958,32,1.790803e-03,1.2253,1.2136,0.483
1959,32,1.790560e-03,1.2403,1.2149,0.392
1960,32,1.790317e-03,1.2041,1.2144,0.403
1961,32,1.790074e-03,1.3264,1.2200,1.479
1962,32,1.789831e-03,1.2488,1.2214,0.229
1963,32,1.789588e-03,1.1811,1.2194,0.349
1964,32,1.789345e-03,1.2237,1.2196,0.291
1965,32,1.789101e-03,1.2031,1.2188,0.584
1966,32,1.788857e-03,1.2894,1.2223,1.195
1967,32,1.788614e-03,1.1819,1.2203,0.378
1968,32,1.788370e-03,1.2382,1.2212,0.397
1969,32,1.788126e-03,1.2303,1.2217,0.233
1970,32,1.787882e-03,1.2119,1.2212,0.196
1971,32,1.787638e-03,1.1892,1.2196,0.276
1972,32,1.787393e-03,1.1877,1.2180,0.492
1973,32,1.787149e-03,1.2223,1.2182,0.482
1974,32,1.786904e-03,1.2589,1.2202,0.760
1975,32,1.786660e-03,1.2389,1.2212,0.592
1976,32,1.786415e-03,1.2912,1.2247,0.591
1977,32,1.786170e-03,1.2214,1.2245,0.435
1978,32,1.785925e-03,1.2519,1.2259,0.539
1979,32,1.785680e-03,1.2476,1.2270,0.483
1980,32,1.785435e-03,1.2218,1.2267,0.318
1981,32,1.785189e-03,1.1179,1.2213,0.326
1982,32,1.784944e-03,1.1948,1.2199,0.275
1983,32,1.784698e-03,1.2712,1.2225,0.456
1984,32,1.784452e-03,1.1641,1.2196,0.303
1985,32,1.784206e-03,1.2173,1.2195,1.064
1986,32,1.783960e-03,1.1733,1.2172,0.527
1987,32,1.783714e-03,1.2587,1.2192,0.309
1988,32,1.783468e-03,1.1806,1.2173,0.361
1989,32,1.783221e-03,1.1982,1.2163,0.335
1990,32,1.782975e-03,1.2573,1.2184,0.272
1991,32,1.782728e-03,1.2958,1.2223,1.229
1992,32,1.782481e-03,1.2015,1.2212,0.869
1993,32,1.782235e-03,1.2134,1.2208,0.314
1994,32,1.781988e-03,1.1490,1.2172,0.335
1995,32,1.781740e-03,1.2110,1.2169,0.316
1996,32,1.781493e-03,1.1821,1.2152,0.313
1997,32,1.781246e-03,1.2122,1.2150,0.406
1998,32,1.780998e-03,1.1706,1.2128,0.294
1999,32,1.780751e-03,1.1837,1.2114,0.273
2000,32,1.780503e-03,1.2675,1.2142,0.705
2001,32,1.780255e-03,1.2493,1.2159,0.614
2002,32,1.780007e-03,1.2156,1.2159,0.331
2003,32,1.779759e-03,1.2172,1.2160,0.325
2004,32,1.779511e-03,1.1825,1.2143,0.275
2005,32,1.779263e-03,1.1306,1.2101,0.298
2006,32,1.779014e-03,1.2263,1.2109,0.488
2007,32,1.778765e-03,1.2566,1.2132,0.516
2008,32,1.778517e-03,1.1363,1.2094,0.369
2009,32,1.778268e-03,1.2185,1.2098,0.338
2010,32,1.778019e-03,1.2239,1.2105,0.341
2011,32,1.777770e-03,1.2423,1.2121,0.347
2012,32,1.777521e-03,1.1707,1.2100,0.206
2013,32,1.777271e-03,1.2162,1.2104,0.930
2014,32,1.777022e-03,1.2457,1.2121,0.451
2015,32,1.776772e-03,1.2220,1.2126,0.406
2016,32,1.776523e-03,1.1682,1.2104,0.355
2017,32,1.776273e-03,1.2106,1.2104,0.320
2018,32,1.776023e-03,1.1962,1.2097,0.434
2019,32,1.775773e-03,1.2990,1.2142,1.004
2020,32,1.775523e-03,1.2355,1.2152,0.493
2021,32,1.775273e-03,1.2299,1.2160,0.315
2022,32,1.775022e-03,1.2338,1.2169,0.321
2023,32,1.774772e-03,1.2096,1.2165,0.375
2024,32,1.774521e-03,1.2345,1.2174,0.384
2025,32,1.774270e-03,1.2111,1.2171,0.333
2026,32,1.774019e-03,1.2148,1.2170,0.456
2027,32,1.773768e-03,1.1854,1.2154,0.429
2028,32,1.773517e-03,1.2107,1.2152,0.714
2029,32,1.773266e-03,1.1999,1.2144,0.393
2030,32,1.773015e-03,1.1950,1.2134,0.363
2031,32,1.772763e-03,1.1952,1.2125,0.374
2032,32,1.772512e-03,1.2218,1.2130,0.335
2033,32,1.772260e-03,1.2408,1.2144,0.957
2034,32,1.772008e-03,1.1537,1.2113,0.350
2035,32,1.771756e-03,1.1885,1.2102,0.368
2036,32,1.771504e-03,1.1665,1.2080,0.405
2037,32,1.771252e-03,1.1963,1.2074,0.322
2038,32,1.770999e-03,1.2737,1.2107,0.911
2039,32,1.770747e-03,1.2001,1.2102,0.384
2040,32,1.770494e-03,1.2073,1.2101,0.350
2041,32,1.770242e-03,1.1993,1.2095,0.358
2042,32,1.769989e-03,1.1978,1.2089,0.326
2043,32,1.769736e-03,1.2500,1.2110,0.763
2044,32,1.769483e-03,1.2429,1.2126,0.301
2045,32,1.769230e-03,1.1617,1.2100,0.385
2046,32,1.768976e-03,1.2084,1.2100,0.706
2047,32,1.768723e-03,1.2173,1.2103,0.642
2048,32,1.768470e-03,1.1922,1.2094,0.339
2049,32,1.768216e-03,1.2108,1.2095,0.350
2050,32,1.767962e-03,1.1723,1.2076,0.339
2051,32,1.767708e-03,1.1752,1.2060,0.319
2052,32,1.767454e-03,1.1617,1.2038,0.347
2053,32,1.767200e-03,1.2461,1.2059,0.709
2054,32,1.766946e-03,1.2427,1.2077,0.393
2055,32,1.766691e-03,1.2585,1.2103,0.379
2056,32,1.766437e-03,1.1667,1.2081,0.321
2057,32,1.766182e-03,1.2224,1.2088,0.356
2058,32,1.765928e-03,1.2198,1.2094,0.369
2059,32,1.765673e-03,1.2144,1.2096,0.423
2060,32,1.765418e-03,1.1981,1.2090,0.217
2061,32,1.765163e-03,1.2199,1.2096,0.359
2062,32,1.764908e-03,1.1946,1.2088,0.453
2063,32,1.764652e-03,1.2390,1.2103,0.395
2064,32,1.764397e-03,1.2746,1.2136,0.852
2065,32,1.764141e-03,1.1947,1.2126,0.319
2066,32,1.763886e-03,1.2176,1.2129,0.353
2067,32,1.763630e-03,1.2271,1.2136,0.365
2068,32,1.763374e-03,1.2115,1.2135,0.292
2069,32,1.763118e-03,1.1649,1.2110,0.209
2070,32,1.762862e-03,1.1726,1.2091,0.219
2071,32,1.762606e-03,1.2924,1.2133,0.866
2072,32,1.762349e-03,1.2088,1.2131,0.359
2073,32,1.762093e-03,1.2276,1.2138,0.420
2074,32,1.761836e-03,1.2281,1.2145,0.328
2075,32,1.761579e-03,1.2060,1.2141,0.324
2076,32,1.761322e-03,1.1899,1.2129,0.305
2077,32,1.761065e-03,1.1996,1.2122,0.780
2078,32,1.760808e-03,1.1651,1.2098,0.297
2079,32,1.760551e-03,1.1736,1.2080,0.255
2080,32,1.760294e-03,1.2165,1.2085,0.352
2081,32,1.760036e-03,1.1823,1.2072,0.410
2082,32,1.759779e-03,1.1890,1.2062,0.611
2083,32,1.759521e-03,1.2022,1.2060,0.375
2084,32,1.759263e-03,1.2734,1.2094,0.466
2085,32,1.759005e-03,1.1516,1.2065,0.349
2086,32,1.758747e-03,1.2184,1.2071,0.371
2087,32,1.758489e-03,1.2243,1.2080,0.385
2088,32,1.758231e-03,1.1852,1.2068,0.326
2089,32,1.757973e-03,1.2301,1.2080,0.690
2090,32,1.757714e-03,1.1828,1.2067,0.353
2091,32,1.757455e-03,1.2055,1.2067,0.377
2092,32,1.757197e-03,1.2583,1.2093,0.358
2093,32,1.756938e-03,1.1520,1.2064,0.593
2094,32,1.756679e-03,1.1760,1.2049,0.514
2095,32,1.756420e-03,1.2329,1.2063,0.409
2096,32,1.756160e-03,1.2301,1.2075,0.428
2097,32,1.755901e-03,1.2172,1.2080,0.355
2098,32,1.755642e-03,1.2077,1.2079,0.575
2099,32,1.755382e-03,1.1734,1.2062,0.360
2100,32,1.755122e-03,1.0950,1.2007,0.263
2101,32,1.754863e-03,1.2159,1.2014,0.348
2102,32,1.754603e-03,1.1791,1.2003,0.341
2103,32,1.754343e-03,1.1738,1.1990,0.384
2104,32,1.754082e-03,1.1785,1.1980,0.628
2105,32,1.753822e-03,1.2059,1.1984,0.370
2106,32,1.753562e-03,1.2355,1.2002,0.313
2107,32,1.753301e-03,1.1726,1.1988,0.307
2108,32,1.753041e-03,1.2155,1.1997,0.298
2109,32,1.752780e-03,1.2152,1.2004,0.652
2110,32,1.752519e-03,1.2065,1.2007,0.345
2111,32,1.752258e-03,1.2254,1.2020,0.375
2112,32,1.751997e-03,1.2437,1.2041,0.365
2113,32,1.751736e-03,1.2178,1.2047,0.529
2114,32,1.751474e-03,1.2291,1.2060,0.331
2115,32,1.751213e-03,1.1566,1.2035,0.439
2116,32,1.750951e-03,1.2093,1.2038,0.282
2117,32,1.750690e-03,1.2151,1.2044,0.413
2118,32,1.750428e-03,1.2148,1.2049,0.391
2119,32,1.750166e-03,1.1965,1.2045,0.280
2120,32,1.749904e-03,1.2099,1.2047,0.589
2121,32,1.749642e-03,1.1638,1.2027,0.493
2122,32,1.749380e-03,1.1769,1.2014,0.452
2123,32,1.749117e-03,1.2300,1.2028,0.439
2124,32,1.748855e-03,1.1851,1.2019,0.438
2125,32,1.748592e-03,1.2455,1.2041,0.358
2126,32,1.748329e-03,1.2407,1.2059,0.288
2127,32,1.748067e-03,1.2601,1.2087,0.655
2128,32,1.747804e-03,1.1571,1.2061,0.506
2129,32,1.747541e-03,1.1903,1.2053,0.313
2130,32,1.747277e-03,1.1977,1.2049,0.424
2131,32,1.747014e-03,1.1819,1.2038,0.313
2132,32,1.746751e-03,1.1662,1.2019,0.325
2133,32,1.746487e-03,1.1640,1.2000,0.485
2134,32,1.746223e-03,1.2095,1.2005,0.296
2135,32,1.745960e-03,1.1880,1.1998,0.233
2136,32,1.745696e-03,1.1554,1.1976,0.220
2137,32,1.745432e-03,1.1496,1.1952,0.333
2138,32,1.745168e-03,1.1286,1.1919,0.334
2139,32,1.744903e-03,1.2495,1.1948,0.339
2140,32,1.744639e-03,1.2029,1.1952,0.265
2141,32,1.744375e-03,1.2034,1.1956,0.461
2142,32,1.744110e-03,1.1976,1.1957,0.320
2143,32,1.743845e-03,1.1954,1.1957,0.274
2144,32,1.743581e-03,1.1891,1.1953,0.446
2145,32,1.743316e-03,1.1811,1.1946,0.287
2146,32,1.743051e-03,1.1891,1.1944,0.504
2147,32,1.742785e-03,1.2263,1.1960,0.537
2148,32,1.742520e-03,1.2086,1.1966,0.281
2149,32,1.742255e-03,1.2102,1.1973,0.452
2150,32,1.741989e-03,1.2490,1.1999,0.424
2151,32,1.741724e-03,1.1578,1.1978,0.248
2152,32,1.741458e-03,1.1668,1.1962,0.526
2153,32,1.741192e-03,1.1793,1.1954,0.443
2154,32,1.740926e-03,1.1769,1.1944,0.305
2155,32,1.740660e-03,1.2158,1.1955,0.426
2156,32,1.740394e-03,1.1542,1.1934,0.246
2157,32,1.740128e-03,1.1654,1.1920,0.413
2158,32,1.739861e-03,1.0975,1.1873,0.308
2159,32,1.739595e-03,1.1520,1.1855,0.294
2160,32,1.739328e-03,1.1974,1.1861,0.420
2161,32,1.739061e-03,1.1098,1.1823,0.338
2162,32,1.738794e-03,1.1880,1.1826,0.441
2163,32,1.738527e-03,1.1824,1.1826,0.283
2164,32,1.738260e-03,1.2061,1.1838,0.411
2165,32,1.737993e-03,1.2240,1.1858,0.439
2166,32,1.737726e-03,1.1635,1.1847,0.451
2167,32,1.737458e-03,1.1562,1.1832,0.429
2168,32,1.737191e-03,1.2030,1.1842,0.284
2169,32,1.736923e-03,1.1805,1.1841,0.280
2170,32,1.736655e-03,1.1955,1.1846,0.375
2171,32,1.736387e-03,1.1736,1.1841,0.381
2172,32,1.736119e-03,1.2067,1.1852,0.261
2173,32,1.735851e-03,1.1275,1.1823,0.238
2174,32,1.735583e-03,1.1577,1.1811,0.396
2175,32,1.735314e-03,1.2402,1.1840,0.288
2176,32,1.735046e-03,1.2429,1.1870,0.277
2177,32,1.734777e-03,1.1620,1.1857,0.287
2178,32,1.734509e-03,1.2272,1.1878,0.265
2179,32,1.734240e-03,1.1430,1.1856,0.408
2180,32,1.733971e-03,1.2025,1.1864,0.370
2181,32,1.733702e-03,1.2462,1.1894,0.452
2182,32,1.733433e-03,1.2419,1.1920,0.487
2183,32,1.733163e-03,1.1621,1.1905,0.332
2184,32,1.732894e-03,1.1220,1.1871,0.286
2185,32,1.732624e-03,1.1386,1.1847,0.308
2186,32,1.732355e-03,1.1897,1.1849,0.359
2187,32,1.732085e-03,1.1777,1.1846,0.308
2188,32,1.731815e-03,1.1553,1.1831,0.281
2189,32,1.731545e-03,1.2089,1.1844,0.463
2190,32,1.731275e-03,1.1941,1.1849,0.299
2191,32,1.731005e-03,1.1625,1.1838,0.415
2192,32,1.730735e-03,1.0861,1.1789,0.294
2193,32,1.730464e-03,1.1981,1.1798,0.306
2194,32,1.730194e-03,1.2023,1.1810,0.259
2195,32,1.729923e-03,1.1774,1.1808,0.265
2196,32,1.729652e-03,1.1552,1.1795,0.298
2197,32,1.729382e-03,1.1704,1.1790,0.309
2198,32,1.729111e-03,1.1137,1.1758,0.319
2199,32,1.728839e-03,1.1911,1.1765,0.350
2200,32,1.728568e-03,1.1748,1.1765,0.257
2201,32,1.728297e-03,1.1876,1.1770,0.244
2202,32,1.728025e-03,1.1389,1.1751,0.273
2203,32,1.727754e-03,1.1824,1.1755,0.340
2204,32,1.727482e-03,1.1695,1.1752,0.299
2205,32,1.727210e-03,1.1619,1.1745,0.237
2206,32,1.726939e-03,1.2146,1.1765,0.470
2207,32,1.726667e-03,1.1645,1.1759,0.279
2208,32,1.726395e-03,1.1644,1.1753,0.254
2209,32,1.726122e-03,1.1458,1.1739,0.306
2210,32,1.725850e-03,1.1676,1.1736,0.286
2211,32,1.725577e-03,1.1169,1.1707,0.293
2212,32,1.725305e-03,1.1710,1.1707,0.314
2213,32,1.725032e-03,1.2126,1.1728,0.254
2214,32,1.724759e-03,1.2106,1.1747,0.368
2215,32,1.724487e-03,1.2536,1.1787,0.443
2216,32,1.724214e-03,1.1890,1.1792,0.267
2217,32,1.723940e-03,1.1721,1.1788,0.374
2218,32,1.723667e-03,1.1534,1.1776,0.254
2219,32,1.723394e-03,1.2006,1.1787,0.300
2220,32,1.723120e-03,1.2124,1.1804,0.311
2221,32,1.722847e-03,1.1652,1.1796,0.540
2222,32,1.722573e-03,1.1320,1.1772,0.264
2223,32,1.722299e-03,1.1817,1.1775,0.255
2224,32,1.722025e-03,1.1187,1.1745,0.227
2225,32,1.721751e-03,1.2121,1.1764,0.272
2226,32,1.721477e-03,1.1749,1.1763,0.289
2227,32,1.721203e-03,1.2093,1.1780,0.365
2228,32,1.720929e-03,1.1217,1.1752,0.277
2229,32,1.720654e-03,1.1648,1.1747,0.283
2230,32,1.720380e-03,1.2384,1.1778,0.479
2231,32,1.720105e-03,1.1757,1.1777,0.278
2232,32,1.719830e-03,1.1963,1.1787,0.253
2233,32,1.719555e-03,1.1836,1.1789,0.269
2234,32,1.719280e-03,1.1585,1.1779,0.161
2235,32,1.719005e-03,1.1850,1.1782,0.222
2236,32,1.718730e-03,1.2017,1.1794,0.301
2237,32,1.718455e-03,1.1926,1.1801,0.281
2238,32,1.718179e-03,1.1420,1.1782,0.300
2239,32,1.717903e-03,1.1531,1.1769,0.300
2240,32,1.717628e-03,1.1617,1.1762,0.252
2241,32,1.717352e-03,1.1346,1.1741,0.215
2242,32,1.717076e-03,1.1202,1.1714,0.171
2243,32,1.716800e-03,1.2266,1.1742,0.291
2244,32,1.716524e-03,1.1938,1.1751,0.292
2245,32,1.716248e-03,1.1554,1.1741,0.246
2246,32,1.715971e-03,1.1332,1.1721,0.191
2247,32,1.715695e-03,1.1534,1.1712,0.175
2248,32,1.715418e-03,1.1646,1.1708,0.212
2249,32,1.715142e-03,1.1271,1.1686,0.146
2250,32,1.714865e-03,1.2200,1.1712,0.263
2251,32,1.714588e-03,1.1560,1.1705,0.189
2252,32,1.714311e-03,1.1608,1.1700,0.303
2253,32,1.714034e-03,1.1714,1.1700,0.301
2254,32,1.713756e-03,1.1787,1.1705,0.262
2255,32,1.713479e-03,1.1309,1.1685,0.220
2256,32,1.713202e-03,1.1454,1.1673,0.195
2257,32,1.712924e-03,1.1102,1.1645,0.130
2258,32,1.712646e-03,1.1084,1.1617,0.142
2259,32,1.712369e-03,1.1504,1.1611,0.311
2260,32,1.712091e-03,1.1278,1.1595,0.180
2261,32,1.711813e-03,1.1393,1.1584,0.182
2262,32,1.711535e-03,1.1243,1.1567,0.175
2263,32,1.711256e-03,1.1495,1.1564,0.278
2264,32,1.710978e-03,1.1218,1.1547,0.172
2265,32,1.710700e-03,1.2054,1.1572,0.194
2266,32,1.710421e-03,1.1074,1.1547,0.132
2267,32,1.710142e-03,1.1488,1.1544,0.163
2268,32,1.709863e-03,1.1727,1.1553,0.324
2269,32,1.709585e-03,1.1550,1.1553,0.177
2270,32,1.709306e-03,1.1843,1.1568,0.197
2271,32,1.709026e-03,1.1996,1.1589,0.282
2272,32,1.708747e-03,1.1369,1.1578,0.236
2273,32,1.708468e-03,1.1573,1.1578,0.203
2274,32,1.708188e-03,1.1850,1.1591,0.274
2275,32,1.707909e-03,1.1489,1.1586,0.268
2276,32,1.707629e-03,1.1991,1.1607,0.285
2277,32,1.707349e-03,1.1307,1.1592,0.156
2278,32,1.707070e-03,1.1019,1.1563,0.132
2279,32,1.706790e-03,1.1141,1.1542,0.143
2280,32,1.706510e-03,1.0950,1.1512,0.121
2281,32,1.706229e-03,1.1109,1.1492,0.140
2282,32,1.705949e-03,1.1523,1.1494,0.186
2283,32,1.705669e-03,1.1732,1.1506,0.140
2284,32,1.705388e-03,1.1433,1.1502,0.093
2285,32,1.705107e-03,1.1647,1.1509,0.112
2286,32,1.704827e-03,1.1551,1.1511,0.332
2287,32,1.704546e-03,1.1617,1.1517,0.339
2288,32,1.704265e-03,1.1023,1.1492,0.132
2289,32,1.703984e-03,1.1147,1.1475,0.136
2290,32,1.703703e-03,1.1714,1.1487,0.191
2291,32,1.703421e-03,1.1275,1.1476,0.152
2292,32,1.703140e-03,1.1616,1.1483,0.184
2293,32,1.702858e-03,1.1532,1.1485,0.131
2294,32,1.702577e-03,1.1102,1.1466,0.124
2295,32,1.702295e-03,1.1808,1.1483,0.167
2296,32,1.702013e-03,1.1834,1.1501,0.147
2297,32,1.701731e-03,1.1940,1.1523,0.139
2298,32,1.701449e-03,1.1798,1.1537,0.134
2299,32,1.701167e-03,1.1976,1.1559,0.103
2300,32,1.700885e-03,1.1911,1.1576,0.367
2301,32,1.700602e-03,1.1333,1.1564,0.101
2302,32,1.700320e-03,1.1482,1.1560,0.159
2303,32,1.700037e-03,1.1324,1.1548,0.124
2304,32,1.699754e-03,1.1376,1.1540,0.114
2305,32,1.699472e-03,1.1568,1.1541,0.107
2306,32,1.699189e-03,1.1510,1.1539,0.131
2307,32,1.698906e-03,1.2025,1.1564,0.334
2308,32,1.698623e-03,1.1230,1.1547,0.138
2309,32,1.698339e-03,1.1079,1.1524,0.114
2310,32,1.698056e-03,1.1383,1.1517,0.143
2311,32,1.697772e-03,1.1084,1.1495,0.125
2312,32,1.697489e-03,1.1533,1.1497,0.109
2313,32,1.697205e-03,1.1246,1.1484,0.091
2314,32,1.696921e-03,1.1513,1.1486,0.149
2315,32,1.696638e-03,1.1143,1.1469,0.102
2316,32,1.696353e-03,1.1476,1.1469,0.131
2317,32,1.696069e-03,1.1611,1.1476,0.160
2318,32,1.695785e-03,1.1794,1.1492,0.156
2319,32,1.695501e-03,1.1812,1.1508,0.327
2320,32,1.695216e-03,1.1641,1.1515,0.110
2321,32,1.694932e-03,1.1607,1.1519,0.170
2322,32,1.694647e-03,1.1234,1.1505,0.119
2323,32,1.694362e-03,1.1083,1.1484,0.122
2324,32,1.694078e-03,1.1805,1.1500,0.149
2325,32,1.693793e-03,1.1479,1.1499,0.113
2326,32,1.693508e-03,1.1060,1.1477,0.106
2327,32,1.693222e-03,1.0983,1.1452,0.095
2328,32,1.692937e-03,1.1862,1.1473,0.337
2329,32,1.692652e-03,1.2003,1.1499,0.154
2330,32,1.692366e-03,1.1373,1.1493,0.101
2331,32,1.692081e-03,1.1321,1.1484,0.077
2332,32,1.691795e-03,1.1773,1.1499,0.163
2333,32,1.691509e-03,1.1477,1.1498,0.163
2334,32,1.691223e-03,1.1590,1.1502,0.128
2335,32,1.690937e-03,1.1217,1.1488,0.110
2336,32,1.690651e-03,1.1127,1.1470,0.134
2337,32,1.690365e-03,1.0948,1.1444,0.076
2338,32,1.690078e-03,1.1408,1.1442,0.100
2339,32,1.689792e-03,1.1015,1.1421,0.098
2340,32,1.689505e-03,1.1263,1.1413,0.103
2341,32,1.689219e-03,1.1730,1.1429,0.106
2342,32,1.688932e-03,1.1524,1.1434,0.109
2343,32,1.688645e-03,1.1268,1.1425,0.104
2344,32,1.688358e-03,1.1048,1.1406,0.108
2345,32,1.688071e-03,1.1365,1.1404,0.089
2346,32,1.687784e-03,1.1008,1.1384,0.092
2347,32,1.687496e-03,1.1251,1.1378,0.138
2348,32,1.687209e-03,1.1242,1.1371,0.140
2349,32,1.686921e-03,1.1246,1.1365,0.123
2350,32,1.686634e-03,1.1144,1.1354,0.129
2351,32,1.686346e-03,1.1147,1.1343,0.114
2352,32,1.686058e-03,1.1573,1.1355,0.150
2353,32,1.685770e-03,1.1064,1.1340,0.096
2354,32,1.685482e-03,1.0893,1.1318,0.096
2355,32,1.685194e-03,1.0849,1.1295,0.086
2356,32,1.684906e-03,1.1681,1.1314,0.096
2357,32,1.684617e-03,1.1114,1.1304,0.088
2358,32,1.684329e-03,1.0561,1.1267,0.102
2359,32,1.684040e-03,1.1351,1.1271,0.107
2360,32,1.683751e-03,1.1858,1.1300,0.128
2361,32,1.683463e-03,1.1413,1.1306,0.091
2362,32,1.683174e-03,1.0525,1.1267,0.102
2363,32,1.682885e-03,1.1309,1.1269,0.099
2364,32,1.682596e-03,1.1103,1.1261,0.122
2365,32,1.682306e-03,1.1550,1.1275,0.099
2366,32,1.682017e-03,1.1350,1.1279,0.081
2367,32,1.681728e-03,1.0998,1.1265,0.109
2368,32,1.681438e-03,1.1996,1.1301,0.148
2369,32,1.681148e-03,1.1674,1.1320,0.095
2370,32,1.680859e-03,1.1054,1.1307,0.099
2371,32,1.680569e-03,1.1186,1.1301,0.099
2372,32,1.680279e-03,1.1749,1.1323,0.105
2373,32,1.679989e-03,1.1250,1.1319,0.094
2374,32,1.679699e-03,1.1308,1.1319,0.110
2375,32,1.679408e-03,1.1090,1.1307,0.080
2376,32,1.679118e-03,1.1688,1.1326,0.127
2377,32,1.678828e-03,1.0830,1.1302,0.077
2378,32,1.678537e-03,1.1329,1.1303,0.097
2379,32,1.678246e-03,1.1403,1.1308,0.096
2380,32,1.677955e-03,1.0801,1.1283,0.133
2381,32,1.677665e-03,1.1544,1.1296,0.094
2382,32,1.677374e-03,1.1333,1.1298,0.089
2383,32,1.677082e-03,1.1259,1.1296,0.110
2384,32,1.676791e-03,1.0838,1.1273,0.107
2385,32,1.676500e-03,1.1349,1.1277,0.118
2386,32,1.676209e-03,1.1536,1.1290,0.150
2387,32,1.675917e-03,1.1360,1.1293,0.101
2388,32,1.675625e-03,1.1453,1.1301,0.112
2389,32,1.675334e-03,1.1723,1.1322,0.105
2390,32,1.675042e-03,1.0923,1.1302,0.110
2391,32,1.674750e-03,1.1671,1.1321,0.098
2392,32,1.674458e-03,1.1520,1.1331,0.091
2393,32,1.674166e-03,1.1238,1.1326,0.105
2394,32,1.673873e-03,1.1181,1.1319,0.083
2395,32,1.673581e-03,1.1343,1.1320,0.092
2396,32,1.673289e-03,1.2964,1.1402,0.954
2397,32,1.672996e-03,1.0943,1.1379,0.125
2398,32,1.672703e-03,1.1050,1.1363,0.121
2399,32,1.672411e-03,1.1258,1.1358,0.142
2400,32,1.672118e-03,1.0681,1.1324,0.130
2401,32,1.671825e-03,1.1360,1.1326,0.141
2402,32,1.671532e-03,1.1345,1.1327,0.131
2403,32,1.671238e-03,1.1185,1.1319,0.133
2404,32,1.670945e-03,1.1250,1.1316,0.075
2405,32,1.670652e-03,1.1550,1.1328,0.107
2406,32,1.670358e-03,1.2424,1.1383,0.906
2407,32,1.670065e-03,1.1257,1.1376,0.138
2408,32,1.669771e-03,1.1533,1.1384,0.172
2409,32,1.669477e-03,1.1498,1.1390,0.112
2410,32,1.669183e-03,1.0780,1.1359,0.159
2411,32,1.668889e-03,1.1448,1.1364,0.135
2412,32,1.668595e-03,1.1672,1.1379,0.120
2413,32,1.668301e-03,1.1436,1.1382,0.089
2414,32,1.668007e-03,1.0992,1.1363,0.103
2415,32,1.667712e-03,1.1607,1.1375,0.091
2416,32,1.667418e-03,1.1274,1.1370,0.099
2417,32,1.667123e-03,1.1063,1.1354,0.154
2418,32,1.666828e-03,1.1784,1.1376,0.760
2419,32,1.666533e-03,1.0824,1.1348,0.157
2420,32,1.666238e-03,1.1702,1.1366,0.129
2421,32,1.665943e-03,1.1779,1.1387,0.163
2422,32,1.665648e-03,1.1523,1.1393,0.174
2423,32,1.665353e-03,1.0991,1.1373,0.140
2424,32,1.665058e-03,1.1294,1.1369,0.108
2425,32,1.664762e-03,1.1534,1.1378,0.100
2426,32,1.664467e-03,1.2261,1.1422,0.750
2427,32,1.664171e-03,1.1654,1.1433,0.121
2428,32,1.663875e-03,1.1452,1.1434,0.148
2429,32,1.663579e-03,1.1171,1.1421,0.163
2430,32,1.663283e-03,1.1169,1.1409,0.104
2431,32,1.662987e-03,1.1112,1.1394,0.120
2432,32,1.662691e-03,1.1482,1.1398,0.121
2433,32,1.662395e-03,1.1382,1.1397,0.109
2434,32,1.662099e-03,1.1965,1.1426,0.107
2435,32,1.661802e-03,1.2308,1.1470,0.648
2436,32,1.661506e-03,1.1032,1.1448,0.153
2437,32,1.661209e-03,1.1762,1.1464,0.132
2438,32,1.660912e-03,1.1488,1.1465,0.148
2439,32,1.660615e-03,1.1380,1.1461,0.155
2440,32,1.660318e-03,1.1519,1.1464,0.149
2441,32,1.660021e-03,1.1728,1.1477,0.110
2442,32,1.659724e-03,1.1449,1.1475,0.119
2443,32,1.659427e-03,1.2005,1.1502,0.636
2444,32,1.659129e-03,1.1763,1.1515,0.527
2445,32,1.658832e-03,1.1673,1.1523,0.152
2446,32,1.658534e-03,1.1690,1.1531,0.144
2447,32,1.658237e-03,1.1666,1.1538,0.168
2448,32,1.657939e-03,1.0787,1.1500,0.157
2449,32,1.657641e-03,1.1622,1.1507,0.105
2450,32,1.657343e-03,1.1004,1.1481,0.123
2451,32,1.657045e-03,1.1295,1.1472,0.135
2452,32,1.656747e-03,1.0793,1.1438,0.199
2453,32,1.656448e-03,1.1649,1.1449,0.135
2454,32,1.656150e-03,1.1322,1.1442,0.107
2455,32,1.655851e-03,1.1516,1.1446,0.088
2456,32,1.655553e-03,1.1114,1.1429,0.116
2457,32,1.655254e-03,1.1414,1.1429,0.551
2458,32,1.654955e-03,1.1618,1.1438,0.550
2459,32,1.654656e-03,1.1901,1.1461,0.166
2460,32,1.654357e-03,1.1339,1.1455,0.191
2461,32,1.654058e-03,1.1118,1.1438,0.139
2462,32,1.653759e-03,1.1095,1.1421,0.122
2463,32,1.653460e-03,1.1427,1.1421,0.113
2464,32,1.653160e-03,1.1668,1.1434,0.144
2465,32,1.652861e-03,1.1008,1.1412,0.149
2466,32,1.652561e-03,1.1595,1.1422,0.093
2467,32,1.652262e-03,1.1840,1.1442,0.678
2468,32,1.651962e-03,1.1416,1.1441,0.460
2469,32,1.651662e-03,1.1585,1.1448,0.146
2470,32,1.651362e-03,1.1348,1.1443,0.140
2471,32,1.651062e-03,1.1595,1.1451,0.130
2472,32,1.650762e-03,1.0543,1.1406,0.145
2473,32,1.650461e-03,1.1707,1.1421,0.114
2474,32,1.650161e-03,1.1633,1.1431,0.128
2475,32,1.649860e-03,1.0937,1.1407,0.134
2476,32,1.649560e-03,1.1137,1.1393,0.128
2477,32,1.649259e-03,1.1400,1.1393,0.111
2478,32,1.648958e-03,1.1175,1.1382,0.109
2479,32,1.648657e-03,1.1412,1.1384,0.129
2480,32,1.648356e-03,1.2227,1.1426,0.597
2481,32,1.648055e-03,1.1659,1.1438,0.422
2482,32,1.647754e-03,1.1171,1.1424,0.178
2483,32,1.647453e-03,1.1267,1.1417,0.212
2484,32,1.647151e-03,1.1433,1.1417,0.197
2485,32,1.646850e-03,1.1293,1.1411,0.122
2486,32,1.646548e-03,1.1376,1.1409,0.098
2487,32,1.646246e-03,1.1232,1.1401,0.105
2488,32,1.645945e-03,1.1194,1.1390,0.100
2489,32,1.645643e-03,1.1414,1.1391,0.127
2490,32,1.645341e-03,1.1570,1.1400,0.526
2491,32,1.645039e-03,1.0813,1.1371,0.348
2492,32,1.644736e-03,1.1543,1.1380,0.138
2493,32,1.644434e-03,1.1481,1.1385,0.196
2494,32,1.644132e-03,1.1463,1.1389,0.116
2495,32,1.643829e-03,1.1817,1.1410,0.101
2496,32,1.643527e-03,1.1262,1.1403,0.128
2497,32,1.643224e-03,1.1615,1.1413,0.136
2498,32,1.642921e-03,1.2066,1.1446,0.530
2499,32,1.642618e-03,1.1389,1.1443,0.197
2500,32,1.642315e-03,1.1772,1.1460,0.121
2501,32,1.642012e-03,1.0917,1.1432,0.198
2502,32,1.641709e-03,1.1386,1.1430,0.187
2503,32,1.641406e-03,1.1880,1.1453,0.420
2504,32,1.641102e-03,1.1400,1.1450,0.358
2505,32,1.640799e-03,1.1723,1.1464,0.176
2506,32,1.640495e-03,1.1315,1.1456,0.226
2507,32,1.640192e-03,1.1849,1.1476,0.119
2508,32,1.639888e-03,1.1841,1.1494,0.138
2509,32,1.639584e-03,1.0924,1.1466,0.195
2510,32,1.639280e-03,1.1213,1.1453,0.173
2511,32,1.638976e-03,1.1565,1.1459,0.440
2512,32,1.638672e-03,1.1455,1.1458,0.132
2513,32,1.638368e-03,1.1295,1.1450,0.188
2514,32,1.638063e-03,1.1551,1.1455,0.475
2515,32,1.637759e-03,1.1373,1.1451,0.185
2516,32,1.637454e-03,1.1162,1.1437,0.143
2517,32,1.637149e-03,1.1658,1.1448,0.150
2518,32,1.636845e-03,1.1005,1.1426,0.172
2519,32,1.636540e-03,1.1421,1.1425,0.389
2520,32,1.636235e-03,1.1869,1.1448,0.420
2521,32,1.635930e-03,1.1119,1.1431,0.208
2522,32,1.635625e-03,1.1393,1.1429,0.153
2523,32,1.635319e-03,1.0926,1.1404,0.203
2524,32,1.635014e-03,1.1276,1.1398,0.174
2525,32,1.634709e-03,1.1392,1.1397,0.149
2526,32,1.634403e-03,1.1192,1.1387,0.148
2527,32,1.634098e-03,1.1397,1.1388,0.397
2528,32,1.633792e-03,1.1310,1.1384,0.346
2529,32,1.633486e-03,1.1232,1.1376,0.191
2530,32,1.633180e-03,1.1476,1.1381,0.157
2531,32,1.632874e-03,1.1471,1.1386,0.127
2532,32,1.632568e-03,1.1836,1.1408,0.151
2533,32,1.632262e-03,1.1400,1.1408,0.137
2534,32,1.631955e-03,1.1786,1.1427,0.531
2535,32,1.631649e-03,1.1482,1.1429,0.198
2536,32,1.631342e-03,1.1487,1.1432,0.114
2537,32,1.631036e-03,1.1087,1.1415,0.185
2538,32,1.630729e-03,1.1797,1.1434,0.401
2539,32,1.630422e-03,1.0891,1.1407,0.160
2540,32,1.630115e-03,1.1622,1.1418,0.161
2541,32,1.629808e-03,1.0888,1.1391,0.173
2542,32,1.629501e-03,1.0963,1.1370,0.289
2543,32,1.629194e-03,1.1000,1.1351,0.288
2544,32,1.628887e-03,1.0972,1.1332,0.225
2545,32,1.628580e-03,1.1071,1.1319,0.156
2546,32,1.628272e-03,1.1411,1.1324,0.143
2547,32,1.627965e-03,1.1237,1.1320,0.167
2548,32,1.627657e-03,1.1332,1.1320,0.371
2549,32,1.627349e-03,1.1732,1.1341,0.370
2550,32,1.627041e-03,1.1423,1.1345,0.164
2551,32,1.626733e-03,1.2037,1.1379,0.153
2552,32,1.626425e-03,1.1170,1.1369,0.162
2553,32,1.626117e-03,1.1351,1.1368,0.162
2554,32,1.625809e-03,1.1428,1.1371,0.170
2555,32,1.625501e-03,1.1493,1.1377,0.133
2556,32,1.625192e-03,1.1217,1.1369,0.119
2557,32,1.624884e-03,1.1804,1.1391,0.437
2558,32,1.624575e-03,1.1310,1.1387,0.362
2559,32,1.624266e-03,1.1350,1.1385,0.165
2560,32,1.623957e-03,1.1043,1.1368,0.214
2561,32,1.623649e-03,1.1389,1.1369,0.155
2562,32,1.623340e-03,1.1216,1.1361,0.148
2563,32,1.623030e-03,1.1756,1.1381,0.335
2564,32,1.622721e-03,1.1793,1.1402,0.364
2565,32,1.622412e-03,1.1251,1.1394,0.199
2566,32,1.622103e-03,1.1902,1.1419,0.166
2567,32,1.621793e-03,1.1339,1.1415,0.188
2568,32,1.621483e-03,1.1546,1.1422,0.190
2569,32,1.621174e-03,1.1352,1.1418,0.181
2570,32,1.620864e-03,1.1801,1.1438,0.373
2571,32,1.620554e-03,1.1692,1.1450,0.318
2572,32,1.620244e-03,1.1494,1.1452,0.181
2573,32,1.619934e-03,1.1135,1.1437,0.175
2574,32,1.619624e-03,1.1510,1.1440,0.155
2575,32,1.619314e-03,1.1304,1.1433,0.179
2576,32,1.619003e-03,1.1210,1.1422,0.359
2577,32,1.618693e-03,1.1661,1.1434,0.347
2578,32,1.618382e-03,1.1662,1.1446,0.155
2579,32,1.618072e-03,1.1462,1.1446,0.120
2580,32,1.617761e-03,1.0911,1.1420,0.235
2581,32,1.617450e-03,1.0983,1.1398,0.208
2582,32,1.617139e-03,1.1669,1.1411,0.160
2583,32,1.616828e-03,1.1580,1.1420,0.312
2584,32,1.616517e-03,1.1763,1.1437,0.381
2585,32,1.616206e-03,1.1824,1.1456,0.148
2586,32,1.615895e-03,1.1183,1.1443,0.213
2587,32,1.615584e-03,1.1872,1.1464,0.356
2588,32,1.615272e-03,1.1333,1.1458,0.167
2589,32,1.614960e-03,1.1165,1.1443,0.170
2590,32,1.614649e-03,1.1222,1.1432,0.220
2591,32,1.614337e-03,1.0804,1.1401,0.217
2592,32,1.614025e-03,1.1286,1.1395,0.397
2593,32,1.613713e-03,1.1354,1.1393,0.360
2594,32,1.613401e-03,1.1021,1.1374,0.230
2595,32,1.613089e-03,1.1330,1.1372,0.183
2596,32,1.612777e-03,1.1903,1.1399,0.161
2597,32,1.612465e-03,1.1079,1.1383,0.162
2598,32,1.612152e-03,1.1019,1.1364,0.321
2599,32,1.611840e-03,1.1267,1.1360,0.279
2600,32,1.611527e-03,1.1465,1.1365,0.216
2601,32,1.611214e-03,1.1378,1.1365,0.190
2602,32,1.610902e-03,1.1236,1.1359,0.162
2603,32,1.610589e-03,1.1351,1.1359,0.307
2604,32,1.610276e-03,1.1216,1.1351,0.322
2605,32,1.609963e-03,1.1101,1.1339,0.182
2606,32,1.609650e-03,1.1333,1.1339,0.187
2607,32,1.609336e-03,1.1169,1.1330,0.204
2608,32,1.609023e-03,1.1168,1.1322,0.185
2609,32,1.608710e-03,1.1986,1.1355,0.295
2610,32,1.608396e-03,1.1347,1.1355,0.341
2611,32,1.608082e-03,1.0959,1.1335,0.196
2612,32,1.607769e-03,1.1691,1.1353,0.176
2613,32,1.607455e-03,1.1690,1.1370,0.158
2614,32,1.607141e-03,1.1460,1.1374,0.173
2615,32,1.606827e-03,1.1781,1.1395,0.463
2616,32,1.606513e-03,1.1303,1.1390,0.238
2617,32,1.606199e-03,1.1381,1.1390,0.190
2618,32,1.605884e-03,1.1276,1.1384,0.200
2619,32,1.605570e-03,1.1124,1.1371,0.192
2620,32,1.605256e-03,1.1198,1.1362,0.216
2621,32,1.604941e-03,1.1829,1.1386,0.301
2622,32,1.604626e-03,1.2024,1.1417,0.308
2623,32,1.604312e-03,1.1384,1.1416,0.214
2624,32,1.603997e-03,1.1547,1.1422,0.189
2625,32,1.603682e-03,1.1121,1.1407,0.199
2626,32,1.603367e-03,1.1693,1.1422,0.337
2627,32,1.603052e-03,1.0643,1.1383,0.210
2628,32,1.602737e-03,1.1257,1.1376,0.195
2629,32,1.602421e-03,1.1507,1.1383,0.213
2630,32,1.602106e-03,1.0983,1.1363,0.239
2631,32,1.601791e-03,1.1017,1.1346,0.237
2632,32,1.601475e-03,1.0826,1.1320,0.224
2633,32,1.601159e-03,1.1871,1.1347,0.299
2634,32,1.600844e-03,1.1451,1.1352,0.181
2635,32,1.600528e-03,1.1514,1.1360,0.115
2636,32,1.600212e-03,1.1639,1.1374,0.157
2637,32,1.599896e-03,1.1319,1.1372,0.218
2638,32,1.599580e-03,1.1106,1.1358,0.186
2639,32,1.599263e-03,1.1417,1.1361,0.235
2640,32,1.598947e-03,1.1125,1.1349,0.287
2641,32,1.598631e-03,1.0817,1.1323,0.234
2642,32,1.598314e-03,1.1215,1.1317,0.193
2643,32,1.597998e-03,1.1771,1.1340,0.206
2644,32,1.597681e-03,1.1001,1.1323,0.179
2645,32,1.597364e-03,1.1128,1.1313,0.197
2646,32,1.597047e-03,1.1410,1.1318,0.283
2647,32,1.596731e-03,1.1343,1.1319,0.221
2648,32,1.596414e-03,1.2087,1.1358,0.257
2649,32,1.596096e-03,1.0807,1.1330,0.235
2650,32,1.595779e-03,1.1308,1.1329,0.181
2651,32,1.595462e-03,1.1066,1.1316,0.233
2652,32,1.595145e-03,1.1470,1.1324,0.311
2653,32,1.594827e-03,1.1018,1.1308,0.231
2654,32,1.594509e-03,1.1283,1.1307,0.262
2655,32,1.594192e-03,1.1508,1.1317,0.164
2656,32,1.593874e-03,1.1600,1.1331,0.191
2657,32,1.593556e-03,1.1585,1.1344,0.251
2658,32,1.593238e-03,1.1315,1.1343,0.369
2659,32,1.592920e-03,1.1445,1.1348,0.514
2660,32,1.592602e-03,1.1119,1.1336,0.274
2661,32,1.592284e-03,1.1405,1.1340,0.273
2662,32,1.591966e-03,1.1175,1.1331,0.208
2663,32,1.591647e-03,1.1650,1.1347,0.226
2664,32,1.591329e-03,1.1520,1.1356,0.265
2665,32,1.591010e-03,1.1110,1.1344,0.283
2666,32,1.590692e-03,1.1252,1.1339,0.166
2667,32,1.590373e-03,1.1645,1.1354,0.237
2668,32,1.590054e-03,1.1162,1.1345,0.469
2669,32,1.589735e-03,1.1460,1.1350,0.154
2670,32,1.589416e-03,1.1524,1.1359,0.214
2671,32,1.589097e-03,1.1609,1.1372,0.163
2672,32,1.588778e-03,1.1418,1.1374,0.200
2673,32,1.588459e-03,1.1342,1.1372,0.240
2674,32,1.588139e-03,1.1034,1.1355,0.146
2675,32,1.587820e-03,1.0863,1.1331,0.101
2676,32,1.587500e-03,1.1240,1.1326,0.163
2677,32,1.587181e-03,1.1121,1.1316,0.124
2678,32,1.586861e-03,1.1227,1.1312,0.257
2679,32,1.586541e-03,1.1718,1.1332,0.220
2680,32,1.586221e-03,1.1783,1.1354,0.190
2681,32,1.585901e-03,1.1275,1.1350,0.172
2682,32,1.585581e-03,1.1051,1.1336,0.140
2683,32,1.585261e-03,1.1280,1.1333,0.148
2684,32,1.584941e-03,1.1062,1.1319,0.264
2685,32,1.584620e-03,1.1146,1.1311,0.141
2686,32,1.584300e-03,1.1342,1.1312,0.282
2687,32,1.583979e-03,1.1826,1.1338,0.226
2688,32,1.583659e-03,1.2005,1.1371,0.231
2689,32,1.583338e-03,1.1190,1.1362,0.230
2690,32,1.583017e-03,1.0966,1.1342,0.130
2691,32,1.582696e-03,1.1825,1.1366,0.528
2692,32,1.582375e-03,1.1068,1.1352,0.342
2693,32,1.582054e-03,1.0904,1.1329,0.318
2694,32,1.581733e-03,1.0985,1.1312,0.333
2695,32,1.581412e-03,1.1081,1.1300,0.108
2696,32,1.581090e-03,1.1293,1.1300,0.124
2697,32,1.580769e-03,1.0935,1.1282,0.124
2698,32,1.580448e-03,1.1421,1.1289,0.435
2699,32,1.580126e-03,1.1334,1.1291,0.134
2700,32,1.579804e-03,1.1347,1.1294,0.309
2701,32,1.579482e-03,1.1800,1.1319,0.173
2702,32,1.579161e-03,1.1482,1.1327,0.140
2703,32,1.578839e-03,1.1100,1.1316,0.267
2704,32,1.578517e-03,1.1668,1.1334,0.142
2705,32,1.578194e-03,1.1099,1.1322,0.108
2706,32,1.577872e-03,1.1361,1.1324,0.278
2707,32,1.577550e-03,1.1369,1.1326,0.427
2708,32,1.577228e-03,1.1362,1.1328,0.353
2709,32,1.576905e-03,1.1510,1.1337,0.280
2710,32,1.576583e-03,1.1746,1.1357,0.267
2711,32,1.576260e-03,1.1052,1.1342,0.127
2712,32,1.575937e-03,1.1248,1.1337,0.103
2713,32,1.575614e-03,1.1219,1.1332,0.123
2714,32,1.575291e-03,1.1728,1.1351,0.389
2715,32,1.574968e-03,1.1449,1.1356,0.269
2716,32,1.574645e-03,1.1496,1.1363,0.287
2717,32,1.574322e-03,1.1583,1.1374,0.284
2718,32,1.573999e-03,1.1205,1.1366,0.105
2719,32,1.573676e-03,1.1607,1.1378,0.107
2720,32,1.573352e-03,1.1486,1.1383,0.105
2721,32,1.573029e-03,1.1418,1.1385,0.388
2722,32,1.572705e-03,1.0717,1.1352,0.121
2723,32,1.572381e-03,1.1320,1.1350,0.287
2724,32,1.572058e-03,1.1241,1.1345,0.143
2725,32,1.571734e-03,1.1606,1.1358,0.152
2726,32,1.571410e-03,1.0872,1.1333,0.093
2727,32,1.571086e-03,1.0842,1.1309,0.111
2728,32,1.570762e-03,1.1007,1.1294,0.076
2729,32,1.570437e-03,1.1120,1.1285,0.104
2730,32,1.570113e-03,1.1799,1.1311,0.375
2731,32,1.569789e-03,1.0778,1.1284,0.313
2732,32,1.569464e-03,1.1139,1.1277,0.301
2733,32,1.569140e-03,1.1228,1.1274,0.306
2734,32,1.568815e-03,1.1521,1.1287,0.112
2735,32,1.568490e-03,1.1403,1.1293,0.092
2736,32,1.568165e-03,1.1284,1.1292,0.300
2737,32,1.567840e-03,1.1549,1.1305,0.090
2738,32,1.567515e-03,1.0954,1.1287,0.318
2739,32,1.567190e-03,1.1541,1.1300,0.112
2740,32,1.566865e-03,1.1781,1.1324,0.273
2741,32,1.566540e-03,1.1284,1.1322,0.319
2742,32,1.566215e-03,1.0840,1.1298,0.269
2743,32,1.565889e-03,1.1353,1.1301,0.124
2744,32,1.565564e-03,1.1566,1.1314,0.116
2745,32,1.565238e-03,1.1182,1.1307,0.322
2746,32,1.564912e-03,1.1908,1.1337,0.248
2747,32,1.564587e-03,1.1460,1.1344,0.374
2748,32,1.564261e-03,1.1512,1.1352,0.328
2749,32,1.563935e-03,1.1493,1.1359,0.116
2750,32,1.563609e-03,1.1947,1.1388,0.107
2751,32,1.563283e-03,1.1579,1.1398,0.093
2752,32,1.562956e-03,1.1051,1.1381,0.345
2753,32,1.562630e-03,1.1292,1.1376,0.276
2754,32,1.562304e-03,1.1507,1.1383,0.149
2755,32,1.561977e-03,1.1740,1.1401,0.424
2756,32,1.561651e-03,1.1185,1.1390,0.124
2757,32,1.561324e-03,1.1282,1.1384,0.081
2758,32,1.560997e-03,1.1442,1.1387,0.108
2759,32,1.560671e-03,1.1715,1.1404,0.266
2760,32,1.560344e-03,1.1562,1.1412,0.110
2761,32,1.560017e-03,1.1445,1.1413,0.131
2762,32,1.559690e-03,1.1627,1.1424,0.317
2763,32,1.559363e-03,1.1790,1.1442,0.109
2764,32,1.559035e-03,1.1184,1.1429,0.104
2765,32,1.558708e-03,1.1643,1.1440,0.358
2766,32,1.558381e-03,1.0879,1.1412,0.109
2767,32,1.558053e-03,1.1309,1.1407,0.118
2768,32,1.557726e-03,1.1485,1.1411,0.300
2769,32,1.557398e-03,1.1662,1.1423,0.109
2770,32,1.557070e-03,1.1348,1.1420,0.358
2771,32,1.556743e-03,1.1385,1.1418,0.106
2772,32,1.556415e-03,1.1960,1.1445,0.125
2773,32,1.556087e-03,1.1216,1.1433,0.269
2774,32,1.555759e-03,1.1402,1.1432,0.107
2775,32,1.555430e-03,1.1298,1.1425,0.087
2776,32,1.555102e-03,1.1307,1.1419,0.086
2777,32,1.554774e-03,1.1319,1.1414,0.085
2778,32,1.554446e-03,1.1471,1.1417,0.080
2779,32,1.554117e-03,1.1327,1.1413,0.298
2780,32,1.553788e-03,1.1321,1.1408,0.257
2781,32,1.553460e-03,1.1297,1.1402,0.285
2782,32,1.553131e-03,1.0891,1.1377,0.104
2783,32,1.552802e-03,1.1162,1.1366,0.115
2784,32,1.552473e-03,1.1277,1.1362,0.101
2785,32,1.552144e-03,1.1159,1.1352,0.371
2786,32,1.551815e-03,1.1331,1.1351,0.117
2787,32,1.551486e-03,1.2027,1.1384,0.404
2788,32,1.551157e-03,1.1597,1.1395,0.267
2789,32,1.550828e-03,1.1248,1.1388,0.101
2790,32,1.550498e-03,1.1386,1.1388,0.388
2791,32,1.550169e-03,1.1487,1.1393,0.092
2792,32,1.549839e-03,1.0903,1.1368,0.079
2793,32,1.549509e-03,1.1441,1.1372,0.103
2794,32,1.549180e-03,1.1178,1.1362,0.085
2795,32,1.548850e-03,1.1628,1.1375,0.396
2796,32,1.548520e-03,1.1600,1.1387,0.106
2797,32,1.548190e-03,1.1529,1.1394,0.129
2798,32,1.547860e-03,1.1270,1.1388,0.097
2799,32,1.547530e-03,1.1532,1.1395,0.126
2800,32,1.547200e-03,1.1531,1.1402,0.096
2801,32,1.546869e-03,1.1043,1.1384,0.147
2802,32,1.546539e-03,1.0926,1.1361,0.105
2803,32,1.546208e-03,1.1431,1.1364,0.087
2804,32,1.545878e-03,1.1195,1.1356,0.088
2805,32,1.545547e-03,1.1350,1.1356,0.284
2806,32,1.545216e-03,1.1100,1.1343,0.104
2807,32,1.544886e-03,1.1576,1.1354,0.230
2808,32,1.544555e-03,1.0949,1.1334,0.175
2809,32,1.544224e-03,1.0496,1.1292,0.149
2810,32,1.543893e-03,1.1060,1.1281,0.132
2811,32,1.543562e-03,1.1004,1.1267,0.219
2812,32,1.543230e-03,1.1180,1.1262,0.249
2813,32,1.542899e-03,1.1223,1.1260,0.099
2814,32,1.542568e-03,1.0847,1.1240,0.095
2815,32,1.542236e-03,1.0853,1.1220,0.088
2816,32,1.541905e-03,1.1408,1.1230,0.086
2817,32,1.541573e-03,1.1026,1.1220,0.075
2818,32,1.541241e-03,1.1099,1.1214,0.110
2819,32,1.540909e-03,1.0932,1.1199,0.221
2820,32,1.540578e-03,1.0878,1.1183,0.266
2821,32,1.540246e-03,1.1909,1.1220,0.132
2822,32,1.539914e-03,1.0815,1.1199,0.142
2823,32,1.539581e-03,1.1216,1.1200,0.143
2824,32,1.539249e-03,1.1173,1.1199,0.194
2825,32,1.538917e-03,1.1394,1.1209,0.145
2826,32,1.538585e-03,1.0844,1.1190,0.154
2827,32,1.538252e-03,1.1357,1.1199,0.226
2828,32,1.537920e-03,1.1513,1.1214,0.111
2829,32,1.537587e-03,1.1076,1.1208,0.118
2830,32,1.537254e-03,1.1766,1.1235,0.191
2831,32,1.536922e-03,1.1269,1.1237,0.135
2832,32,1.536589e-03,1.1239,1.1237,0.117
2833,32,1.536256e-03,1.1138,1.1232,0.204
2834,32,1.535923e-03,1.0938,1.1218,0.129
2835,32,1.535590e-03,1.0788,1.1196,0.091
2836,32,1.535256e-03,1.1096,1.1191,0.107
2837,32,1.534923e-03,1.0787,1.1171,0.091
2838,32,1.534590e-03,1.0863,1.1155,0.213
2839,32,1.534256e-03,1.1407,1.1168,0.217
2840,32,1.533923e-03,1.1362,1.1178,0.217
2841,32,1.533589e-03,1.1211,1.1179,0.135
2842,32,1.533256e-03,1.1175,1.1179,0.160
2843,32,1.532922e-03,1.0945,1.1167,0.125
2844,32,1.532588e-03,1.1426,1.1180,0.115
2845,32,1.532254e-03,1.1151,1.1179,0.102
2846,32,1.531920e-03,1.1191,1.1180,0.111
2847,32,1.531586e-03,1.1323,1.1187,0.117
2848,32,1.531252e-03,1.1002,1.1177,0.199
2849,32,1.530918e-03,1.1145,1.1176,0.213
2850,32,1.530583e-03,1.0796,1.1157,0.165
2851,32,1.530249e-03,1.1137,1.1156,0.174
2852,32,1.529915e-03,1.1361,1.1166,0.154
2853,32,1.529580e-03,1.1227,1.1169,0.170
2854,32,1.529245e-03,1.0845,1.1153,0.125
2855,32,1.528911e-03,1.1185,1.1155,0.092
2856,32,1.528576e-03,1.1018,1.1148,0.221
2857,32,1.528241e-03,1.1166,1.1149,0.212
2858,32,1.527906e-03,1.1028,1.1143,0.116
2859,32,1.527571e-03,1.1299,1.1150,0.117
2860,32,1.527236e-03,1.0998,1.1143,0.126
2861,32,1.526901e-03,1.1314,1.1151,0.209
2862,32,1.526566e-03,1.0995,1.1144,0.101
2863,32,1.526230e-03,1.1607,1.1167,0.091
2864,32,1.525895e-03,1.0837,1.1150,0.210
2865,32,1.525559e-03,1.1136,1.1150,0.182
2866,32,1.525224e-03,1.1181,1.1151,0.103
2867,32,1.524888e-03,1.0927,1.1140,0.179
2868,32,1.524552e-03,1.1148,1.1140,0.154
2869,32,1.524217e-03,1.0561,1.1111,0.214
2870,32,1.523881e-03,1.1205,1.1116,0.218
2871,32,1.523545e-03,1.1437,1.1132,0.202
2872,32,1.523209e-03,1.0830,1.1117,0.160
2873,32,1.522873e-03,1.0786,1.1100,0.185
2874,32,1.522536e-03,1.1124,1.1102,0.114
2875,32,1.522200e-03,1.1368,1.1115,0.117
2876,32,1.521864e-03,1.1517,1.1135,0.118
2877,32,1.521527e-03,1.1217,1.1139,0.171
2878,32,1.521191e-03,1.0987,1.1132,0.219
2879,32,1.520854e-03,1.0572,1.1104,0.140
2880,32,1.520517e-03,1.1268,1.1112,0.192
2881,32,1.520181e-03,1.1213,1.1117,0.091
2882,32,1.519844e-03,1.1241,1.1123,0.090
2883,32,1.519507e-03,1.1088,1.1121,0.128
2884,32,1.519170e-03,1.1174,1.1124,0.106
2885,32,1.518833e-03,1.1494,1.1142,0.115
2886,32,1.518496e-03,1.1078,1.1139,0.201
2887,32,1.518158e-03,1.1846,1.1175,0.251
2888,32,1.517821e-03,1.1217,1.1177,0.151
2889,32,1.517484e-03,1.0994,1.1167,0.118
2890,32,1.517146e-03,1.0821,1.1150,0.204
2891,32,1.516809e-03,1.1511,1.1168,0.083
2892,32,1.516471e-03,1.1186,1.1169,0.090
2893,32,1.516133e-03,1.1191,1.1170,0.195
2894,32,1.515796e-03,1.1000,1.1162,0.181
2895,32,1.515458e-03,1.1314,1.1169,0.073
2896,32,1.515120e-03,1.0919,1.1157,0.111
2897,32,1.514782e-03,1.1189,1.1159,0.115
2898,32,1.514444e-03,1.1439,1.1173,0.134
2899,32,1.514106e-03,1.0479,1.1138,0.128
2900,32,1.513767e-03,1.0602,1.1111,0.131
2901,32,1.513429e-03,1.1034,1.1107,0.174
2902,32,1.513091e-03,1.1046,1.1104,0.089
2903,32,1.512752e-03,1.0797,1.1089,0.179
2904,32,1.512414e-03,1.1189,1.1094,0.132
2905,32,1.512075e-03,1.1240,1.1101,0.154
2906,32,1.511736e-03,1.0572,1.1075,0.167
2907,32,1.511398e-03,1.1271,1.1084,0.130
2908,32,1.511059e-03,1.1306,1.1096,0.170
2909,32,1.510720e-03,1.1160,1.1099,0.134
2910,32,1.510381e-03,1.0781,1.1083,0.139
2911,32,1.510042e-03,1.0716,1.1065,0.120
2912,32,1.509703e-03,1.1032,1.1063,0.102
2913,32,1.509363e-03,1.1429,1.1081,0.211
2914,32,1.509024e-03,1.1480,1.1101,0.235
2915,32,1.508685e-03,1.0977,1.1095,0.113
2916,32,1.508345e-03,1.0556,1.1068,0.159
2917,32,1.508006e-03,1.0957,1.1062,0.108
2918,32,1.507666e-03,1.1482,1.1083,0.179
2919,32,1.507326e-03,1.0736,1.1066,0.133
2920,32,1.506987e-03,1.1393,1.1082,0.195
2921,32,1.506647e-03,1.0805,1.1069,0.158
2922,32,1.506307e-03,1.0943,1.1062,0.086
2923,32,1.505967e-03,1.1165,1.1067,0.104
2924,32,1.505627e-03,1.0930,1.1061,0.218
2925,32,1.505287e-03,1.1009,1.1058,0.133
2926,32,1.504946e-03,1.0857,1.1048,0.158
2927,32,1.504606e-03,1.1134,1.1052,0.118
2928,32,1.504266e-03,1.1005,1.1050,0.113
2929,32,1.503925e-03,1.1244,1.1060,0.183
2930,32,1.503585e-03,1.1004,1.1057,0.137
2931,32,1.503244e-03,1.1201,1.1064,0.153
2932,32,1.502903e-03,1.0751,1.1048,0.204
2933,32,1.502563e-03,1.1105,1.1051,0.136
2934,32,1.502222e-03,1.1446,1.1071,0.203
2935,32,1.501881e-03,1.1115,1.1073,0.212
2936,32,1.501540e-03,1.1135,1.1076,0.146
2937,32,1.501199e-03,1.4053,1.1225,1.973
2938,32,1.500858e-03,1.1459,1.1237,0.181
2939,32,1.500517e-03,1.0812,1.1215,0.205
2940,32,1.500175e-03,1.1249,1.1217,0.215
2941,32,1.499834e-03,1.1251,1.1219,0.216
2942,32,1.499492e-03,1.1467,1.1231,0.133
2943,32,1.499151e-03,1.3394,1.1339,1.831
2944,32,1.498809e-03,0.9945,1.1270,0.272
2945,32,1.498468e-03,1.0576,1.1235,0.255
2946,32,1.498126e-03,1.0825,1.1214,0.233
2947,32,1.497784e-03,1.1224,1.1215,0.160
2948,32,1.497442e-03,1.1501,1.1229,0.139
2949,32,1.497100e-03,1.0695,1.1203,0.170
2950,32,1.496758e-03,1.2901,1.1287,1.687
2951,32,1.496416e-03,1.2854,1.1366,1.220
2952,32,1.496074e-03,1.1866,1.1391,0.233
2953,32,1.495732e-03,1.1445,1.1394,0.293
2954,32,1.495389e-03,1.1468,1.1397,0.266
2955,32,1.495047e-03,1.0876,1.1371,0.308
2956,32,1.494705e-03,1.1308,1.1368,0.227
2957,32,1.494362e-03,1.0907,1.1345,0.186
2958,32,1.494019e-03,1.1088,1.1332,0.169
2959,32,1.493677e-03,1.1468,1.1339,0.147
2960,32,1.493334e-03,1.5038,1.1524,4.572
2961,32,1.492991e-03,1.1216,1.1508,0.225
2962,32,1.492648e-03,1.1040,1.1485,0.225
2963,32,1.492305e-03,1.0876,1.1455,0.222
2964,32,1.491962e-03,1.1447,1.1454,0.181
2965,32,1.491619e-03,2.1055,1.1934,9.513
2966,32,1.491276e-03,1.4409,1.2058,2.206
2967,32,1.490933e-03,1.1053,1.2008,0.242
2968,32,1.490589e-03,1.1674,1.1991,0.228
2969,32,1.490246e-03,1.1308,1.1957,0.275
2970,32,1.489902e-03,1.1697,1.1944,0.239
2971,32,1.489559e-03,1.0770,1.1885,0.283
2972,32,1.489215e-03,1.1405,1.1861,0.186
2973,32,1.488871e-03,1.4129,1.1975,2.983
2974,32,1.488527e-03,1.0884,1.1920,0.180
2975,32,1.488184e-03,1.1550,1.1902,0.230
2976,32,1.487840e-03,1.0858,1.1849,0.222
2977,32,1.487496e-03,1.2765,1.1895,1.566
2978,32,1.487152e-03,1.1475,1.1874,0.226
2979,32,1.486807e-03,1.2533,1.1907,1.657
2980,32,1.486463e-03,1.1698,1.1897,0.239
2981,32,1.486119e-03,1.1044,1.1854,0.217
2982,32,1.485774e-03,1.1496,1.1836,0.185
2983,32,1.485430e-03,1.0879,1.1788,0.185
2984,32,1.485086e-03,1.1389,1.1768,0.225
2985,32,1.484741e-03,1.1131,1.1736,0.229
2986,32,1.484396e-03,1.2884,1.1794,1.689
2987,32,1.484051e-03,1.2886,1.1848,1.980
2988,32,1.483707e-03,1.1523,1.1832,0.304
2989,32,1.483362e-03,1.1346,1.1808,0.277
2990,32,1.483017e-03,1.1148,1.1775,0.249
2991,32,1.482672e-03,1.1077,1.1740,0.282
2992,32,1.482327e-03,1.1234,1.1715,0.214
2993,32,1.481982e-03,1.3140,1.1786,1.687
2994,32,1.481636e-03,1.3007,1.1847,2.101
2995,32,1.481291e-03,1.1373,1.1823,0.296
2996,32,1.480946e-03,1.1026,1.1783,0.336
2997,32,1.480600e-03,1.1086,1.1749,0.295
2998,32,1.480255e-03,1.1552,1.1739,0.267
2999,32,1.479909e-03,1.1507,1.1727,0.219
3000,32,1.479563e-03,1.8059,1.2044,6.526
3001,32,1.479218e-03,1.2321,1.2058,1.117
3002,32,1.478872e-03,1.1245,1.2017,0.262
3003,32,1.478526e-03,1.1268,1.1980,0.341
3004,32,1.478180e-03,1.1201,1.1941,0.256
3005,32,1.477834e-03,1.1134,1.1900,0.245
3006,32,1.477488e-03,1.2967,1.1954,1.754
3007,32,1.477142e-03,1.1310,1.1921,0.329
3008,32,1.476795e-03,1.1763,1.1914,0.187
3009,32,1.476449e-03,1.1235,1.1880,0.184
3010,32,1.476103e-03,1.0514,1.1811,0.195
3011,32,1.475756e-03,1.2199,1.1831,1.154
3012,32,1.475410e-03,1.2220,1.1850,1.044
3013,32,1.475063e-03,1.1243,1.1820,0.204
3014,32,1.474716e-03,1.4172,1.1937,2.343
3015,32,1.474370e-03,1.1480,1.1915,0.415
3016,32,1.474023e-03,1.1542,1.1896,0.349
3017,32,1.473676e-03,1.1359,1.1869,0.376
3018,32,1.473329e-03,1.1450,1.1848,0.249
3019,32,1.472982e-03,1.3681,1.1940,2.172
3020,32,1.472635e-03,1.1568,1.1921,0.221
3021,32,1.472288e-03,1.1163,1.1883,0.383
3022,32,1.471940e-03,1.1164,1.1847,0.344
3023,32,1.471593e-03,1.1058,1.1808,0.198
3024,32,1.471246e-03,1.1157,1.1775,0.169
3025,32,1.470898e-03,1.2293,1.1801,1.459
3026,32,1.470551e-03,1.2734,1.1848,1.128
3027,32,1.470203e-03,1.2014,1.1856,0.245
3028,32,1.469856e-03,1.1484,1.1838,0.312
3029,32,1.469508e-03,1.0860,1.1789,0.242
3030,32,1.469160e-03,1.1421,1.1770,0.199
3031,32,1.468812e-03,1.1202,1.1742,0.240
3032,32,1.468464e-03,1.8330,1.2071,6.772
3033,32,1.468116e-03,1.6792,1.2307,4.801
3034,32,1.467768e-03,1.1420,1.2263,0.291
3035,32,1.467420e-03,1.1441,1.2222,0.345
3036,32,1.467072e-03,1.0966,1.2159,0.341
3037,32,1.466724e-03,1.1209,1.2112,0.270
3038,32,1.466375e-03,1.0980,1.2055,0.155
3039,32,1.466027e-03,1.2508,1.2078,1.339
3040,32,1.465678e-03,1.0700,1.2009,0.241
3041,32,1.465330e-03,1.1157,1.1966,0.238
3042,32,1.464981e-03,1.3163,1.2026,1.558
3043,32,1.464632e-03,1.1596,1.2004,0.318
3044,32,1.464284e-03,1.1652,1.1987,0.291
3045,32,1.463935e-03,1.1143,1.1945,0.321
3046,32,1.463586e-03,1.2191,1.1957,0.894
3047,32,1.463237e-03,1.2626,1.1990,1.577
3048,32,1.462888e-03,1.1437,1.1963,0.218
3049,32,1.462539e-03,1.1437,1.1936,0.230
3050,32,1.462190e-03,1.0966,1.1888,0.360
3051,32,1.461840e-03,1.1559,1.1872,0.277
3052,32,1.461491e-03,1.1011,1.1828,0.234
3053,32,1.461142e-03,1.6595,1.2067,5.224
3054,32,1.460792e-03,1.5621,1.2245,3.721
3055,32,1.460443e-03,1.1379,1.2201,0.319
3056,32,1.460093e-03,1.1377,1.2160,0.355
3057,32,1.459743e-03,1.1451,1.2125,0.242
3058,32,1.459394e-03,1.1294,1.2083,0.239
3059,32,1.459044e-03,1.2395,1.2099,1.127
3060,32,1.458694e-03,1.1844,1.2086,0.334
3061,32,1.458344e-03,1.1379,1.2051,0.354
3062,32,1.457994e-03,1.1594,1.2028,0.344
3063,32,1.457644e-03,1.2495,1.2051,1.380
3064,32,1.457294e-03,1.1784,1.2038,0.335
3065,32,1.456944e-03,1.1705,1.2021,0.894
3066,32,1.456593e-03,1.1251,1.1983,0.281
3067,32,1.456243e-03,1.3087,1.2038,1.518
3068,32,1.455893e-03,1.1334,1.2003,0.279
3069,32,1.455542e-03,1.1445,1.1975,0.242
3070,32,1.455192e-03,1.1475,1.1950,0.340
3071,32,1.454841e-03,1.1538,1.1929,0.272
3072,32,1.454490e-03,1.1429,1.1904,0.776
3073,32,1.454140e-03,1.6541,1.2136,4.612
3074,32,1.453789e-03,1.1351,1.2097,0.411
3075,32,1.453438e-03,1.1369,1.2060,0.315
3076,32,1.453087e-03,1.1358,1.2025,0.290
3077,32,1.452736e-03,1.2284,1.2038,1.083
3078,32,1.452385e-03,1.1058,1.1989,0.276
3079,32,1.452034e-03,1.1098,1.1945,0.196
3080,32,1.451682e-03,1.1557,1.1925,0.833
3081,32,1.451331e-03,1.1588,1.1908,0.352
3082,32,1.450980e-03,1.1796,1.1903,0.242
3083,32,1.450628e-03,1.2573,1.1936,1.131
3084,32,1.450277e-03,1.1730,1.1926,0.353
3085,32,1.449925e-03,1.1852,1.1922,1.017
3086,32,1.449574e-03,1.2708,1.1961,1.042
3087,32,1.449222e-03,1.1311,1.1929,0.436
3088,32,1.448870e-03,1.1543,1.1910,0.310
3089,32,1.448519e-03,1.1568,1.1893,0.213
3090,32,1.448167e-03,1.1485,1.1872,0.256
3091,32,1.447815e-03,1.1438,1.1851,0.266
3092,32,1.447463e-03,1.2756,1.1896,1.131
3093,32,1.447111e-03,1.1357,1.1869,0.362
3094,32,1.446759e-03,1.1178,1.1834,0.329
3095,32,1.446406e-03,1.1496,1.1817,0.665
3096,32,1.446054e-03,1.0992,1.1776,0.365
3097,32,1.445702e-03,1.1291,1.1752,0.370
3098,32,1.445349e-03,1.4973,1.1913,3.466
3099,32,1.444997e-03,1.2381,1.1936,1.498
3100,32,1.444644e-03,1.1580,1.1919,0.260
3101,32,1.444292e-03,1.1633,1.1904,0.345
3102,32,1.443939e-03,1.1258,1.1872,0.390
3103,32,1.443586e-03,1.1594,1.1858,0.894
3104,32,1.443233e-03,1.1516,1.1841,0.371
3105,32,1.442881e-03,1.1755,1.1837,0.360
3106,32,1.442528e-03,1.5381,1.2014,3.911
3107,32,1.442175e-03,1.1641,1.1995,0.352
3108,32,1.441822e-03,1.1421,1.1967,0.317
3109,32,1.441468e-03,1.5246,1.2131,3.515
3110,32,1.441115e-03,1.1297,1.2089,0.339
3111,32,1.440762e-03,1.1381,1.2053,0.352
3112,32,1.440409e-03,1.1370,1.2019,0.313
3113,32,1.440055e-03,1.1661,1.2001,0.847
3114,32,1.439702e-03,1.5022,1.2152,3.124
3115,32,1.439348e-03,1.1432,1.2116,0.394
3116,32,1.438995e-03,1.1419,1.2081,0.410
3117,32,1.438641e-03,1.1997,1.2077,0.366
3118,32,1.438287e-03,1.1740,1.2060,0.861
3119,32,1.437934e-03,1.1172,1.2016,0.447
3120,32,1.437580e-03,1.1316,1.1981,0.407
3121,32,1.437226e-03,1.1748,1.1969,0.926
3122,32,1.436872e-03,1.4629,1.2102,3.347
3123,32,1.436518e-03,1.1419,1.2068,0.401
3124,32,1.436164e-03,1.1491,1.2039,0.313
3125,32,1.435810e-03,1.1399,1.2007,0.363
3126,32,1.435455e-03,1.3436,1.2079,2.236
3127,32,1.435101e-03,1.1257,1.2038,0.423
3128,32,1.434747e-03,1.1644,1.2018,0.371
3129,32,1.434392e-03,1.1765,1.2005,0.878
3130,32,1.434038e-03,1.2558,1.2033,1.110
3131,32,1.433683e-03,1.0972,1.1980,0.449
3132,32,1.433329e-03,1.1479,1.1955,0.410
3133,32,1.432974e-03,1.1739,1.1944,0.365
3134,32,1.432619e-03,1.1511,1.1922,0.346
3135,32,1.432264e-03,1.5055,1.2079,3.092
3136,32,1.431910e-03,1.4327,1.2191,2.943
3137,32,1.431555e-03,1.1296,1.2147,0.405
3138,32,1.431200e-03,1.1027,1.2091,0.418
3139,32,1.430845e-03,1.1128,1.2043,0.398
3140,32,1.430489e-03,1.2269,1.2054,1.024
3141,32,1.430134e-03,1.1108,1.2007,0.361
3142,32,1.429779e-03,1.1150,1.1964,0.375
3143,32,1.429424e-03,1.1891,1.1960,0.772
3144,32,1.429068e-03,1.1612,1.1943,0.736
3145,32,1.428713e-03,1.1913,1.1941,0.751
3146,32,1.428357e-03,1.1795,1.1934,0.353
3147,32,1.428002e-03,1.1485,1.1912,0.370
3148,32,1.427646e-03,1.1559,1.1894,0.337
3149,32,1.427290e-03,1.1483,1.1873,0.684
3150,32,1.426935e-03,1.1625,1.1861,1.024
3151,32,1.426579e-03,1.1535,1.1845,0.398
3152,32,1.426223e-03,1.1050,1.1805,0.442
3153,32,1.425867e-03,1.2019,1.1816,0.642
3154,32,1.425511e-03,1.2054,1.1827,0.557
3155,32,1.425155e-03,1.1960,1.1834,0.795
3156,32,1.424799e-03,1.1773,1.1831,0.467
3157,32,1.424443e-03,1.1461,1.1813,0.330
3158,32,1.424086e-03,1.1493,1.1797,0.272
3159,32,1.423730e-03,1.2022,1.1808,0.937
3160,32,1.423374e-03,1.1644,1.1800,0.302
3161,32,1.423017e-03,1.1208,1.1770,0.705
3162,32,1.422661e-03,1.1323,1.1748,0.564
3163,32,1.422304e-03,1.1563,1.1738,0.429
3164,32,1.421948e-03,1.1599,1.1732,0.406
3165,32,1.421591e-03,1.3061,1.1798,0.948
3166,32,1.421234e-03,1.1659,1.1791,0.412
3167,32,1.420877e-03,1.2046,1.1804,0.558
3168,32,1.420521e-03,1.1835,1.1805,0.544
3169,32,1.420164e-03,1.2726,1.1851,1.176
3170,32,1.419807e-03,1.1570,1.1837,0.444
3171,32,1.419450e-03,1.1608,1.1826,0.312
3172,32,1.419092e-03,1.1774,1.1823,0.337
3173,32,1.418735e-03,1.1518,1.1808,0.529
3174,32,1.418378e-03,1.2415,1.1838,0.853
3175,32,1.418021e-03,1.2182,1.1855,0.760
3176,32,1.417663e-03,1.1652,1.1845,0.707
3177,32,1.417306e-03,1.1585,1.1832,0.444
3178,32,1.416948e-03,1.1591,1.1820,0.548
3179,32,1.416591e-03,1.1398,1.1799,0.447
3180,32,1.416233e-03,1.1495,1.1784,0.294
3181,32,1.415876e-03,1.1166,1.1753,0.633
3182,32,1.415518e-03,1.1835,1.1757,0.666
3183,32,1.415160e-03,1.1763,1.1757,0.687
3184,32,1.414802e-03,1.1415,1.1740,0.594
3185,32,1.414444e-03,1.1871,1.1747,0.464
3186,32,1.414086e-03,1.1533,1.1736,0.469
3187,32,1.413728e-03,1.1857,1.1742,0.442
3188,32,1.413370e-03,1.1070,1.1709,0.329
3189,32,1.413012e-03,1.2337,1.1740,1.208
3190,32,1.412654e-03,1.2346,1.1770,0.920
3191,32,1.412296e-03,1.1792,1.1771,0.591
3192,32,1.411937e-03,1.1809,1.1773,0.442
3193,32,1.411579e-03,1.1974,1.1783,0.394
3194,32,1.411220e-03,1.1116,1.1750,0.460
3195,32,1.410862e-03,1.1682,1.1746,0.708
3196,32,1.410503e-03,1.1691,1.1744,0.683
3197,32,1.410145e-03,1.1281,1.1721,0.366
3198,32,1.409786e-03,1.3429,1.1806,1.249
3199,32,1.409427e-03,1.1262,1.1779,0.531
3200,32,1.409068e-03,1.1996,1.1790,0.363
3201,32,1.408709e-03,1.2142,1.1807,0.381
3202,32,1.408351e-03,1.3565,1.1895,1.110
3203,32,1.407992e-03,1.1163,1.1858,0.456
3204,32,1.407633e-03,1.1559,1.1844,0.508
3205,32,1.407273e-03,1.2006,1.1852,0.366
3206,32,1.406914e-03,1.1645,1.1841,0.379
3207,32,1.406555e-03,1.2336,1.1866,0.747
3208,32,1.406196e-03,1.1309,1.1838,0.385
3209,32,1.405836e-03,1.2875,1.1890,0.938
3210,32,1.405477e-03,1.1664,1.1879,0.492
3211,32,1.405117e-03,1.1450,1.1857,0.449
3212,32,1.404758e-03,1.2382,1.1884,0.651
3213,32,1.404398e-03,1.3001,1.1939,2.280
3214,32,1.404039e-03,1.1597,1.1922,0.410
3215,32,1.403679e-03,1.1435,1.1898,0.450
3216,32,1.403319e-03,1.1653,1.1886,0.676
3217,32,1.402959e-03,1.1018,1.1842,0.401
3218,32,1.402600e-03,1.1780,1.1839,0.338
3219,32,1.402240e-03,1.1518,1.1823,0.627
3220,32,1.401880e-03,1.3859,1.1925,2.646
3221,32,1.401519e-03,1.1466,1.1902,0.439
3222,32,1.401159e-03,1.1918,1.1903,0.434
3223,32,1.400799e-03,1.1689,1.1892,0.575
3224,32,1.400439e-03,1.1164,1.1856,0.418
3225,32,1.400079e-03,1.1198,1.1823,0.419
3226,32,1.399718e-03,1.1424,1.1803,0.490
3227,32,1.399358e-03,1.2419,1.1834,0.606
3228,32,1.398997e-03,1.1790,1.1831,0.586
3229,32,1.398637e-03,1.1442,1.1812,0.385
3230,32,1.398276e-03,1.1310,1.1787,0.602
3231,32,1.397916e-03,1.1493,1.1772,0.558
3232,32,1.397555e-03,1.1625,1.1765,0.398
3233,32,1.397194e-03,1.1541,1.1754,0.425
3234,32,1.396833e-03,1.1694,1.1751,0.455
3235,32,1.396473e-03,1.2091,1.1768,0.673
3236,32,1.396112e-03,1.3716,1.1865,2.724
3237,32,1.395751e-03,1.3271,1.1935,1.847
3238,32,1.395390e-03,1.1641,1.1921,0.513
3239,32,1.395028e-03,1.1506,1.1900,0.481
3240,32,1.394667e-03,1.1482,1.1879,0.458
3241,32,1.394306e-03,1.1534,1.1862,0.357
3242,32,1.393945e-03,1.2028,1.1870,0.887
3243,32,1.393583e-03,1.1577,1.1855,0.663
3244,32,1.393222e-03,1.1531,1.1839,0.415
3245,32,1.392861e-03,1.1981,1.1846,0.592
3246,32,1.392499e-03,1.2030,1.1856,0.570
3247,32,1.392138e-03,1.2236,1.1875,0.435
3248,32,1.391776e-03,1.1956,1.1879,0.417
3249,32,1.391414e-03,1.1927,1.1881,0.548
3250,32,1.391053e-03,1.1180,1.1846,0.496
3251,32,1.390691e-03,1.1595,1.1833,0.604
3252,32,1.390329e-03,1.1999,1.1842,0.688
3253,32,1.389967e-03,1.1833,1.1841,0.497
3254,32,1.389605e-03,1.1952,1.1847,0.508
3255,32,1.389243e-03,1.1751,1.1842,0.377
3256,32,1.388881e-03,1.3977,1.1949,2.299
3257,32,1.388519e-03,1.2504,1.1977,1.427
3258,32,1.388157e-03,1.1760,1.1966,0.504
3259,32,1.387794e-03,1.1883,1.1962,0.486
3260,32,1.387432e-03,1.1951,1.1961,0.494
3261,32,1.387070e-03,1.1784,1.1952,0.584
3262,32,1.386707e-03,1.1740,1.1942,0.527
3263,32,1.386345e-03,1.1614,1.1925,0.651
3264,32,1.385982e-03,1.1807,1.1919,0.507
3265,32,1.385620e-03,1.1218,1.1884,0.533
3266,32,1.385257e-03,1.1799,1.1880,0.492
3267,32,1.384894e-03,1.3236,1.1948,1.538
3268,32,1.384532e-03,1.2074,1.1954,0.472
3269,32,1.384169e-03,1.1345,1.1924,0.452
3270,32,1.383806e-03,1.1255,1.1890,0.444
3271,32,1.383443e-03,1.1484,1.1870,0.533
3272,32,1.383080e-03,1.3359,1.1944,1.910
3273,32,1.382717e-03,1.1660,1.1930,0.410
3274,32,1.382354e-03,1.1689,1.1918,0.488
3275,32,1.381991e-03,1.1805,1.1912,0.504
3276,32,1.381628e-03,1.1834,1.1909,0.455
3277,32,1.381265e-03,1.3063,1.1966,2.054
3278,32,1.380901e-03,1.2882,1.2012,1.718
3279,32,1.380538e-03,1.1834,1.2003,0.439
3280,32,1.380174e-03,1.1639,1.1985,0.479
3281,32,1.379811e-03,1.1150,1.1943,0.396
3282,32,1.379447e-03,1.1882,1.1940,0.470
3283,32,1.379084e-03,1.1004,1.1893,0.325
3284,32,1.378720e-03,1.1619,1.1880,0.518
3285,32,1.378357e-03,1.1787,1.1875,0.680
3286,32,1.377993e-03,1.1728,1.1868,0.576
3287,32,1.377629e-03,1.2341,1.1891,0.458
3288,32,1.377265e-03,1.1767,1.1885,0.441
3289,32,1.376901e-03,1.2109,1.1896,0.444
3290,32,1.376537e-03,1.2240,1.1914,1.294
3291,32,1.376173e-03,1.1958,1.1916,0.459
3292,32,1.375809e-03,1.1785,1.1909,0.539
3293,32,1.375445e-03,1.2001,1.1914,0.642
3294,32,1.375081e-03,1.1425,1.1889,0.440
3295,32,1.374717e-03,1.1772,1.1883,0.413
3296,32,1.374353e-03,1.2277,1.1903,0.617
3297,32,1.373988e-03,1.1812,1.1899,0.506
3298,32,1.373624e-03,1.1431,1.1875,0.359
3299,32,1.373259e-03,1.2572,1.1910,1.244
3300,32,1.372895e-03,1.1987,1.1914,0.405
3301,32,1.372530e-03,1.1780,1.1907,0.426
3302,32,1.372166e-03,1.1275,1.1876,0.435
3303,32,1.371801e-03,1.1503,1.1857,0.391
3304,32,1.371436e-03,1.2788,1.1903,1.682
3305,32,1.371072e-03,1.3073,1.1962,1.530
3306,32,1.370707e-03,1.1892,1.1958,0.439
3307,32,1.370342e-03,1.1468,1.1934,0.541
3308,32,1.369977e-03,1.1892,1.1932,0.476
3309,32,1.369612e-03,1.1277,1.1899,0.399
3310,32,1.369247e-03,1.2717,1.1940,1.140
3311,32,1.368882e-03,1.1362,1.1911,0.489
3312,32,1.368517e-03,1.1304,1.1881,0.422
3313,32,1.368152e-03,1.1429,1.1858,0.424
3314,32,1.367786e-03,1.1897,1.1860,0.576
3315,32,1.367421e-03,1.1353,1.1835,0.374
3316,32,1.367056e-03,1.1967,1.1841,0.594
3317,32,1.366690e-03,1.3135,1.1906,1.682
3318,32,1.366325e-03,1.2668,1.1944,1.162
3319,32,1.365959e-03,1.1833,1.1939,0.505
3320,32,1.365594e-03,1.2022,1.1943,0.527
3321,32,1.365228e-03,1.1633,1.1927,0.488
3322,32,1.364862e-03,1.1951,1.1929,0.366
3323,32,1.364497e-03,1.1739,1.1919,0.561
3324,32,1.364131e-03,1.1238,1.1885,0.393
3325,32,1.363765e-03,1.1456,1.1864,0.312
3326,32,1.363399e-03,1.1807,1.1861,1.215
3327,32,1.363033e-03,1.1833,1.1859,0.521
3328,32,1.362667e-03,1.1784,1.1856,0.522
3329,32,1.362301e-03,1.1763,1.1851,0.405
3330,32,1.361935e-03,1.1870,1.1852,0.385
3331,32,1.361569e-03,1.2954,1.1907,1.463
3332,32,1.361203e-03,1.1918,1.1908,0.470
3333,32,1.360837e-03,1.1856,1.1905,0.481
3334,32,1.360470e-03,1.1089,1.1864,0.455
3335,32,1.360104e-03,1.2560,1.1899,1.180
3336,32,1.359738e-03,1.1798,1.1894,0.896
3337,32,1.359371e-03,1.1790,1.1889,0.521
3338,32,1.359005e-03,1.1770,1.1883,0.524
3339,32,1.358638e-03,1.1870,1.1882,0.410
3340,32,1.358272e-03,1.1387,1.1857,0.422
3341,32,1.357905e-03,1.1498,1.1839,0.573
3342,32,1.357538e-03,1.3097,1.1902,1.524
3343,32,1.357171e-03,1.1927,1.1904,1.366
3344,32,1.356805e-03,1.1559,1.1886,0.418
3345,32,1.356438e-03,1.2018,1.1893,0.490
3346,32,1.356071e-03,1.1976,1.1897,0.508
3347,32,1.355704e-03,1.1581,1.1881,0.503
3348,32,1.355337e-03,1.1827,1.1879,0.498
3349,32,1.354970e-03,1.2374,1.1903,1.284
3350,32,1.354603e-03,1.1926,1.1904,0.938
3351,32,1.354236e-03,1.1816,1.1900,0.515
3352,32,1.353868e-03,1.2126,1.1911,0.399
3353,32,1.353501e-03,1.1866,1.1909,0.440
3354,32,1.353134e-03,1.1576,1.1892,0.413
3355,32,1.352766e-03,1.1685,1.1882,0.524
3356,32,1.352399e-03,1.2862,1.1931,1.351
3357,32,1.352032e-03,1.2781,1.1974,1.280
3358,32,1.351664e-03,1.1842,1.1967,0.470
3359,32,1.351296e-03,1.1983,1.1968,0.448
3360,32,1.350929e-03,1.1479,1.1943,0.584
3361,32,1.350561e-03,1.1766,1.1935,0.454
3362,32,1.350193e-03,1.1821,1.1929,0.425
3363,32,1.349826e-03,1.1263,1.1896,0.458
3364,32,1.349458e-03,1.1545,1.1878,0.446
3365,32,1.349090e-03,1.1262,1.1847,0.377
3366,32,1.348722e-03,1.1737,1.1842,1.215
3367,32,1.348354e-03,1.0956,1.1797,0.418
3368,32,1.347986e-03,1.2070,1.1811,0.560
3369,32,1.347618e-03,1.1942,1.1818,0.526
3370,32,1.347250e-03,1.2285,1.1841,0.498
3371,32,1.346882e-03,1.1668,1.1832,0.373
3372,32,1.346514e-03,1.2105,1.1846,1.051
3373,32,1.346145e-03,1.1522,1.1830,0.420
3374,32,1.345777e-03,1.1619,1.1819,0.393
3375,32,1.345409e-03,1.1883,1.1822,0.426
3376,32,1.345040e-03,1.1989,1.1831,0.486
3377,32,1.344672e-03,1.1411,1.1810,0.339
3378,32,1.344303e-03,1.2723,1.1855,1.344
3379,32,1.343935e-03,1.2117,1.1868,0.435
3380,32,1.343566e-03,1.2026,1.1876,0.450
3381,32,1.343197e-03,1.2128,1.1889,0.530
3382,32,1.342829e-03,1.1797,1.1884,0.443
3383,32,1.342460e-03,1.2582,1.1919,1.272
3384,32,1.342091e-03,1.2228,1.1935,1.115
3385,32,1.341722e-03,1.2148,1.1945,0.589
3386,32,1.341353e-03,1.2059,1.1951,0.584
3387,32,1.340985e-03,1.1744,1.1941,0.534
3388,32,1.340616e-03,1.1884,1.1938,0.520
3389,32,1.340247e-03,1.2124,1.1947,0.905
3390,32,1.339877e-03,1.1941,1.1947,0.837
3391,32,1.339508e-03,1.1440,1.1922,0.481
3392,32,1.339139e-03,1.1715,1.1911,0.399
3393,32,1.338770e-03,1.1960,1.1914,0.466
3394,32,1.338401e-03,1.2043,1.1920,0.458
3395,32,1.338031e-03,1.1534,1.1901,0.538
3396,32,1.337662e-03,1.1980,1.1905,0.434
3397,32,1.337292e-03,1.1035,1.1861,0.323
3398,32,1.336923e-03,1.1800,1.1858,0.524
3399,32,1.336553e-03,1.1309,1.1831,0.337
3400,32,1.336184e-03,1.1999,1.1839,0.984
3401,32,1.335814e-03,1.1800,1.1837,0.331
3402,32,1.335445e-03,1.1967,1.1844,0.576
3403,32,1.335075e-03,1.2024,1.1853,0.416
3404,32,1.334705e-03,1.2190,1.1870,0.427
3405,32,1.334335e-03,1.1991,1.1876,0.469
3406,32,1.333965e-03,1.2012,1.1882,0.994
3407,32,1.333596e-03,1.2104,1.1893,0.456
3408,32,1.333226e-03,1.2092,1.1903,0.586
3409,32,1.332856e-03,1.2086,1.1913,0.572
3410,32,1.332486e-03,1.1125,1.1873,0.282
3411,32,1.332115e-03,1.1601,1.1860,0.323
3412,32,1.331745e-03,1.1736,1.1853,0.854
3413,32,1.331375e-03,1.1756,1.1848,0.441
3414,32,1.331005e-03,1.1545,1.1833,0.337
3415,32,1.330635e-03,1.1438,1.1814,0.465
3416,32,1.330264e-03,1.1936,1.1820,0.497
3417,32,1.329894e-03,1.2352,1.1846,0.546
3418,32,1.329524e-03,1.2414,1.1875,1.015
3419,32,1.329153e-03,1.2075,1.1885,0.463
3420,32,1.328783e-03,1.1902,1.1886,0.434
3421,32,1.328412e-03,1.1269,1.1855,0.292
3422,32,1.328041e-03,1.1895,1.1857,0.340
3423,32,1.327671e-03,1.1622,1.1845,0.722
3424,32,1.327300e-03,1.2184,1.1862,0.551
3425,32,1.326929e-03,1.1878,1.1863,0.469
3426,32,1.326559e-03,1.2022,1.1871,0.568
3427,32,1.326188e-03,1.1584,1.1856,0.976
3428,32,1.325817e-03,1.1666,1.1847,0.593
3429,32,1.325446e-03,1.1754,1.1842,0.787
3430,32,1.325075e-03,1.1751,1.1838,0.555
3431,32,1.324704e-03,1.1786,1.1835,0.401
3432,32,1.324333e-03,1.1812,1.1834,0.448
3433,32,1.323962e-03,1.1518,1.1818,0.942
3434,32,1.323591e-03,1.1755,1.1815,0.352
3435,32,1.323219e-03,1.1769,1.1813,0.328
3436,32,1.322848e-03,1.1177,1.1781,0.340
3437,32,1.322477e-03,1.2030,1.1793,0.376
3438,32,1.322105e-03,1.1968,1.1802,0.407
3439,32,1.321734e-03,1.1538,1.1789,0.363
3440,32,1.321363e-03,1.1608,1.1780,0.348
3441,32,1.320991e-03,1.2214,1.1802,0.524
3442,32,1.320620e-03,1.1487,1.1786,0.267
3443,32,1.320248e-03,1.1628,1.1778,1.100
3444,32,1.319877e-03,1.1351,1.1757,0.353
3445,32,1.319505e-03,1.2235,1.1781,0.542
3446,32,1.319133e-03,1.1509,1.1767,0.473
3447,32,1.318761e-03,1.2051,1.1781,1.154
3448,32,1.318390e-03,1.1485,1.1766,0.310
3449,32,1.318018e-03,1.1422,1.1749,0.322
3450,32,1.317646e-03,1.1189,1.1721,0.289
3451,32,1.317274e-03,1.2166,1.1743,0.508
3452,32,1.316902e-03,1.2380,1.1775,1.118
3453,32,1.316530e-03,1.1584,1.1766,0.329
3454,32,1.316158e-03,1.1309,1.1743,0.310
3455,32,1.315786e-03,1.1724,1.1742,0.605
3456,32,1.315414e-03,1.1032,1.1706,0.282
3457,32,1.315042e-03,1.2270,1.1735,0.918
3458,32,1.314669e-03,1.1280,1.1712,0.198
3459,32,1.314297e-03,1.1489,1.1701,0.251
3460,32,1.313925e-03,1.1920,1.1712,0.599
3461,32,1.313552e-03,1.1753,1.1714,0.328
3462,32,1.313180e-03,1.2805,1.1768,1.215
3463,32,1.312808e-03,1.2222,1.1791,0.998
3464,32,1.312435e-03,1.2322,1.1818,0.571
3465,32,1.312062e-03,1.2609,1.1857,0.578
3466,32,1.311690e-03,1.2415,1.1885,0.591
3467,32,1.311317e-03,1.2015,1.1891,0.594
3468,32,1.310945e-03,1.1612,1.1878,0.485
3469,32,1.310572e-03,1.2356,1.1901,1.095
3470,32,1.310199e-03,1.1894,1.1901,0.914
3471,32,1.309826e-03,1.1465,1.1879,0.567
3472,32,1.309453e-03,1.2152,1.1893,0.532
3473,32,1.309081e-03,1.1999,1.1898,0.598
3474,32,1.308708e-03,1.2477,1.1927,0.521
3475,32,1.308335e-03,1.2110,1.1936,0.524
3476,32,1.307962e-03,1.2193,1.1949,0.946
3477,32,1.307589e-03,1.1661,1.1935,0.825
3478,32,1.307216e-03,1.1748,1.1925,0.306
3479,32,1.306842e-03,1.2183,1.1938,0.483
3480,32,1.306469e-03,1.1649,1.1924,0.359
3481,32,1.306096e-03,1.2225,1.1939,0.473
3482,32,1.305723e-03,1.1588,1.1921,0.313
3483,32,1.305349e-03,1.1565,1.1903,0.510
3484,32,1.304976e-03,1.2004,1.1908,0.378
3485,32,1.304603e-03,1.1781,1.1902,0.809
3486,32,1.304229e-03,1.1462,1.1880,0.260
3487,32,1.303856e-03,1.1528,1.1862,0.505
3488,32,1.303482e-03,1.1761,1.1857,0.288
3489,32,1.303109e-03,1.2315,1.1880,0.474
3490,32,1.302735e-03,1.2229,1.1898,0.521
3491,32,1.302361e-03,1.1959,1.1901,0.939
3492,32,1.301988e-03,1.2142,1.1913,0.580
3493,32,1.301614e-03,1.2312,1.1933,0.557
3494,32,1.301240e-03,1.1575,1.1915,0.316
3495,32,1.300866e-03,1.1695,1.1904,0.792
3496,32,1.300492e-03,1.2007,1.1909,0.675
3497,32,1.300119e-03,1.1242,1.1876,0.308
3498,32,1.299745e-03,1.2208,1.1892,0.468
3499,32,1.299371e-03,1.2094,1.1902,0.440
3500,32,1.298997e-03,1.0681,1.1841,0.281
3501,32,1.298623e-03,1.2655,1.1882,1.069
3502,32,1.298248e-03,1.2056,1.1891,0.754
3503,32,1.297874e-03,1.2234,1.1908,0.495
3504,32,1.297500e-03,1.2032,1.1914,0.605
3505,32,1.297126e-03,1.1862,1.1912,0.633
3506,32,1.296752e-03,1.1635,1.1898,0.287
3507,32,1.296377e-03,1.2067,1.1906,0.861
3508,32,1.296003e-03,1.1741,1.1898,0.541
3509,32,1.295628e-03,1.0960,1.1851,0.310
3510,32,1.295254e-03,1.0848,1.1801,0.458
3511,32,1.294880e-03,1.2377,1.1830,0.477
3512,32,1.294505e-03,1.1816,1.1829,0.478
3513,32,1.294130e-03,1.1526,1.1814,0.383
3514,32,1.293756e-03,1.1085,1.1777,0.654
3515,32,1.293381e-03,1.1515,1.1764,0.654
3516,32,1.293007e-03,1.1624,1.1757,0.349
3517,32,1.292632e-03,1.1831,1.1761,0.542
3518,32,1.292257e-03,1.1761,1.1761,0.532
3519,32,1.291882e-03,1.2108,1.1778,0.364
3520,32,1.291507e-03,1.2097,1.1794,0.800
3521,32,1.291133e-03,1.1434,1.1776,0.481
3522,32,1.290758e-03,1.2234,1.1799,0.599
3523,32,1.290383e-03,1.1820,1.1800,0.626
3524,32,1.290008e-03,1.1280,1.1774,0.504
3525,32,1.289633e-03,1.1368,1.1754,0.669
3526,32,1.289258e-03,1.1818,1.1757,0.513
3527,32,1.288882e-03,1.1408,1.1740,0.339
3528,32,1.288507e-03,1.1866,1.1746,0.701
3529,32,1.288132e-03,1.1957,1.1756,0.371
3530,32,1.287757e-03,1.2117,1.1774,0.513
3531,32,1.287381e-03,1.1382,1.1755,0.344
3532,32,1.287006e-03,1.1841,1.1759,0.315
3533,32,1.286631e-03,1.1444,1.1743,0.536
3534,32,1.286255e-03,1.1542,1.1733,0.696
3535,32,1.285880e-03,1.1217,1.1707,0.264
3536,32,1.285504e-03,1.1987,1.1721,0.512
3537,32,1.285129e-03,1.1643,1.1718,0.510
3538,32,1.284753e-03,1.1230,1.1693,0.395
3539,32,1.284378e-03,1.1884,1.1703,0.804
3540,32,1.284002e-03,1.1080,1.1672,0.613
3541,32,1.283626e-03,1.1597,1.1668,0.567
3542,32,1.283251e-03,1.2390,1.1704,0.597
3543,32,1.282875e-03,1.2109,1.1724,0.624
3544,32,1.282499e-03,1.2704,1.1773,0.559
3545,32,1.282123e-03,1.2347,1.1802,0.322
3546,32,1.281748e-03,1.2356,1.1830,0.790
3547,32,1.281372e-03,1.1867,1.1831,0.648
3548,32,1.280996e-03,1.2240,1.1852,0.430
3549,32,1.280620e-03,1.1849,1.1852,0.306
3550,32,1.280244e-03,1.2122,1.1865,0.317
3551,32,1.279868e-03,1.1723,1.1858,0.348
3552,32,1.279491e-03,1.1339,1.1832,0.248
3553,32,1.279115e-03,1.1454,1.1813,0.616
3554,32,1.278739e-03,1.1806,1.1813,0.358
3555,32,1.278363e-03,1.1230,1.1784,0.272
3556,32,1.277987e-03,1.2620,1.1826,0.609
3557,32,1.277610e-03,1.1285,1.1799,0.491
3558,32,1.277234e-03,1.1579,1.1788,0.716
3559,32,1.276858e-03,1.1160,1.1756,0.289
3560,32,1.276481e-03,1.2008,1.1769,0.521
3561,32,1.276105e-03,1.1860,1.1773,0.346
3562,32,1.275728e-03,1.0937,1.1732,0.525
3563,32,1.275352e-03,1.1655,1.1728,0.470
3564,32,1.274975e-03,1.1656,1.1724,0.301
3565,32,1.274599e-03,1.1351,1.1705,0.556
3566,32,1.274222e-03,1.1376,1.1689,0.265
3567,32,1.273845e-03,1.1407,1.1675,0.254
3568,32,1.273469e-03,1.0888,1.1635,0.546
3569,32,1.273092e-03,1.1695,1.1638,0.654
3570,32,1.272715e-03,1.1627,1.1638,0.351
3571,32,1.272338e-03,1.2369,1.1674,0.538
3572,32,1.271962e-03,1.2070,1.1694,0.519
3573,32,1.271585e-03,1.1489,1.1684,0.628
3574,32,1.271208e-03,1.1146,1.1657,0.598
3575,32,1.270831e-03,1.1330,1.1641,0.553
3576,32,1.270454e-03,1.1874,1.1652,0.572
3577,32,1.270077e-03,1.2237,1.1682,0.622
3578,32,1.269700e-03,1.1995,1.1697,0.639
3579,32,1.269323e-03,1.1558,1.1690,0.674
3580,32,1.268945e-03,1.1629,1.1687,0.566
3581,32,1.268568e-03,1.1601,1.1683,0.578
3582,32,1.268191e-03,1.1106,1.1654,0.345
3583,32,1.267814e-03,1.1920,1.1667,0.319
3584,32,1.267436e-03,1.1918,1.1680,0.301
3585,32,1.267059e-03,1.2491,1.1720,0.519
3586,32,1.266682e-03,1.2403,1.1755,0.535
3587,32,1.266304e-03,1.1875,1.1761,0.625
3588,32,1.265927e-03,1.1922,1.1769,0.558
3589,32,1.265549e-03,1.1613,1.1761,0.288
3590,32,1.265172e-03,1.2480,1.1797,0.533
3591,32,1.264794e-03,1.1657,1.1790,0.347
3592,32,1.264417e-03,1.0977,1.1749,0.472
3593,32,1.264039e-03,1.1524,1.1738,0.542
3594,32,1.263662e-03,1.1167,1.1709,0.546
3595,32,1.263284e-03,1.2359,1.1742,0.533
3596,32,1.262906e-03,1.1750,1.1742,0.571
3597,32,1.262528e-03,1.1627,1.1737,0.349
3598,32,1.262151e-03,1.2076,1.1754,0.645
3599,32,1.261773e-03,1.1435,1.1738,0.409
3600,32,1.261395e-03,1.2038,1.1753,0.628
3601,32,1.261017e-03,1.1548,1.1742,0.335
3602,32,1.260639e-03,1.1278,1.1719,0.477
3603,32,1.260261e-03,1.1019,1.1684,0.346
3604,32,1.259883e-03,1.2507,1.1725,1.047
3605,32,1.259505e-03,1.1635,1.1721,0.338
3606,32,1.259127e-03,1.1639,1.1717,0.312
3607,32,1.258749e-03,1.1550,1.1708,0.526
3608,32,1.258371e-03,1.1544,1.1700,0.287
3609,32,1.257993e-03,1.1514,1.1691,0.300
3610,32,1.257614e-03,1.1815,1.1697,0.359
3611,32,1.257236e-03,1.1418,1.1683,0.513
3612,32,1.256858e-03,1.1417,1.1670,0.604
3613,32,1.256479e-03,1.1899,1.1681,0.555
3614,32,1.256101e-03,1.2909,1.1743,0.892
3615,32,1.255723e-03,1.1611,1.1736,0.569
3616,32,1.255344e-03,1.1819,1.1740,0.389
3617,32,1.254966e-03,1.1890,1.1748,0.311
3618,32,1.254587e-03,1.1648,1.1743,0.376
3619,32,1.254209e-03,1.1676,1.1739,0.360
3620,32,1.253830e-03,1.0983,1.1702,0.420
3621,32,1.253452e-03,1.1694,1.1701,0.353
3622,32,1.253073e-03,1.1527,1.1692,0.547
3623,32,1.252694e-03,1.1240,1.1670,0.323
3624,32,1.252316e-03,1.1399,1.1656,0.257
3625,32,1.251937e-03,1.1185,1.1633,0.292
3626,32,1.251558e-03,1.1480,1.1625,0.279
3627,32,1.251179e-03,1.1008,1.1594,0.445
3628,32,1.250801e-03,1.4097,1.1719,2.361
3629,32,1.250422e-03,1.1294,1.1698,0.353
3630,32,1.250043e-03,1.1081,1.1667,0.368
3631,32,1.249664e-03,1.2437,1.1706,0.672
3632,32,1.249285e-03,1.1735,1.1707,0.414
3633,32,1.248906e-03,1.1165,1.1680,0.355
3634,32,1.248527e-03,1.2571,1.1725,1.322
3635,32,1.248148e-03,1.1856,1.1731,0.351
3636,32,1.247769e-03,1.2143,1.1752,0.295
3637,32,1.247390e-03,1.2347,1.1782,0.571
3638,32,1.247011e-03,1.2188,1.1802,0.296
3639,32,1.246631e-03,1.2826,1.1853,1.019
3640,32,1.246252e-03,1.1402,1.1830,0.462
3641,32,1.245873e-03,1.1696,1.1824,0.323
3642,32,1.245494e-03,1.1809,1.1823,0.336
3643,32,1.245114e-03,1.1244,1.1794,0.304
3644,32,1.244735e-03,1.1837,1.1796,0.384
3645,32,1.244356e-03,1.0956,1.1754,0.263
3646,32,1.243976e-03,1.1244,1.1729,0.307
3647,32,1.243597e-03,1.1381,1.1711,0.468
3648,32,1.243217e-03,1.1417,1.1697,0.286
3649,32,1.242838e-03,1.1677,1.1696,0.289
3650,32,1.242458e-03,1.1050,1.1663,0.286
3651,32,1.242079e-03,1.3987,1.1780,2.215
3652,32,1.241699e-03,1.1524,1.1767,0.458
3653,32,1.241319e-03,1.2534,1.1805,0.709
3654,32,1.240940e-03,1.2952,1.1862,0.669
3655,32,1.240560e-03,1.1674,1.1853,0.324
3656,32,1.240180e-03,1.3018,1.1911,1.347
3657,32,1.239800e-03,1.1684,1.1900,1.036
3658,32,1.239421e-03,1.1986,1.1904,0.346
3659,32,1.239041e-03,1.1021,1.1860,0.263
3660,32,1.238661e-03,1.1303,1.1832,0.340
3661,32,1.238281e-03,1.1490,1.1815,0.282
3662,32,1.237901e-03,1.1065,1.1778,0.463
3663,32,1.237521e-03,1.0798,1.1729,0.358
3664,32,1.237141e-03,1.2372,1.1761,0.590
3665,32,1.236761e-03,1.1663,1.1756,0.304
3666,32,1.236381e-03,1.2032,1.1770,0.469
3667,32,1.236001e-03,1.1009,1.1732,0.310
3668,32,1.235621e-03,1.1631,1.1727,0.640
3669,32,1.235241e-03,1.0897,1.1685,0.258
3670,32,1.234861e-03,1.1396,1.1671,0.341
3671,32,1.234480e-03,1.1463,1.1660,0.367
3672,32,1.234100e-03,1.1263,1.1640,0.299
3673,32,1.233720e-03,1.2218,1.1669,0.630
3674,32,1.233340e-03,1.4031,1.1787,1.810
3675,32,1.232959e-03,1.1674,1.1782,0.318
3676,32,1.232579e-03,1.2041,1.1795,0.325
3677,32,1.232199e-03,1.1282,1.1769,0.363
3678,32,1.231818e-03,1.1651,1.1763,0.311
3679,32,1.231438e-03,1.2440,1.1797,1.378
3680,32,1.231057e-03,1.1806,1.1797,0.370
3681,32,1.230677e-03,1.3090,1.1862,0.707
3682,32,1.230296e-03,1.1579,1.1848,0.365
3683,32,1.229916e-03,1.1646,1.1838,0.316
3684,32,1.229535e-03,1.1617,1.1827,0.312
3685,32,1.229154e-03,1.2208,1.1846,0.713
3686,32,1.228774e-03,1.1389,1.1823,0.333
3687,32,1.228393e-03,1.2172,1.1841,0.640
3688,32,1.228012e-03,1.1613,1.1829,0.299
3689,32,1.227632e-03,1.1458,1.1811,0.353
3690,32,1.227251e-03,1.3248,1.1882,1.708
3691,32,1.226870e-03,1.1845,1.1881,0.310
3692,32,1.226489e-03,1.2301,1.1902,0.597
3693,32,1.226108e-03,1.1535,1.1883,0.422
3694,32,1.225727e-03,1.1420,1.1860,0.310
3695,32,1.225346e-03,1.1556,1.1845,0.262
3696,32,1.224965e-03,1.1031,1.1804,0.202
3697,32,1.224584e-03,1.0899,1.1759,0.234
3698,32,1.224203e-03,1.0544,1.1698,0.219
3699,32,1.223822e-03,1.1246,1.1676,0.298
3700,32,1.223441e-03,1.2557,1.1720,0.632
3701,32,1.223060e-03,1.3382,1.1803,1.602
3702,32,1.222679e-03,1.1685,1.1797,0.413
3703,32,1.222298e-03,1.1401,1.1777,0.219
3704,32,1.221917e-03,1.1071,1.1742,0.198
3705,32,1.221536e-03,1.0952,1.1702,0.170
3706,32,1.221154e-03,1.1406,1.1687,0.182
3707,32,1.220773e-03,1.2057,1.1706,0.377
3708,32,1.220392e-03,1.1933,1.1717,0.278
3709,32,1.220010e-03,1.1150,1.1689,0.318
3710,32,1.219629e-03,1.2268,1.1718,1.316
3711,32,1.219248e-03,1.1504,1.1707,0.365
3712,32,1.218866e-03,1.1923,1.1718,0.451
3713,32,1.218485e-03,1.1670,1.1716,0.405
3714,32,1.218103e-03,1.1733,1.1716,0.269
3715,32,1.217722e-03,1.2203,1.1741,0.695
3716,32,1.217340e-03,1.0965,1.1702,0.285
3717,32,1.216959e-03,1.0865,1.1660,0.330
3718,32,1.216577e-03,1.1059,1.1630,0.273
3719,32,1.216196e-03,1.2573,1.1677,0.661
3720,32,1.215814e-03,1.0584,1.1623,0.194
3721,32,1.215432e-03,1.1078,1.1595,0.328
3722,32,1.215051e-03,1.1828,1.1607,0.311
3723,32,1.214669e-03,1.3036,1.1678,1.645
3724,32,1.214287e-03,1.2774,1.1733,0.731
3725,32,1.213905e-03,1.2333,1.1763,0.393
3726,32,1.213524e-03,1.1516,1.1751,0.266
3727,32,1.213142e-03,1.1473,1.1737,0.288
3728,32,1.212760e-03,1.3216,1.1811,1.474
3729,32,1.212378e-03,1.1602,1.1800,0.413
3730,32,1.211996e-03,1.2977,1.1859,0.732
3731,32,1.211614e-03,1.0890,1.1811,0.187
3732,32,1.211232e-03,1.1408,1.1791,0.228
3733,32,1.210850e-03,1.2108,1.1807,0.869
3734,32,1.210468e-03,1.1324,1.1782,0.730
3735,32,1.210086e-03,1.1961,1.1791,0.478
3736,32,1.209704e-03,1.2254,1.1815,0.642
3737,32,1.209322e-03,1.1719,1.1810,0.303
3738,32,1.208940e-03,1.1272,1.1783,0.285
3739,32,1.208558e-03,1.1355,1.1761,0.263
3740,32,1.208176e-03,1.1071,1.1727,0.183
3741,32,1.207793e-03,1.0994,1.1690,0.142
3742,32,1.207411e-03,1.2226,1.1717,0.296
3743,32,1.207029e-03,1.1951,1.1729,1.114
3744,32,1.206647e-03,1.1835,1.1734,0.335
3745,32,1.206264e-03,1.2626,1.1779,0.657
3746,32,1.205882e-03,1.2026,1.1791,0.403
3747,32,1.205500e-03,1.2170,1.1810,1.120
3748,32,1.205117e-03,1.1583,1.1799,0.265
3749,32,1.204735e-03,1.0947,1.1756,0.230
3750,32,1.204352e-03,1.1399,1.1738,0.194
3751,32,1.203970e-03,1.2209,1.1762,0.400
3752,32,1.203587e-03,1.2033,1.1775,0.355
3753,32,1.203205e-03,1.2170,1.1795,0.335
3754,32,1.202822e-03,1.2651,1.1838,1.300
3755,32,1.202440e-03,1.1941,1.1843,1.038
3756,32,1.202057e-03,1.1834,1.1843,0.434
3757,32,1.201675e-03,1.3184,1.1910,0.712
3758,32,1.201292e-03,1.3223,1.1975,0.742
3759,32,1.200909e-03,1.1404,1.1947,0.211
3760,32,1.200527e-03,1.1140,1.1906,0.183
3761,32,1.200144e-03,1.0786,1.1850,0.256
3762,32,1.199761e-03,1.2638,1.1890,1.070
3763,32,1.199378e-03,1.1333,1.1862,0.237
3764,32,1.198996e-03,1.1232,1.1830,0.194
3765,32,1.198613e-03,1.2577,1.1868,0.804
3766,32,1.198230e-03,1.1710,1.1860,0.414
3767,32,1.197847e-03,1.1830,1.1858,0.327
3768,32,1.197464e-03,1.1189,1.1825,0.359
3769,32,1.197081e-03,1.1573,1.1812,0.313
3770,32,1.196698e-03,1.1432,1.1793,0.354
3771,32,1.196315e-03,1.1098,1.1759,0.241
3772,32,1.195932e-03,1.2061,1.1774,1.107
3773,32,1.195549e-03,1.1726,1.1771,0.405
3774,32,1.195166e-03,1.1945,1.1780,0.346
3775,32,1.194783e-03,1.1474,1.1765,0.354
3776,32,1.194400e-03,1.2510,1.1802,1.236
3777,32,1.194017e-03,1.0752,1.1749,0.182
3778,32,1.193634e-03,1.1707,1.1747,0.358
3779,32,1.193251e-03,1.1337,1.1727,0.346
3780,32,1.192868e-03,1.0938,1.1687,0.194
3781,32,1.192484e-03,1.1347,1.1670,0.248
3782,32,1.192101e-03,1.1065,1.1640,0.199
3783,32,1.191718e-03,1.1606,1.1638,0.463
3784,32,1.191335e-03,1.0767,1.1595,0.193
3785,32,1.190951e-03,1.1282,1.1579,1.086
3786,32,1.190568e-03,1.1731,1.1587,0.394
3787,32,1.190185e-03,1.1735,1.1594,0.430
3788,32,1.189801e-03,1.1156,1.1572,0.204
3789,32,1.189418e-03,1.1421,1.1565,0.729
3790,32,1.189034e-03,1.1516,1.1562,0.404
3791,32,1.188651e-03,1.1256,1.1547,0.418
3792,32,1.188268e-03,1.1401,1.1540,0.202
3793,32,1.187884e-03,1.1261,1.1526,0.224
3794,32,1.187501e-03,1.0829,1.1491,0.152
3795,32,1.187117e-03,1.2521,1.1542,0.643
3796,32,1.186734e-03,1.0824,1.1506,0.179
3797,32,1.186350e-03,1.0758,1.1469,0.140
3798,32,1.185966e-03,1.1514,1.1471,0.361
3799,32,1.185583e-03,1.1909,1.1493,0.416
3800,32,1.185199e-03,1.0924,1.1465,0.212
3801,32,1.184815e-03,1.1332,1.1458,0.271
3802,32,1.184432e-03,1.2291,1.1500,1.268
3803,32,1.184048e-03,1.1214,1.1485,0.153
3804,32,1.183664e-03,1.1321,1.1477,0.182
3805,32,1.183281e-03,1.3221,1.1564,0.788
3806,32,1.182897e-03,1.0940,1.1533,0.158
3807,32,1.182513e-03,1.2171,1.1565,0.715
3808,32,1.182129e-03,1.1099,1.1542,0.112
3809,32,1.181745e-03,1.0687,1.1499,0.110
3810,32,1.181361e-03,1.0996,1.1474,0.107
3811,32,1.180978e-03,1.2238,1.1512,0.777
3812,32,1.180594e-03,1.1165,1.1495,0.169
3813,32,1.180210e-03,1.1386,1.1489,0.158
3814,32,1.179826e-03,1.1935,1.1512,0.484
3815,32,1.179442e-03,1.1275,1.1500,0.135
3816,32,1.179058e-03,1.0822,1.1466,0.133
3817,32,1.178674e-03,1.1080,1.1447,0.219
3818,32,1.178290e-03,1.1071,1.1428,0.252
3819,32,1.177906e-03,1.1331,1.1423,0.223
3820,32,1.177522e-03,1.1874,1.1446,1.062
3821,32,1.177138e-03,1.2175,1.1482,0.535
3822,32,1.176753e-03,1.2956,1.1556,0.834
3823,32,1.176369e-03,1.1050,1.1530,0.145
3824,32,1.175985e-03,1.1780,1.1543,0.666
3825,32,1.175601e-03,1.1332,1.1532,0.510
3826,32,1.175217e-03,1.1321,1.1522,0.172
3827,32,1.174832e-03,1.1122,1.1502,0.172
3828,32,1.174448e-03,1.0554,1.1454,0.121
3829,32,1.174064e-03,1.1573,1.1460,0.349
3830,32,1.173680e-03,1.1116,1.1443,0.196
3831,32,1.173295e-03,1.1767,1.1459,0.901
3832,32,1.172911e-03,1.1596,1.1466,0.198
3833,32,1.172527e-03,1.1479,1.1467,0.392
3834,32,1.172142e-03,1.1651,1.1476,0.394
3835,32,1.171758e-03,1.0723,1.1438,0.174
3836,32,1.171373e-03,1.1996,1.1466,0.932
3837,32,1.170989e-03,1.2305,1.1508,0.509
3838,32,1.170605e-03,1.1216,1.1494,0.177
3839,32,1.170220e-03,1.0972,1.1467,0.164
3840,32,1.169836e-03,1.1009,1.1445,0.152
3841,32,1.169451e-03,1.1839,1.1464,0.731
3842,32,1.169067e-03,1.1537,1.1468,0.603
3843,32,1.168682e-03,1.1234,1.1456,0.176
3844,32,1.168297e-03,1.1626,1.1465,0.177
3845,32,1.167913e-03,1.1858,1.1484,0.361
3846,32,1.167528e-03,1.2771,1.1549,0.710
3847,32,1.167144e-03,1.1917,1.1567,1.030
3848,32,1.166759e-03,1.1541,1.1566,0.459
3849,32,1.166374e-03,1.1180,1.1547,0.138
3850,32,1.165990e-03,1.1122,1.1525,0.131
3851,32,1.165605e-03,1.0550,1.1477,0.107
3852,32,1.165220e-03,1.1085,1.1457,0.135
3853,32,1.164835e-03,1.1630,1.1466,0.858
3854,32,1.164451e-03,1.1336,1.1459,0.127
3855,32,1.164066e-03,1.1284,1.1450,0.119
3856,32,1.163681e-03,1.1620,1.1459,0.146
3857,32,1.163296e-03,1.1478,1.1460,0.517
3858,32,1.162911e-03,1.1366,1.1455,0.169
3859,32,1.162527e-03,1.1347,1.1450,0.142
3860,32,1.162142e-03,1.2277,1.1491,0.940
3861,32,1.161757e-03,1.1143,1.1474,0.436
3862,32,1.161372e-03,1.1307,1.1465,0.173
3863,32,1.160987e-03,1.2277,1.1506,0.442
3864,32,1.160602e-03,1.1163,1.1489,0.188
3865,32,1.160217e-03,1.0801,1.1454,0.149
3866,32,1.159832e-03,1.2316,1.1497,1.054
3867,32,1.159447e-03,1.1296,1.1487,0.175
3868,32,1.159062e-03,1.0755,1.1451,0.214
3869,32,1.158677e-03,1.1719,1.1464,0.449
3870,32,1.158292e-03,1.1307,1.1456,0.404
3871,32,1.157907e-03,1.0591,1.1413,0.456
3872,32,1.157522e-03,1.1813,1.1433,0.560
3873,32,1.157137e-03,1.1849,1.1454,0.511
3874,32,1.156751e-03,1.1145,1.1438,0.526
3875,32,1.156366e-03,1.1606,1.1447,0.840
3876,32,1.155981e-03,1.0927,1.1421,0.132
3877,32,1.155596e-03,1.0673,1.1383,0.107
3878,32,1.155211e-03,1.1386,1.1384,0.136
3879,32,1.154825e-03,1.1247,1.1377,0.155
3880,32,1.154440e-03,1.0856,1.1351,0.088
3881,32,1.154055e-03,1.0950,1.1331,0.107
3882,32,1.153670e-03,1.0653,1.1297,0.100
3883,32,1.153284e-03,1.1212,1.1293,0.112
3884,32,1.152899e-03,1.1656,1.1311,0.798
3885,32,1.152514e-03,1.1948,1.1343,0.757
3886,32,1.152128e-03,1.1318,1.1341,0.236
3887,32,1.151743e-03,1.1716,1.1360,0.597
3888,32,1.151358e-03,1.1986,1.1391,0.562
3889,32,1.150972e-03,1.0975,1.1371,0.171
3890,32,1.150587e-03,1.0996,1.1352,0.144
3891,32,1.150201e-03,1.0947,1.1332,0.134
3892,32,1.149816e-03,1.1832,1.1357,0.702
3893,32,1.149431e-03,1.0885,1.1333,0.481
3894,32,1.149045e-03,1.1487,1.1341,0.793
3895,32,1.148660e-03,1.1069,1.1327,0.219
3896,32,1.148274e-03,1.0701,1.1296,0.196
3897,32,1.147889e-03,1.1350,1.1299,0.148
3898,32,1.147503e-03,1.1353,1.1301,0.194
3899,32,1.147117e-03,1.1054,1.1289,0.183
3900,32,1.146732e-03,1.1369,1.1293,0.189
3901,32,1.146346e-03,1.0356,1.1246,0.091
3902,32,1.145961e-03,1.1022,1.1235,0.110
3903,32,1.145575e-03,1.2185,1.1282,1.018
3904,32,1.145189e-03,1.1194,1.1278,0.679
3905,32,1.144804e-03,1.1044,1.1266,0.216
3906,32,1.144418e-03,1.1361,1.1271,0.195
3907,32,1.144032e-03,1.1996,1.1307,0.577
3908,32,1.143647e-03,1.1195,1.1302,0.195
3909,32,1.143261e-03,1.1199,1.1297,0.118
3910,32,1.142875e-03,1.1277,1.1296,0.141
3911,32,1.142489e-03,1.1242,1.1293,0.138
3912,32,1.142104e-03,1.2602,1.1358,0.738
3913,32,1.141718e-03,1.1121,1.1346,0.498
3914,32,1.141332e-03,1.0984,1.1328,0.466
3915,32,1.140946e-03,1.2030,1.1363,0.527
3916,32,1.140560e-03,1.1789,1.1385,0.520
3917,32,1.140175e-03,1.1346,1.1383,0.143
3918,32,1.139789e-03,1.1633,1.1395,0.658
3919,32,1.139403e-03,1.0821,1.1367,0.184
3920,32,1.139017e-03,1.0851,1.1341,0.126
3921,32,1.138631e-03,1.0814,1.1314,0.099
3922,32,1.138245e-03,1.1493,1.1323,0.122
3923,32,1.137859e-03,1.2056,1.1360,0.767
3924,32,1.137473e-03,1.1613,1.1373,0.174
3925,32,1.137087e-03,1.0857,1.1347,0.214
3926,32,1.136701e-03,1.1254,1.1342,0.167
3927,32,1.136315e-03,1.1225,1.1336,0.389
3928,32,1.135929e-03,1.1082,1.1324,0.343
3929,32,1.135543e-03,1.0972,1.1306,0.228
3930,32,1.135157e-03,1.1143,1.1298,0.129
3931,32,1.134771e-03,1.0815,1.1274,0.121
3932,32,1.134385e-03,1.1112,1.1266,0.595
3933,32,1.133999e-03,1.0843,1.1245,0.132
3934,32,1.133613e-03,1.1199,1.1242,0.128
3935,32,1.133227e-03,1.0612,1.1211,0.140
3936,32,1.132841e-03,1.0403,1.1170,0.162
3937,32,1.132455e-03,1.1870,1.1205,0.741
3938,32,1.132069e-03,1.1304,1.1210,0.191
3939,32,1.131682e-03,1.0783,1.1189,0.229
3940,32,1.131296e-03,1.2353,1.1247,0.492
3941,32,1.130910e-03,1.1265,1.1248,0.224
3942,32,1.130524e-03,1.1462,1.1259,0.201
3943,32,1.130138e-03,1.1780,1.1285,0.669
3944,32,1.129751e-03,1.1287,1.1285,0.211
3945,32,1.129365e-03,1.1206,1.1281,0.227
3946,32,1.128979e-03,1.0937,1.1264,0.235
3947,32,1.128593e-03,1.1918,1.1296,0.764
3948,32,1.128206e-03,1.0772,1.1270,0.216
3949,32,1.127820e-03,1.0738,1.1244,0.243
3950,32,1.127434e-03,1.0948,1.1229,0.178
3951,32,1.127048e-03,1.1308,1.1233,0.415
3952,32,1.126661e-03,1.1260,1.1234,0.622
3953,32,1.126275e-03,1.0873,1.1216,0.228
3954,32,1.125888e-03,1.1158,1.1213,0.203
3955,32,1.125502e-03,1.0969,1.1201,0.248
3956,32,1.125116e-03,1.0883,1.1185,0.237
3957,32,1.124729e-03,1.1448,1.1198,0.428
3958,32,1.124343e-03,1.1434,1.1210,0.657
3959,32,1.123957e-03,1.1278,1.1213,0.191
3960,32,1.123570e-03,1.1271,1.1216,0.235
3961,32,1.123184e-03,1.1281,1.1219,0.201
3962,32,1.122797e-03,1.1381,1.1228,0.648
3963,32,1.122411e-03,1.0926,1.1212,0.205
3964,32,1.122024e-03,1.0508,1.1177,0.235
3965,32,1.121638e-03,1.0884,1.1163,0.231
3966,32,1.121251e-03,1.1352,1.1172,0.441
3967,32,1.120865e-03,1.2117,1.1219,0.752
3968,32,1.120478e-03,1.0992,1.1208,0.248
3969,32,1.120092e-03,1.0983,1.1197,0.245
3970,32,1.119705e-03,1.0841,1.1179,0.241
3971,32,1.119319e-03,1.0916,1.1166,0.199
3972,32,1.118932e-03,1.1360,1.1175,0.383
3973,32,1.118545e-03,1.0941,1.1164,0.320
3974,32,1.118159e-03,1.0995,1.1155,0.359
3975,32,1.117772e-03,1.1095,1.1152,0.156
3976,32,1.117386e-03,1.0515,1.1120,0.138
3977,32,1.116999e-03,1.0739,1.1101,0.172
3978,32,1.116612e-03,1.1657,1.1129,0.110
3979,32,1.116226e-03,1.0735,1.1109,0.557
3980,32,1.115839e-03,1.1236,1.1116,0.143
3981,32,1.115452e-03,1.1379,1.1129,0.136
3982,32,1.115066e-03,1.1206,1.1133,0.123
3983,32,1.114679e-03,1.2002,1.1176,0.651
3984,32,1.114292e-03,1.1173,1.1176,0.150
3985,32,1.113906e-03,1.1020,1.1168,0.161
3986,32,1.113519e-03,1.1378,1.1179,0.246
3987,32,1.113132e-03,1.1317,1.1186,0.243
3988,32,1.112745e-03,1.1406,1.1197,0.566
3989,32,1.112359e-03,1.0542,1.1164,0.248
3990,32,1.111972e-03,1.0913,1.1151,0.294
3991,32,1.111585e-03,1.0991,1.1143,0.220
3992,32,1.111198e-03,1.1263,1.1149,0.212
3993,32,1.110811e-03,1.1295,1.1157,0.195
3994,32,1.110425e-03,1.1069,1.1152,0.420
3995,32,1.110038e-03,1.0335,1.1111,0.122
3996,32,1.109651e-03,1.1230,1.1117,0.578
3997,32,1.109264e-03,1.1357,1.1129,0.176
3998,32,1.108877e-03,1.1099,1.1128,0.224
3999,32,1.108490e-03,1.1150,1.1129,0.195
4000,128,1.108104e-03,1.0384,1.1092,0.053
4001,128,1.107717e-03,1.0276,1.1051,0.054
4002,128,1.107330e-03,1.0274,1.1012,0.048
4003,128,1.106943e-03,1.0102,1.0967,0.045
4004,128,1.106556e-03,1.0015,1.0919,0.048
4005,128,1.106169e-03,1.0401,1.0893,0.043
4006,128,1.105782e-03,1.0126,1.0855,0.047
4007,128,1.105395e-03,1.0265,1.0825,0.044
4008,128,1.105008e-03,0.9894,1.0779,0.046
4009,128,1.104621e-03,1.0103,1.0745,0.041
4010,128,1.104234e-03,0.9838,1.0700,0.046
4011,128,1.103847e-03,1.0225,1.0676,0.046
4012,128,1.103460e-03,1.0087,1.0646,0.046
4013,128,1.103073e-03,1.0148,1.0621,0.045
4014,128,1.102686e-03,0.9812,1.0581,0.046
4015,128,1.102299e-03,0.9882,1.0546,0.045
4016,128,1.101912e-03,1.0136,1.0526,0.044
4017,128,1.101525e-03,1.0068,1.0503,0.045
4018,128,1.101138e-03,0.9916,1.0473,0.043
4019,128,1.100751e-03,1.0056,1.0452,0.040
4020,128,1.100364e-03,1.0180,1.0439,0.046
4021,128,1.099977e-03,1.0061,1.0420,0.043
4022,128,1.099590e-03,1.0120,1.0405,0.044
4023,128,1.099203e-03,0.9993,1.0384,0.048
4024,128,1.098816e-03,1.0030,1.0367,0.042
4025,128,1.098429e-03,1.0017,1.0349,0.044
4026,128,1.098042e-03,0.9921,1.0328,0.046
4027,128,1.097655e-03,1.0020,1.0312,0.044
4028,128,1.097268e-03,0.9994,1.0296,0.042
4029,128,1.096880e-03,1.0037,1.0283,0.048
4030,128,1.096493e-03,1.0021,1.0270,0.054
4031,128,1.096106e-03,1.0088,1.0261,0.050
4032,128,1.095719e-03,1.0020,1.0249,0.055
4033,128,1.095332e-03,0.9984,1.0236,0.044
4034,128,1.094945e-03,0.9920,1.0220,0.052
4035,128,1.094558e-03,1.0269,1.0222,0.046
4036,128,1.094170e-03,0.9988,1.0211,0.049
4037,128,1.093783e-03,0.9897,1.0195,0.046
4038,128,1.093396e-03,1.0206,1.0196,0.044
4039,128,1.093009e-03,0.9888,1.0180,0.048
4040,128,1.092622e-03,0.9886,1.0166,0.041
4041,128,1.092234e-03,0.9768,1.0146,0.040
4042,128,1.091847e-03,1.0009,1.0139,0.041
4043,128,1.091460e-03,1.0247,1.0144,0.054
4044,128,1.091073e-03,1.0017,1.0138,0.046
4045,128,1.090685e-03,1.0026,1.0132,0.054
4046,128,1.090298e-03,0.9906,1.0121,0.053
4047,128,1.089911e-03,1.0167,1.0123,0.055
4048,128,1.089524e-03,0.9723,1.0103,0.049
4049,128,1.089136e-03,0.9959,1.0096,0.046
4050,128,1.088749e-03,1.0047,1.0094,0.049
4051,128,1.088362e-03,1.0057,1.0092,0.044
4052,128,1.087975e-03,0.9933,1.0084,0.053
4053,128,1.087587e-03,0.9848,1.0072,0.051
4054,128,1.087200e-03,1.0349,1.0086,0.050
4055,128,1.086813e-03,1.0083,1.0086,0.048
4056,128,1.086425e-03,0.9988,1.0081,0.049
4057,128,1.086038e-03,0.9860,1.0070,0.049
4058,128,1.085651e-03,0.9759,1.0054,0.048
4059,128,1.085263e-03,0.9993,1.0051,0.047
4060,128,1.084876e-03,1.0000,1.0049,0.048
4061,128,1.084489e-03,0.9987,1.0046,0.045
4062,128,1.084101e-03,0.9475,1.0017,0.050
4063,128,1.083714e-03,0.9920,1.0012,0.047
4064,128,1.083327e-03,1.0024,1.0013,0.052
4065,128,1.082939e-03,0.9641,0.9994,0.047
4066,128,1.082552e-03,1.0098,0.9999,0.053
4067,128,1.082165e-03,0.9753,0.9987,0.046
4068,128,1.081777e-03,0.9939,0.9985,0.047
4069,128,1.081390e-03,0.9947,0.9983,0.055
4070,128,1.081002e-03,1.0115,0.9989,0.047
4071,128,1.080615e-03,0.9777,0.9979,0.052
4072,128,1.080228e-03,0.9722,0.9966,0.053
4073,128,1.079840e-03,0.9917,0.9963,0.049
4074,128,1.079453e-03,0.9925,0.9962,0.048
4075,128,1.079065e-03,0.9611,0.9944,0.047
4076,128,1.078678e-03,0.9909,0.9942,0.050
4077,128,1.078291e-03,0.9903,0.9940,0.055
4078,128,1.077903e-03,0.9910,0.9939,0.046
4079,128,1.077516e-03,0.9992,0.9941,0.053
4080,128,1.077128e-03,0.9872,0.9938,0.051
4081,128,1.076741e-03,1.0311,0.9957,0.049
4082,128,1.076353e-03,1.0008,0.9959,0.049
4083,128,1.075966e-03,0.9993,0.9961,0.047
4084,128,1.075578e-03,1.0134,0.9969,0.047
4085,128,1.075191e-03,1.0276,0.9985,0.054
4086,128,1.074804e-03,0.9958,0.9983,0.047
4087,128,1.074416e-03,1.0136,0.9991,0.049
4088,128,1.074029e-03,1.0174,1.0000,0.049
4089,128,1.073641e-03,1.0170,1.0009,0.050
4090,128,1.073254e-03,0.9837,1.0000,0.063
4091,128,1.072866e-03,1.0181,1.0009,0.048
4092,128,1.072479e-03,0.9899,1.0004,0.057
4093,128,1.072091e-03,1.0003,1.0004,0.049
4094,128,1.071704e-03,0.9805,0.9994,0.048
4095,128,1.071316e-03,1.0075,0.9998,0.050
4096,128,1.070929e-03,1.0029,0.9999,0.057
4097,128,1.070541e-03,1.0059,1.0002,0.054
4098,128,1.070154e-03,1.0141,1.0009,0.045
4099,128,1.069766e-03,0.9858,1.0002,0.051
4100,128,1.069379e-03,0.9875,0.9995,0.053
4101,128,1.068991e-03,1.0188,1.0005,0.053
4102,128,1.068604e-03,1.0060,1.0008,0.051
4103,128,1.068216e-03,0.9634,0.9989,0.049
4104,128,1.067829e-03,0.9851,0.9982,0.046
4105,128,1.067441e-03,0.9857,0.9976,0.048
4106,128,1.067053e-03,1.0000,0.9977,0.048
4107,128,1.066666e-03,1.0392,0.9998,0.059
4108,128,1.066278e-03,0.9990,0.9997,0.046
4109,128,1.065891e-03,1.0229,1.0009,0.052
4110,128,1.065503e-03,0.9652,0.9991,0.050
4111,128,1.065116e-03,0.9712,0.9977,0.053
4112,128,1.064728e-03,1.0225,0.9990,0.056
4113,128,1.064341e-03,1.0296,1.0005,0.056
4114,128,1.063953e-03,0.9910,1.0000,0.053
4115,128,1.063566e-03,0.9893,0.9995,0.054
4116,128,1.063178e-03,1.0078,0.9999,0.057
4117,128,1.062790e-03,1.0195,1.0009,0.046
4118,128,1.062403e-03,0.9724,0.9995,0.055
4119,128,1.062015e-03,1.0142,1.0002,0.062
4120,128,1.061628e-03,0.9846,0.9994,0.048
4121,128,1.061240e-03,0.9893,0.9989,0.049
4122,128,1.060853e-03,1.0117,0.9995,0.056
4123,128,1.060465e-03,0.9743,0.9983,0.051
4124,128,1.060077e-03,0.9987,0.9983,0.050
4125,128,1.059690e-03,0.9806,0.9974,0.050
4126,128,1.059302e-03,0.9685,0.9960,0.048
4127,128,1.058915e-03,1.0164,0.9970,0.053
4128,128,1.058527e-03,1.0216,0.9982,0.055
4129,128,1.058139e-03,1.0069,0.9987,0.048
4130,128,1.057752e-03,0.9758,0.9975,0.052
4131,128,1.057364e-03,0.9627,0.9958,0.048
4132,128,1.056977e-03,0.9845,0.9952,0.047
4133,128,1.056589e-03,1.0373,0.9973,0.055
4134,128,1.056202e-03,0.9984,0.9974,0.049
4135,128,1.055814e-03,0.9932,0.9972,0.054
4136,128,1.055426e-03,0.9893,0.9968,0.052
4137,128,1.055039e-03,0.9684,0.9954,0.048
4138,128,1.054651e-03,0.9949,0.9953,0.048
4139,128,1.054264e-03,0.9983,0.9955,0.046
4140,128,1.053876e-03,0.9844,0.9949,0.044
4141,128,1.053488e-03,1.0318,0.9968,0.055
4142,128,1.053101e-03,1.0024,0.9971,0.048
4143,128,1.052713e-03,0.9914,0.9968,0.056
4144,128,1.052326e-03,0.9685,0.9954,0.049
4145,128,1.051938e-03,0.9910,0.9951,0.061
4146,128,1.051550e-03,0.9838,0.9946,0.050
4147,128,1.051163e-03,0.9961,0.9946,0.054
4148,128,1.050775e-03,0.9978,0.9948,0.054
4149,128,1.050388e-03,0.9917,0.9947,0.043
4150,128,1.050000e-03,0.9914,0.9945,0.052
4151,128,1.049612e-03,1.0147,0.9955,0.051
4152,128,1.049225e-03,0.9728,0.9944,0.047
4153,128,1.048837e-03,1.0071,0.9950,0.058
4154,128,1.048450e-03,0.9920,0.9949,0.049
4155,128,1.048062e-03,0.9851,0.9944,0.048
4156,128,1.047674e-03,0.9705,0.9932,0.049
4157,128,1.047287e-03,0.9993,0.9935,0.051
4158,128,1.046899e-03,1.0012,0.9939,0.051
4159,128,1.046512e-03,1.0008,0.9942,0.051
4160,128,1.046124e-03,1.0128,0.9951,0.054
4161,128,1.045736e-03,0.9921,0.9950,0.052
4162,128,1.045349e-03,1.0424,0.9974,0.053
4163,128,1.044961e-03,1.0002,0.9975,0.052
4164,128,1.044574e-03,1.0322,0.9992,0.047
4165,128,1.044186e-03,0.9701,0.9978,0.053
4166,128,1.043798e-03,1.0012,0.9980,0.050
4167,128,1.043411e-03,1.0257,0.9993,0.049
4168,128,1.043023e-03,0.9799,0.9984,0.046
4169,128,1.042636e-03,1.0140,0.9992,0.052
4170,128,1.042248e-03,0.9687,0.9976,0.052
4171,128,1.041861e-03,1.0130,0.9984,0.051
4172,128,1.041473e-03,1.0166,0.9993,0.045
4173,128,1.041085e-03,0.9999,0.9993,0.051
4174,128,1.040698e-03,1.0270,1.0007,0.052
4175,128,1.040310e-03,0.9777,0.9996,0.046
4176,128,1.039923e-03,1.0045,0.9998,0.050
4177,128,1.039535e-03,0.9907,0.9994,0.054
4178,128,1.039147e-03,0.9770,0.9982,0.047
4179,128,1.038760e-03,0.9914,0.9979,0.059
4180,128,1.038372e-03,0.9765,0.9968,0.046
4181,128,1.037985e-03,0.9912,0.9966,0.055
4182,128,1.037597e-03,0.9637,0.9949,0.055
4183,128,1.037210e-03,0.9823,0.9943,0.056
4184,128,1.036822e-03,0.9868,0.9939,0.059
4185,128,1.036434e-03,0.9797,0.9932,0.049
4186,128,1.036047e-03,1.0000,0.9935,0.051
4187,128,1.035659e-03,1.0203,0.9949,0.050
4188,128,1.035272e-03,1.0272,0.9965,0.054
4189,128,1.034884e-03,0.9818,0.9958,0.051
4190,128,1.034497e-03,0.9769,0.9948,0.050
4191,128,1.034109e-03,0.9771,0.9939,0.046
4192,128,1.033722e-03,0.9932,0.9939,0.049
4193,128,1.033334e-03,0.9681,0.9926,0.048
4194,128,1.032947e-03,0.9979,0.9929,0.057
4195,128,1.032559e-03,0.9971,0.9931,0.054
4196,128,1.032171e-03,1.0003,0.9934,0.058
4197,128,1.031784e-03,0.9645,0.9920,0.040
4198,128,1.031396e-03,1.0340,0.9941,0.064
4199,128,1.031009e-03,0.9875,0.9938,0.052
4200,128,1.030621e-03,1.0150,0.9948,0.050
4201,128,1.030234e-03,1.0011,0.9951,0.051
4202,128,1.029846e-03,0.9909,0.9949,0.058
4203,128,1.029459e-03,0.9937,0.9949,0.045
4204,128,1.029071e-03,1.0564,0.9979,0.061
4205,128,1.028684e-03,0.9742,0.9968,0.051
4206,128,1.028296e-03,1.0075,0.9973,0.051
4207,128,1.027909e-03,0.9830,0.9966,0.046
4208,128,1.027521e-03,0.9853,0.9960,0.043
4209,128,1.027134e-03,1.0071,0.9966,0.051
4210,128,1.026746e-03,1.0040,0.9969,0.046
4211,128,1.026359e-03,0.9787,0.9960,0.050
4212,128,1.025971e-03,0.9960,0.9960,0.049
4213,128,1.025584e-03,0.9996,0.9962,0.052
4214,128,1.025196e-03,1.0227,0.9975,0.050
4215,128,1.024809e-03,1.0019,0.9977,0.052
4216,128,1.024422e-03,0.9880,0.9973,0.047
4217,128,1.024034e-03,0.9978,0.9973,0.048
4218,128,1.023647e-03,0.9864,0.9967,0.052
4219,128,1.023259e-03,0.9792,0.9959,0.046
4220,128,1.022872e-03,0.9663,0.9944,0.043
4221,128,1.022484e-03,0.9881,0.9941,0.048
4222,128,1.022097e-03,1.0140,0.9951,0.045
4223,128,1.021709e-03,0.9828,0.9945,0.046
4224,128,1.021322e-03,1.0073,0.9951,0.045
4225,128,1.020935e-03,0.9998,0.9953,0.048
4226,128,1.020547e-03,0.9988,0.9955,0.065
4227,128,1.020160e-03,1.0088,0.9962,0.045
4228,128,1.019772e-03,1.0073,0.9967,0.063
4229,128,1.019385e-03,0.9810,0.9959,0.050
4230,128,1.018998e-03,1.0280,0.9975,0.052
4231,128,1.018610e-03,0.9902,0.9972,0.048
4232,128,1.018223e-03,0.9933,0.9970,0.052
4233,128,1.017835e-03,0.9769,0.9960,0.053
4234,128,1.017448e-03,1.0052,0.9964,0.050
4235,128,1.017061e-03,0.9912,0.9962,0.047
4236,128,1.016673e-03,0.9706,0.9949,0.050
4237,128,1.016286e-03,0.9732,0.9938,0.050
4238,128,1.015899e-03,0.9772,0.9930,0.052
4239,128,1.015511e-03,1.0191,0.9943,0.049
4240,128,1.015124e-03,0.9816,0.9937,0.059
4241,128,1.014737e-03,0.9852,0.9932,0.050
4242,128,1.014349e-03,0.9732,0.9922,0.048
4243,128,1.013962e-03,1.0106,0.9932,0.051
4244,128,1.013575e-03,1.0083,0.9939,0.053
4245,128,1.013187e-03,0.9798,0.9932,0.048
4246,128,1.012800e-03,0.9864,0.9929,0.053
4247,128,1.012413e-03,0.9747,0.9920,0.054
4248,128,1.012025e-03,0.9935,0.9920,0.057
4249,128,1.011638e-03,0.9987,0.9924,0.049
4250,128,1.011251e-03,1.0068,0.9931,0.057
4251,128,1.010864e-03,0.9820,0.9925,0.045
4252,128,1.010476e-03,1.0330,0.9946,0.057
4253,128,1.010089e-03,1.0103,0.9953,0.046
4254,128,1.009702e-03,1.0008,0.9956,0.052
4255,128,1.009315e-03,0.9817,0.9949,0.046
4256,128,1.008927e-03,1.0020,0.9953,0.051
4257,128,1.008540e-03,0.9899,0.9950,0.043
4258,128,1.008153e-03,1.0177,0.9961,0.051
4259,128,1.007766e-03,0.9971,0.9962,0.049
4260,128,1.007378e-03,0.9986,0.9963,0.053
4261,128,1.006991e-03,1.0060,0.9968,0.048
4262,128,1.006604e-03,1.0223,0.9981,0.054
4263,128,1.006217e-03,1.0064,0.9985,0.053
4264,128,1.005830e-03,0.9763,0.9974,0.051
4265,128,1.005442e-03,0.9903,0.9970,0.055
4266,128,1.005055e-03,0.9914,0.9967,0.050
4267,128,1.004668e-03,1.0055,0.9972,0.055
4268,128,1.004281e-03,0.9990,0.9973,0.051
4269,128,1.003894e-03,1.0041,0.9976,0.048
4270,128,1.003507e-03,1.0001,0.9977,0.053
4271,128,1.003120e-03,1.0049,0.9981,0.049
4272,128,1.002732e-03,1.0175,0.9991,0.056
4273,128,1.002345e-03,1.0119,0.9997,0.046
4274,128,1.001958e-03,0.9946,0.9995,0.048
4275,128,1.001571e-03,1.0210,1.0005,0.049
4276,128,1.001184e-03,0.9730,0.9992,0.047
4277,128,1.000797e-03,0.9899,0.9987,0.051
4278,128,1.000410e-03,0.9891,0.9982,0.046
4279,128,1.000023e-03,0.9852,0.9976,0.053
4280,128,9.996357e-04,0.9894,0.9972,0.050
4281,128,9.992487e-04,1.0148,0.9980,0.050
4282,128,9.988616e-04,1.0155,0.9989,0.052
4283,128,9.984746e-04,1.0128,0.9996,0.047
4284,128,9.980876e-04,0.9671,0.9980,0.058
4285,128,9.977006e-04,0.9751,0.9968,0.049
4286,128,9.973136e-04,1.0106,0.9975,0.057
4287,128,9.969266e-04,1.0100,0.9981,0.055
4288,128,9.965396e-04,0.9588,0.9962,0.045
4289,128,9.961526e-04,0.9860,0.9957,0.053
4290,128,9.957656e-04,1.0075,0.9963,0.046
4291,128,9.953787e-04,1.0004,0.9965,0.049
4292,128,9.949917e-04,1.0056,0.9969,0.049
4293,128,9.946048e-04,0.9876,0.9965,0.049
4294,128,9.942178e-04,1.0316,0.9982,0.047
4295,128,9.938309e-04,1.0056,0.9986,0.050
4296,128,9.934440e-04,1.0134,0.9993,0.047
4297,128,9.930571e-04,1.0002,0.9994,0.053
4298,128,9.926702e-04,1.0103,0.9999,0.046
4299,128,9.922833e-04,0.9792,0.9989,0.046
4300,128,9.918964e-04,0.9800,0.9979,0.046
4301,128,9.915096e-04,0.9707,0.9966,0.057
4302,128,9.911227e-04,0.9913,0.9963,0.051
4303,128,9.907358e-04,1.0243,0.9977,0.049
4304,128,9.903490e-04,1.0107,0.9984,0.048
4305,128,9.899622e-04,1.0046,0.9987,0.046
4306,128,9.895754e-04,0.9944,0.9985,0.046
4307,128,9.891885e-04,0.9730,0.9972,0.050
4308,128,9.888017e-04,0.9755,0.9961,0.051
4309,128,9.884150e-04,0.9704,0.9948,0.048
4310,128,9.880282e-04,1.0542,0.9978,0.058
4311,128,9.876414e-04,0.9739,0.9966,0.051
4312,128,9.872547e-04,1.0084,0.9972,0.056
4313,128,9.868679e-04,1.0186,0.9982,0.054
4314,128,9.864812e-04,0.9889,0.9978,0.050
4315,128,9.860944e-04,0.9975,0.9978,0.054
4316,128,9.857077e-04,0.9930,0.9975,0.046
4317,128,9.853210e-04,0.9814,0.9967,0.046
4318,128,9.849343e-04,0.9928,0.9965,0.056
4319,128,9.845476e-04,1.0242,0.9979,0.051
4320,128,9.841610e-04,1.0209,0.9991,0.050
4321,128,9.837743e-04,0.9797,0.9981,0.049
4322,128,9.833877e-04,0.9995,0.9982,0.052
4323,128,9.830010e-04,1.0011,0.9983,0.051
4324,128,9.826144e-04,0.9881,0.9978,0.050
4325,128,9.822278e-04,0.9983,0.9978,0.049
4326,128,9.818412e-04,0.9888,0.9974,0.051
4327,128,9.814546e-04,0.9691,0.9960,0.053
4328,128,9.810680e-04,1.0060,0.9965,0.050
4329,128,9.806814e-04,0.9835,0.9958,0.051
4330,128,9.802949e-04,0.9796,0.9950,0.051
4331,128,9.799083e-04,0.9926,0.9949,0.055
4332,128,9.795218e-04,0.9690,0.9936,0.047
4333,128,9.791353e-04,0.9889,0.9934,0.050
4334,128,9.787487e-04,1.0006,0.9937,0.050
4335,128,9.783622e-04,0.9968,0.9939,0.050
4336,128,9.779757e-04,1.0214,0.9952,0.055
4337,128,9.775893e-04,0.9847,0.9947,0.048
4338,128,9.772028e-04,0.9783,0.9939,0.051
4339,128,9.768163e-04,0.9596,0.9922,0.048
4340,128,9.764299e-04,1.0177,0.9935,0.054
4341,128,9.760435e-04,0.9977,0.9937,0.057
4342,128,9.756571e-04,1.0051,0.9942,0.061
4343,128,9.752707e-04,0.9595,0.9925,0.048
4344,128,9.748843e-04,0.9925,0.9925,0.058
4345,128,9.744979e-04,0.9944,0.9926,0.049
4346,128,9.741115e-04,1.0044,0.9932,0.056
4347,128,9.737252e-04,1.0112,0.9941,0.053
4348,128,9.733388e-04,1.0038,0.9946,0.044
4349,128,9.729525e-04,0.9846,0.9941,0.045
4350,128,9.725662e-04,0.9932,0.9940,0.043
4351,128,9.721799e-04,0.9974,0.9942,0.047
4352,128,9.717936e-04,0.9883,0.9939,0.047
4353,128,9.714073e-04,0.9967,0.9940,0.047
4354,128,9.710210e-04,1.0133,0.9950,0.053
4355,128,9.706348e-04,0.9760,0.9941,0.048
4356,128,9.702486e-04,1.0042,0.9946,0.050
4357,128,9.698623e-04,1.0103,0.9953,0.059
4358,128,9.694761e-04,1.0219,0.9967,0.056
4359,128,9.690899e-04,0.9747,0.9956,0.051
4360,128,9.687037e-04,0.9760,0.9946,0.045
4361,128,9.683176e-04,1.0059,0.9952,0.061
4362,128,9.679314e-04,0.9924,0.9950,0.054
4363,128,9.675453e-04,1.0123,0.9959,0.049
4364,128,9.671591e-04,1.0065,0.9964,0.056
4365,128,9.667730e-04,0.9706,0.9951,0.047
4366,128,9.663869e-04,0.9774,0.9942,0.049
4367,128,9.660008e-04,0.9597,0.9925,0.050
4368,128,9.656148e-04,0.9811,0.9919,0.050
4369,128,9.652287e-04,0.9892,0.9918,0.051
4370,128,9.648427e-04,1.0139,0.9929,0.050
4371,128,9.644566e-04,1.0200,0.9943,0.050
4372,128,9.640706e-04,0.9892,0.9940,0.046
4373,128,9.636846e-04,0.9872,0.9937,0.050
4374,128,9.632986e-04,0.9550,0.9917,0.042
4375,128,9.629126e-04,1.0135,0.9928,0.054
4376,128,9.625267e-04,1.0033,0.9933,0.048
4377,128,9.621407e-04,0.9721,0.9923,0.058
4378,128,9.617548e-04,0.9894,0.9921,0.060
4379,128,9.613689e-04,0.9518,0.9901,0.053
4380,128,9.609830e-04,1.0133,0.9913,0.058
4381,128,9.605971e-04,0.9750,0.9905,0.055
4382,128,9.602112e-04,1.0082,0.9914,0.049
4383,128,9.598254e-04,0.9851,0.9910,0.047
4384,128,9.594395e-04,0.9760,0.9903,0.042
4385,128,9.590537e-04,1.0183,0.9917,0.055
4386,128,9.586679e-04,0.9614,0.9902,0.044
4387,128,9.582821e-04,1.0028,0.9908,0.054
4388,128,9.578963e-04,1.0160,0.9921,0.047
4389,128,9.575106e-04,0.9776,0.9913,0.050
4390,128,9.571248e-04,0.9931,0.9914,0.054
4391,128,9.567391e-04,0.9826,0.9910,0.048
4392,128,9.563533e-04,1.0273,0.9928,0.049
4393,128,9.559676e-04,0.9792,0.9921,0.049
4394,128,9.555820e-04,0.9945,0.9922,0.046
4395,128,9.551963e-04,0.9904,0.9922,0.052
4396,128,9.548106e-04,0.9868,0.9919,0.049
4397,128,9.544250e-04,1.0075,0.9927,0.056
4398,128,9.540394e-04,1.0283,0.9944,0.058
4399,128,9.536538e-04,0.9891,0.9942,0.047
4400,128,9.532682e-04,1.0095,0.9949,0.049
4401,128,9.528826e-04,0.9733,0.9939,0.046
4402,128,9.524970e-04,1.0130,0.9948,0.049
4403,128,9.521115e-04,0.9707,0.9936,0.048
4404,128,9.517260e-04,0.9971,0.9938,0.055
4405,128,9.513404e-04,0.9891,0.9935,0.054
4406,128,9.509549e-04,0.9767,0.9927,0.051
4407,128,9.505695e-04,0.9862,0.9924,0.050
4408,128,9.501840e-04,1.0096,0.9932,0.054
4409,128,9.497986e-04,1.0098,0.9941,0.052
4410,128,9.494131e-04,1.0137,0.9950,0.053
4411,128,9.490277e-04,0.9819,0.9944,0.055
4412,128,9.486423e-04,0.9874,0.9940,0.049
4413,128,9.482569e-04,1.0005,0.9944,0.052
4414,128,9.478716e-04,1.0007,0.9947,0.053
4415,128,9.474862e-04,1.0049,0.9952,0.046
4416,128,9.471009e-04,0.9781,0.9943,0.046
4417,128,9.467156e-04,0.9521,0.9922,0.050
4418,128,9.463303e-04,0.9833,0.9918,0.054
4419,128,9.459450e-04,0.9973,0.9921,0.050
4420,128,9.455598e-04,0.9847,0.9917,0.047
4421,128,9.451745e-04,0.9934,0.9918,0.050
4422,128,9.447893e-04,1.0052,0.9924,0.046
4423,128,9.444041e-04,0.9893,0.9923,0.058
4424,128,9.440189e-04,1.0064,0.9930,0.063
4425,128,9.436337e-04,0.9785,0.9923,0.045
4426,128,9.432486e-04,0.9852,0.9919,0.048
4427,128,9.428635e-04,0.9903,0.9918,0.045
4428,128,9.424783e-04,1.0078,0.9926,0.050
4429,128,9.420932e-04,0.9938,0.9927,0.052
4430,128,9.417082e-04,0.9902,0.9926,0.052
4431,128,9.413231e-04,0.9970,0.9928,0.052
4432,128,9.409381e-04,0.9819,0.9922,0.045
4433,128,9.405530e-04,0.9979,0.9925,0.047
4434,128,9.401680e-04,0.9848,0.9921,0.048
4435,128,9.397830e-04,0.9741,0.9912,0.053
4436,128,9.393981e-04,0.9923,0.9913,0.047
4437,128,9.390131e-04,0.9961,0.9915,0.053
4438,128,9.386282e-04,0.9789,0.9909,0.054
4439,128,9.382432e-04,0.9820,0.9905,0.051
4440,128,9.378583e-04,0.9848,0.9902,0.047
4441,128,9.374735e-04,0.9978,0.9906,0.049
4442,128,9.370886e-04,0.9818,0.9901,0.052
4443,128,9.367038e-04,0.9640,0.9888,0.044
4444,128,9.363189e-04,0.9810,0.9884,0.048
4445,128,9.359341e-04,0.9733,0.9877,0.047
4446,128,9.355493e-04,0.9851,0.9875,0.049
4447,128,9.351646e-04,0.9920,0.9878,0.049
4448,128,9.347798e-04,0.9439,0.9856,0.044
4449,128,9.343951e-04,1.0180,0.9872,0.054
4450,128,9.340104e-04,0.9955,0.9876,0.052
4451,128,9.336257e-04,0.9935,0.9879,0.050
4452,128,9.332410e-04,0.9887,0.9879,0.061
4453,128,9.328564e-04,0.9830,0.9877,0.051
4454,128,9.324718e-04,0.9920,0.9879,0.050
4455,128,9.320871e-04,0.9762,0.9873,0.048
4456,128,9.317026e-04,0.9956,0.9877,0.052
4457,128,9.313180e-04,0.9891,0.9878,0.047
4458,128,9.309334e-04,0.9974,0.9883,0.050
4459,128,9.305489e-04,1.0122,0.9895,0.052
4460,128,9.301644e-04,0.9642,0.9882,0.053
4461,128,9.297799e-04,0.9982,0.9887,0.052
4462,128,9.293954e-04,0.9892,0.9887,0.059
4463,128,9.290110e-04,0.9746,0.9880,0.053
4464,128,9.286265e-04,1.0217,0.9897,0.059
4465,128,9.282421e-04,0.9925,0.9899,0.049
4466,128,9.278577e-04,0.9955,0.9901,0.062
4467,128,9.274734e-04,0.9767,0.9895,0.050
4468,128,9.270890e-04,0.9626,0.9881,0.051
4469,128,9.267047e-04,0.9589,0.9867,0.053
4470,128,9.263204e-04,1.0054,0.9876,0.053
4471,128,9.259361e-04,1.0134,0.9889,0.057
4472,128,9.255518e-04,1.0172,0.9903,0.061
4473,128,9.251676e-04,1.0123,0.9914,0.047
4474,128,9.247833e-04,0.9875,0.9912,0.050
4475,128,9.243991e-04,0.9773,0.9905,0.050
4476,128,9.240149e-04,1.0240,0.9922,0.047
4477,128,9.236308e-04,1.0077,0.9930,0.047
4478,128,9.232466e-04,0.9919,0.9929,0.043
4479,128,9.228625e-04,0.9998,0.9933,0.051
4480,128,9.224784e-04,1.0053,0.9939,0.051
4481,128,9.220943e-04,1.0084,0.9946,0.046
4482,128,9.217103e-04,1.0033,0.9950,0.050
4483,128,9.213262e-04,0.9552,0.9930,0.051
4484,128,9.209422e-04,0.9996,0.9934,0.052
4485,128,9.205582e-04,0.9953,0.9935,0.046
4486,128,9.201742e-04,0.9865,0.9931,0.049
4487,128,9.197903e-04,0.9788,0.9924,0.045
4488,128,9.194064e-04,1.0070,0.9931,0.049
4489,128,9.190224e-04,1.0211,0.9945,0.053
4490,128,9.186386e-04,0.9786,0.9937,0.049
4491,128,9.182547e-04,1.0101,0.9945,0.046
4492,128,9.178708e-04,0.9928,0.9945,0.043
4493,128,9.174870e-04,0.9883,0.9942,0.049
4494,128,9.171032e-04,0.9820,0.9935,0.045
4495,128,9.167195e-04,0.9463,0.9912,0.045
4496,128,9.163357e-04,0.9926,0.9913,0.052
4497,128,9.159520e-04,0.9815,0.9908,0.047
4498,128,9.155683e-04,0.9884,0.9907,0.051
4499,128,9.151846e-04,0.9748,0.9899,0.055
4500,128,9.148009e-04,0.9689,0.9888,0.045
4501,128,9.144173e-04,0.9685,0.9878,0.051
4502,128,9.140336e-04,0.9788,0.9873,0.054
4503,128,9.136500e-04,0.9939,0.9877,0.051
4504,128,9.132665e-04,1.0100,0.9888,0.055
4505,128,9.128829e-04,0.9709,0.9879,0.051
4506,128,9.124994e-04,1.0452,0.9908,0.053
4507,128,9.121159e-04,1.0072,0.9916,0.053
4508,128,9.117324e-04,0.9934,0.9917,0.053
4509,128,9.113489e-04,0.9945,0.9918,0.051
4510,128,9.109655e-04,1.0065,0.9925,0.048
4511,128,9.105821e-04,1.0301,0.9944,0.055
4512,128,9.101987e-04,0.9531,0.9924,0.046
4513,128,9.098153e-04,0.9858,0.9920,0.046
4514,128,9.094320e-04,0.9835,0.9916,0.054
4515,128,9.090487e-04,1.0063,0.9923,0.049
4516,128,9.086654e-04,0.9891,0.9922,0.045
4517,128,9.082821e-04,0.9727,0.9912,0.048
4518,128,9.078988e-04,0.9728,0.9903,0.044
4519,128,9.075156e-04,0.9947,0.9905,0.047
4520,128,9.071324e-04,0.9835,0.9902,0.055
4521,128,9.067492e-04,0.9476,0.9880,0.046
4522,128,9.063661e-04,0.9924,0.9882,0.055
4523,128,9.059829e-04,1.0228,0.9900,0.056
4524,128,9.055998e-04,1.0134,0.9911,0.049
4525,128,9.052168e-04,0.9654,0.9899,0.047
4526,128,9.048337e-04,1.0026,0.9905,0.051
4527,128,9.044507e-04,0.9883,0.9904,0.045
4528,128,9.040677e-04,0.9964,0.9907,0.059
4529,128,9.036847e-04,1.0014,0.9912,0.048
4530,128,9.033017e-04,0.9768,0.9905,0.055
4531,128,9.029188e-04,0.9761,0.9898,0.049
4532,128,9.025359e-04,1.0128,0.9909,0.052
4533,128,9.021530e-04,0.9985,0.9913,0.059
4534,128,9.017701e-04,1.0100,0.9922,0.057
4535,128,9.013873e-04,1.0013,0.9927,0.054
4536,128,9.010044e-04,0.9672,0.9914,0.051
4537,128,9.006217e-04,0.9828,0.9910,0.053
4538,128,9.002389e-04,0.9878,0.9908,0.049
4539,128,8.998561e-04,0.9847,0.9905,0.047
4540,128,8.994734e-04,0.9941,0.9907,0.047
4541,128,8.990907e-04,0.9746,0.9899,0.051
4542,128,8.987081e-04,0.9996,0.9904,0.051
4543,128,8.983254e-04,0.9815,0.9899,0.047
4544,128,8.979428e-04,0.9424,0.9876,0.043
4545,128,8.975602e-04,0.9736,0.9869,0.052
4546,128,8.971777e-04,1.0099,0.9880,0.046
4547,128,8.967951e-04,0.9901,0.9881,0.049
4548,128,8.964126e-04,0.9728,0.9873,0.043
4549,128,8.960301e-04,0.9828,0.9871,0.050
4550,128,8.956477e-04,1.0042,0.9880,0.055
4551,128,8.952652e-04,0.9889,0.9880,0.058
4552,128,8.948828e-04,1.0324,0.9902,0.050
4553,128,8.945004e-04,1.0056,0.9910,0.044
4554,128,8.941181e-04,1.0056,0.9917,0.051
4555,128,8.937357e-04,1.0394,0.9941,0.048
4556,128,8.933534e-04,1.0068,0.9948,0.047
4557,128,8.929712e-04,1.0092,0.9955,0.045
4558,128,8.925889e-04,0.9897,0.9952,0.050
4559,128,8.922067e-04,0.9931,0.9951,0.048
4560,128,8.918245e-04,0.9810,0.9944,0.042
4561,128,8.914423e-04,0.9686,0.9931,0.052
4562,128,8.910602e-04,0.9805,0.9925,0.055
4563,128,8.906780e-04,1.0086,0.9933,0.048
4564,128,8.902959e-04,0.9800,0.9926,0.044
4565,128,8.899139e-04,0.9884,0.9924,0.048
4566,128,8.895318e-04,1.0019,0.9929,0.046
4567,128,8.891498e-04,0.9992,0.9932,0.048
4568,128,8.887678e-04,0.9758,0.9923,0.048
4569,128,8.883859e-04,0.9957,0.9925,0.052
4570,128,8.880039e-04,0.9982,0.9928,0.047
4571,128,8.876220e-04,0.9748,0.9919,0.050
4572,128,8.872401e-04,0.9792,0.9912,0.045
4573,128,8.868583e-04,1.0053,0.9919,0.045
4574,128,8.864764e-04,1.0011,0.9924,0.053
4575,128,8.860946e-04,1.0037,0.9930,0.050
4576,128,8.857129e-04,0.9953,0.9931,0.048
4577,128,8.853311e-04,0.9735,0.9921,0.051
4578,128,8.849494e-04,1.0033,0.9927,0.053
4579,128,8.845677e-04,0.9565,0.9909,0.046
4580,128,8.841861e-04,0.9788,0.9903,0.046
4581,128,8.838044e-04,1.0037,0.9909,0.047
4582,128,8.834228e-04,0.9621,0.9895,0.047
4583,128,8.830412e-04,0.9955,0.9898,0.063
4584,128,8.826597e-04,0.9795,0.9893,0.056
4585,128,8.822782e-04,0.9502,0.9873,0.053
4586,128,8.818967e-04,0.9593,0.9859,0.043
4587,128,8.815152e-04,0.9651,0.9849,0.045
4588,128,8.811337e-04,0.9673,0.9840,0.048
4589,128,8.807523e-04,0.9746,0.9835,0.049
4590,128,8.803709e-04,0.9881,0.9837,0.053
4591,128,8.799896e-04,0.9821,0.9837,0.046
4592,128,8.796083e-04,0.9889,0.9839,0.056
4593,128,8.792270e-04,0.9988,0.9847,0.055
4594,128,8.788457e-04,1.0034,0.9856,0.053
4595,128,8.784645e-04,0.9721,0.9849,0.050
4596,128,8.780832e-04,0.9890,0.9851,0.046
4597,128,8.777021e-04,1.0085,0.9863,0.053
4598,128,8.773209e-04,0.9468,0.9843,0.049
4599,128,8.769398e-04,0.9441,0.9823,0.047
4600,128,8.765587e-04,0.9714,0.9818,0.050
4601,128,8.761776e-04,0.9872,0.9820,0.055
4602,128,8.757966e-04,0.9989,0.9829,0.047
4603,128,8.754155e-04,0.9705,0.9823,0.050
4604,128,8.750346e-04,0.9909,0.9827,0.044
4605,128,8.746536e-04,0.9739,0.9823,0.050
4606,128,8.742727e-04,0.9901,0.9826,0.044
4607,128,8.738918e-04,1.0121,0.9841,0.052
4608,128,8.735109e-04,1.0126,0.9855,0.045
4609,128,8.731301e-04,0.9965,0.9861,0.053
4610,128,8.727493e-04,0.9926,0.9864,0.053
4611,128,8.723685e-04,0.9924,0.9867,0.049
4612,128,8.719878e-04,0.9834,0.9866,0.047
4613,128,8.716070e-04,0.9627,0.9854,0.048
4614,128,8.712263e-04,0.9630,0.9842,0.044
4615,128,8.708457e-04,1.0141,0.9857,0.048
4616,128,8.704651e-04,0.9863,0.9858,0.047
4617,128,8.700845e-04,0.9702,0.9850,0.044
4618,128,8.697039e-04,1.0121,0.9863,0.060
4619,128,8.693233e-04,0.9782,0.9859,0.045
4620,128,8.689428e-04,1.0029,0.9868,0.052
4621,128,8.685624e-04,0.9766,0.9863,0.048
4622,128,8.681819e-04,1.0195,0.9879,0.054
4623,128,8.678015e-04,0.9922,0.9881,0.062
4624,128,8.674211e-04,0.9449,0.9860,0.044
4625,128,8.670407e-04,0.9924,0.9863,0.052
4626,128,8.666604e-04,0.9749,0.9857,0.050
4627,128,8.662801e-04,0.9591,0.9844,0.043
4628,128,8.658998e-04,0.9783,0.9841,0.048
4629,128,8.655196e-04,0.9736,0.9836,0.049
4630,128,8.651394e-04,0.9755,0.9832,0.049
4631,128,8.647592e-04,1.0008,0.9840,0.048
4632,128,8.643791e-04,1.0094,0.9853,0.049
4633,128,8.639990e-04,0.9686,0.9845,0.046
4634,128,8.636189e-04,0.9812,0.9843,0.040
4635,128,8.632388e-04,0.9779,0.9840,0.045
4636,128,8.628588e-04,0.9897,0.9843,0.048
4637,128,8.624788e-04,0.9741,0.9838,0.046
4638,128,8.620989e-04,0.9723,0.9832,0.048
4639,128,8.617190e-04,0.9862,0.9833,0.045
4640,128,8.613391e-04,0.9674,0.9825,0.052
4641,128,8.609592e-04,0.9971,0.9833,0.060
4642,128,8.605794e-04,0.9705,0.9826,0.054
4643,128,8.601996e-04,1.0114,0.9841,0.050
4644,128,8.598198e-04,0.9729,0.9835,0.050
4645,128,8.594401e-04,1.0064,0.9847,0.044
4646,128,8.590603e-04,0.9882,0.9848,0.056
4647,128,8.586807e-04,0.9847,0.9848,0.047
4648,128,8.583010e-04,1.0097,0.9861,0.051
4649,128,8.579214e-04,0.9564,0.9846,0.048
4650,128,8.575418e-04,1.0249,0.9866,0.045
4651,128,8.571623e-04,1.0115,0.9878,0.055
4652,128,8.567828e-04,1.0017,0.9885,0.051
4653,128,8.564033e-04,0.9626,0.9872,0.053
4654,128,8.560239e-04,1.0143,0.9886,0.051
4655,128,8.556444e-04,1.0120,0.9898,0.046
4656,128,8.552651e-04,0.9870,0.9896,0.054
4657,128,8.548857e-04,0.9789,0.9891,0.047
4658,128,8.545064e-04,0.9721,0.9882,0.054
4659,128,8.541271e-04,0.9727,0.9875,0.054
4660,128,8.537478e-04,1.0173,0.9890,0.054
4661,128,8.533686e-04,0.9885,0.9889,0.045
4662,128,8.529894e-04,0.9778,0.9884,0.046
4663,128,8.526103e-04,1.0076,0.9893,0.047
4664,128,8.522311e-04,0.9830,0.9890,0.046
4665,128,8.518521e-04,0.9806,0.9886,0.046
4666,128,8.514730e-04,1.0036,0.9894,0.053
4667,128,8.510940e-04,0.9690,0.9883,0.046
4668,128,8.507150e-04,0.9759,0.9877,0.049
4669,128,8.503360e-04,0.9630,0.9865,0.045
4670,128,8.499571e-04,1.0074,0.9875,0.052
4671,128,8.495782e-04,0.9964,0.9880,0.046
4672,128,8.491993e-04,0.9902,0.9881,0.048
4673,128,8.488205e-04,0.9874,0.9880,0.047
4674,128,8.484417e-04,1.0073,0.9890,0.056
4675,128,8.480630e-04,0.9795,0.9885,0.050
4676,128,8.476843e-04,0.9855,0.9884,0.047
4677,128,8.473056e-04,0.9682,0.9874,0.045
4678,128,8.469269e-04,0.9940,0.9877,0.047
4679,128,8.465483e-04,0.9859,0.9876,0.045
4680,128,8.461697e-04,0.9966,0.9881,0.049
4681,128,8.457911e-04,0.9760,0.9875,0.041
4682,128,8.454126e-04,1.0000,0.9881,0.050
4683,128,8.450341e-04,0.9731,0.9873,0.047
4684,128,8.446557e-04,0.9589,0.9859,0.050
4685,128,8.442773e-04,1.0092,0.9871,0.054
4686,128,8.438989e-04,0.9822,0.9868,0.050
4687,128,8.435205e-04,0.9920,0.9871,0.052
4688,128,8.431422e-04,0.9357,0.9845,0.045
4689,128,8.427639e-04,0.9828,0.9844,0.047
4690,128,8.423857e-04,0.9998,0.9852,0.052
4691,128,8.420075e-04,0.9661,0.9843,0.047
4692,128,8.416293e-04,0.9757,0.9838,0.048
4693,128,8.412511e-04,0.9825,0.9838,0.046
4694,128,8.408730e-04,0.9864,0.9839,0.048
4695,128,8.404950e-04,0.9946,0.9844,0.059
4696,128,8.401169e-04,1.0152,0.9860,0.051
4697,128,8.397389e-04,0.9869,0.9860,0.049
4698,128,8.393609e-04,0.9884,0.9861,0.046
4699,128,8.389830e-04,0.9894,0.9863,0.047
4700,128,8.386051e-04,0.9546,0.9847,0.050
4701,128,8.382272e-04,0.9869,0.9848,0.048
4702,128,8.378494e-04,0.9981,0.9855,0.051
4703,128,8.374716e-04,0.9678,0.9846,0.049
4704,128,8.370939e-04,1.0038,0.9856,0.049
4705,128,8.367161e-04,0.9931,0.9859,0.049
4706,128,8.363385e-04,0.9853,0.9859,0.054
4707,128,8.359608e-04,1.0156,0.9874,0.054
4708,128,8.355832e-04,0.9896,0.9875,0.047
4709,128,8.352056e-04,1.0046,0.9883,0.051
4710,128,8.348281e-04,1.0073,0.9893,0.046
4711,128,8.344506e-04,0.9574,0.9877,0.047
4712,128,8.340731e-04,1.0163,0.9891,0.049
4713,128,8.336957e-04,0.9763,0.9885,0.051
4714,128,8.333183e-04,0.9917,0.9887,0.050
4715,128,8.329409e-04,0.9638,0.9874,0.052
4716,128,8.325636e-04,0.9845,0.9873,0.050
4717,128,8.321863e-04,0.9839,0.9871,0.049
4718,128,8.318090e-04,0.9740,0.9864,0.045
4719,128,8.314318e-04,1.0022,0.9872,0.047
4720,128,8.310546e-04,0.9668,0.9862,0.048
4721,128,8.306775e-04,0.9746,0.9856,0.040
4722,128,8.303004e-04,1.0017,0.9864,0.048
4723,128,8.299233e-04,0.9960,0.9869,0.050
4724,128,8.295462e-04,0.9774,0.9864,0.045
4725,128,8.291692e-04,0.9910,0.9867,0.050
4726,128,8.287923e-04,0.9746,0.9861,0.055
4727,128,8.284154e-04,0.9768,0.9856,0.053
4728,128,8.280385e-04,0.9796,0.9853,0.050
4729,128,8.276616e-04,0.9596,0.9840,0.051
4730,128,8.272848e-04,0.9857,0.9841,0.052
4731,128,8.269080e-04,0.9745,0.9836,0.051
4732,128,8.265313e-04,0.9953,0.9842,0.050
4733,128,8.261546e-04,0.9540,0.9827,0.049
4734,128,8.257779e-04,0.9844,0.9828,0.047
4735,128,8.254013e-04,0.9882,0.9831,0.052
4736,128,8.250247e-04,0.9955,0.9837,0.050
4737,128,8.246481e-04,0.9719,0.9831,0.047
4738,128,8.242716e-04,1.0077,0.9843,0.044
4739,128,8.238951e-04,0.9536,0.9828,0.046
4740,128,8.235187e-04,0.9917,0.9832,0.055
4741,128,8.231423e-04,0.9956,0.9838,0.045
4742,128,8.227659e-04,0.9859,0.9839,0.052
4743,128,8.223896e-04,0.9728,0.9834,0.043
4744,128,8.220133e-04,1.0022,0.9843,0.045
4745,128,8.216370e-04,0.9819,0.9842,0.049
4746,128,8.212608e-04,1.0010,0.9851,0.048
4747,128,8.208847e-04,0.9699,0.9843,0.049
4748,128,8.205085e-04,0.9771,0.9839,0.057
4749,128,8.201324e-04,0.9765,0.9836,0.059
4750,128,8.197563e-04,0.9748,0.9831,0.044
4751,128,8.193803e-04,1.0102,0.9845,0.055
4752,128,8.190043e-04,0.9706,0.9838,0.044
4753,128,8.186284e-04,0.9536,0.9823,0.051
4754,128,8.182525e-04,0.9601,0.9812,0.051
4755,128,8.178766e-04,1.0030,0.9823,0.046
4756,128,8.175008e-04,0.9916,0.9827,0.050
4757,128,8.171250e-04,0.9906,0.9831,0.046
4758,128,8.167492e-04,0.9858,0.9833,0.049
4759,128,8.163735e-04,0.9849,0.9833,0.053
4760,128,8.159978e-04,0.9682,0.9826,0.053
4761,128,8.156222e-04,0.9984,0.9834,0.057
4762,128,8.152466e-04,0.9860,0.9835,0.049
4763,128,8.148710e-04,0.9961,0.9841,0.052
4764,128,8.144955e-04,0.9990,0.9849,0.046
4765,128,8.141200e-04,1.0029,0.9858,0.041
4766,128,8.137446e-04,0.9682,0.9849,0.045
4767,128,8.133692e-04,0.9990,0.9856,0.047
4768,128,8.129938e-04,0.9937,0.9860,0.046
4769,128,8.126185e-04,0.9796,0.9857,0.046
4770,128,8.122432e-04,0.9888,0.9858,0.046
4771,128,8.118680e-04,0.9448,0.9838,0.042
4772,128,8.114928e-04,1.0168,0.9854,0.046
4773,128,8.111176e-04,0.9782,0.9851,0.051
4774,128,8.107425e-04,0.9974,0.9857,0.052
4775,128,8.103674e-04,1.0015,0.9865,0.046
4776,128,8.099924e-04,0.9522,0.9848,0.051
4777,128,8.096174e-04,0.9945,0.9853,0.053
4778,128,8.092424e-04,0.9881,0.9854,0.048
4779,128,8.088675e-04,0.9467,0.9835,0.048
4780,128,8.084926e-04,0.9937,0.9840,0.051
4781,128,8.081177e-04,0.9977,0.9847,0.048
4782,128,8.077429e-04,0.9945,0.9852,0.049
4783,128,8.073682e-04,0.9861,0.9852,0.045
4784,128,8.069934e-04,0.9999,0.9859,0.048
4785,128,8.066188e-04,0.9739,0.9853,0.042
4786,128,8.062441e-04,1.0066,0.9864,0.046
4787,128,8.058695e-04,0.9935,0.9868,0.057
4788,128,8.054950e-04,0.9859,0.9867,0.061
4789,128,8.051204e-04,0.9799,0.9864,0.048
4790,128,8.047460e-04,1.0140,0.9878,0.044
4791,128,8.043715e-04,0.9694,0.9868,0.046
4792,128,8.039971e-04,0.9725,0.9861,0.048
4793,128,8.036228e-04,0.9614,0.9849,0.047
4794,128,8.032484e-04,0.9961,0.9854,0.038
4795,128,8.028742e-04,1.0271,0.9875,0.043
4796,128,8.024999e-04,0.9756,0.9869,0.045
4797,128,8.021257e-04,1.0015,0.9877,0.042
4798,128,8.017516e-04,0.9798,0.9873,0.055
4799,128,8.013775e-04,0.9872,0.9873,0.048
4800,128,8.010034e-04,0.9466,0.9852,0.051
4801,128,8.006294e-04,0.9639,0.9842,0.048
4802,128,8.002554e-04,0.9543,0.9827,0.047
4803,128,7.998814e-04,0.9924,0.9831,0.045
4804,128,7.995075e-04,0.9881,0.9834,0.051
4805,128,7.991337e-04,0.9674,0.9826,0.049
4806,128,7.987599e-04,0.9638,0.9817,0.050
4807,128,7.983861e-04,0.9772,0.9814,0.049
4808,128,7.980123e-04,0.9669,0.9807,0.047
4809,128,7.976386e-04,0.9724,0.9803,0.047
4810,128,7.972650e-04,0.9404,0.9783,0.046
4811,128,7.968914e-04,0.9786,0.9783,0.051
4812,128,7.965178e-04,0.9494,0.9769,0.042
4813,128,7.961443e-04,0.9713,0.9766,0.049
4814,128,7.957708e-04,0.9587,0.9757,0.050
4815,128,7.953974e-04,0.9746,0.9756,0.052
4816,128,7.950240e-04,0.9897,0.9763,0.049
4817,128,7.946506e-04,0.9653,0.9758,0.042
4818,128,7.942773e-04,0.9652,0.9753,0.046
4819,128,7.939040e-04,0.9441,0.9737,0.043
4820,128,7.935308e-04,1.0070,0.9754,0.052
4821,128,7.931576e-04,0.9900,0.9761,0.054
4822,128,7.927845e-04,0.9874,0.9767,0.050
4823,128,7.924114e-04,0.9951,0.9776,0.052
4824,128,7.920383e-04,0.9958,0.9785,0.044
4825,128,7.916653e-04,0.9736,0.9783,0.050
4826,128,7.912923e-04,0.9815,0.9784,0.047
4827,128,7.909194e-04,0.9718,0.9781,0.045
4828,128,7.905465e-04,0.9737,0.9779,0.041
4829,128,7.901737e-04,0.9898,0.9785,0.045
4830,128,7.898009e-04,0.9642,0.9777,0.042
4831,128,7.894281e-04,0.9773,0.9777,0.045
4832,128,7.890554e-04,0.9870,0.9782,0.048
4833,128,7.886827e-04,1.0038,0.9795,0.059
4834,128,7.883101e-04,0.9690,0.9790,0.042
4835,128,7.879375e-04,0.9700,0.9785,0.054
4836,128,7.875650e-04,0.9708,0.9781,0.050
4837,128,7.871925e-04,0.9968,0.9791,0.051
4838,128,7.868200e-04,0.9774,0.9790,0.050
4839,128,7.864476e-04,0.9637,0.9782,0.048
4840,128,7.860753e-04,1.0015,0.9794,0.047
4841,128,7.857030e-04,0.9868,0.9797,0.048
4842,128,7.853307e-04,0.9937,0.9804,0.045
4843,128,7.849584e-04,0.9566,0.9792,0.046
4844,128,7.845863e-04,0.9829,0.9794,0.046
4845,128,7.842141e-04,0.9637,0.9786,0.044
4846,128,7.838420e-04,0.9508,0.9773,0.040
4847,128,7.834700e-04,0.9896,0.9779,0.057
4848,128,7.830980e-04,0.9753,0.9777,0.051
4849,128,7.827260e-04,0.9564,0.9767,0.047
4850,128,7.823541e-04,0.9887,0.9773,0.044
4851,128,7.819822e-04,0.9855,0.9777,0.051
4852,128,7.816104e-04,1.0004,0.9788,0.043
4853,128,7.812386e-04,0.9918,0.9795,0.049
4854,128,7.808668e-04,0.9999,0.9805,0.050
4855,128,7.804951e-04,0.9656,0.9797,0.046
4856,128,7.801235e-04,0.9638,0.9789,0.048
4857,128,7.797519e-04,0.9496,0.9775,0.043
4858,128,7.793803e-04,0.9961,0.9784,0.053
4859,128,7.790088e-04,0.9930,0.9791,0.050
4860,128,7.786373e-04,1.0075,0.9806,0.057
4861,128,7.782659e-04,0.9659,0.9798,0.045
4862,128,7.778945e-04,1.0101,0.9813,0.059
4863,128,7.775232e-04,1.0085,0.9827,0.054
4864,128,7.771519e-04,0.9834,0.9827,0.055
4865,128,7.767806e-04,0.9677,0.9820,0.044
4866,128,7.764094e-04,1.0127,0.9835,0.056
4867,128,7.760383e-04,0.9736,0.9830,0.048
4868,128,7.756672e-04,0.9880,0.9833,0.048
4869,128,7.752961e-04,0.9636,0.9823,0.048
4870,128,7.749251e-04,0.9725,0.9818,0.044
4871,128,7.745541e-04,0.9935,0.9824,0.046
4872,128,7.741832e-04,0.9705,0.9818,0.044
4873,128,7.738123e-04,0.9792,0.9817,0.042
4874,128,7.734415e-04,0.9583,0.9805,0.043
4875,128,7.730707e-04,0.9774,0.9803,0.040
4876,128,7.726999e-04,0.9698,0.9798,0.054
4877,128,7.723293e-04,0.9764,0.9796,0.046
4878,128,7.719586e-04,0.9835,0.9798,0.046
4879,128,7.715880e-04,0.9699,0.9793,0.044
4880,128,7.712174e-04,0.9595,0.9783,0.044
4881,128,7.708469e-04,0.9793,0.9784,0.046
4882,128,7.704765e-04,0.9623,0.9776,0.045
4883,128,7.701060e-04,0.9942,0.9784,0.046
4884,128,7.697357e-04,0.9737,0.9782,0.050
4885,128,7.693654e-04,0.9769,0.9781,0.046
4886,128,7.689951e-04,1.0007,0.9792,0.051
4887,128,7.686248e-04,0.9990,0.9802,0.043
4888,128,7.682547e-04,0.9959,0.9810,0.043
4889,128,7.678845e-04,1.0149,0.9827,0.054
4890,128,7.675144e-04,1.0066,0.9839,0.050
4891,128,7.671444e-04,0.9880,0.9841,0.054
4892,128,7.667744e-04,1.0016,0.9850,0.050
4893,128,7.664044e-04,0.9707,0.9843,0.051
4894,128,7.660345e-04,0.9875,0.9844,0.050
4895,128,7.656647e-04,0.9826,0.9843,0.048
4896,128,7.652949e-04,0.9702,0.9836,0.051
4897,128,7.649251e-04,0.9643,0.9827,0.047
4898,128,7.645554e-04,0.9942,0.9832,0.049
4899,128,7.641857e-04,0.9419,0.9812,0.049
4900,128,7.638161e-04,0.9692,0.9806,0.051
4901,128,7.634466e-04,0.9886,0.9810,0.053
4902,128,7.630770e-04,0.9677,0.9803,0.044
4903,128,7.627076e-04,1.0156,0.9821,0.048
4904,128,7.623381e-04,0.9961,0.9828,0.046
4905,128,7.619687e-04,0.9944,0.9834,0.048
4906,128,7.615994e-04,0.9829,0.9833,0.046
4907,128,7.612301e-04,0.9759,0.9830,0.048
4908,128,7.608609e-04,0.9935,0.9835,0.043
4909,128,7.604917e-04,0.9857,0.9836,0.049
4910,128,7.601226e-04,0.9910,0.9840,0.040
4911,128,7.597535e-04,0.9915,0.9844,0.050
4912,128,7.593844e-04,0.9608,0.9832,0.041
4913,128,7.590154e-04,0.9584,0.9819,0.049
4914,128,7.586465e-04,0.9922,0.9825,0.046
4915,128,7.582776e-04,0.9577,0.9812,0.053
4916,128,7.579088e-04,0.9835,0.9813,0.048
4917,128,7.575400e-04,0.9639,0.9805,0.047
4918,128,7.571712e-04,0.9874,0.9808,0.046
4919,128,7.568025e-04,0.9393,0.9787,0.054
4920,128,7.564339e-04,0.9447,0.9770,0.046
4921,128,7.560653e-04,0.9709,0.9767,0.049
4922,128,7.556967e-04,0.9975,0.9778,0.046
4923,128,7.553282e-04,0.9665,0.9772,0.046
4924,128,7.549597e-04,0.9638,0.9765,0.055
4925,128,7.545913e-04,0.9533,0.9754,0.048
4926,128,7.542230e-04,0.9801,0.9756,0.047
4927,128,7.538547e-04,0.9668,0.9752,0.048
4928,128,7.534864e-04,0.9737,0.9751,0.049
4929,128,7.531182e-04,0.9756,0.9751,0.047
4930,128,7.527500e-04,1.0088,0.9768,0.044
4931,128,7.523819e-04,0.9817,0.9770,0.045
4932,128,7.520138e-04,0.9707,0.9767,0.050
4933,128,7.516458e-04,0.9570,0.9757,0.049
4934,128,7.512779e-04,0.9504,0.9745,0.049
4935,128,7.509100e-04,1.0038,0.9759,0.052
4936,128,7.505421e-04,0.9970,0.9770,0.047
4937,128,7.501743e-04,0.9753,0.9769,0.046
4938,128,7.498065e-04,0.9398,0.9750,0.046
4939,128,7.494388e-04,1.0034,0.9765,0.047
4940,128,7.490711e-04,1.0021,0.9777,0.049
4941,128,7.487035e-04,1.0126,0.9795,0.042
4942,128,7.483360e-04,0.9803,0.9795,0.047
4943,128,7.479684e-04,0.9867,0.9799,0.049
4944,128,7.476010e-04,0.9963,0.9807,0.044
4945,128,7.472336e-04,1.0059,0.9820,0.046
4946,128,7.468662e-04,0.9890,0.9823,0.045
4947,128,7.464989e-04,0.9882,0.9826,0.048
4948,128,7.461316e-04,0.9856,0.9828,0.049
4949,128,7.457644e-04,0.9621,0.9817,0.048
4950,128,7.453973e-04,0.9921,0.9822,0.058
4951,128,7.450302e-04,0.9614,0.9812,0.048
4952,128,7.446631e-04,0.9660,0.9804,0.043
4953,128,7.442961e-04,0.9510,0.9790,0.048
4954,128,7.439291e-04,0.9707,0.9786,0.053
4955,128,7.435622e-04,0.9805,0.9787,0.049
4956,128,7.431954e-04,0.9806,0.9788,0.047
4957,128,7.428286e-04,0.9914,0.9794,0.040
4958,128,7.424618e-04,0.9742,0.9791,0.051
4959,128,7.420951e-04,0.9519,0.9778,0.049
4960,128,7.417285e-04,0.9821,0.9780,0.050
4961,128,7.413619e-04,0.9627,0.9772,0.048
4962,128,7.409953e-04,0.9839,0.9775,0.049
4963,128,7.406288e-04,0.9732,0.9773,0.046
4964,128,7.402624e-04,0.9674,0.9768,0.047
4965,128,7.398960e-04,0.9719,0.9766,0.044
4966,128,7.395296e-04,0.9816,0.9768,0.054
4967,128,7.391633e-04,0.9640,0.9762,0.047
4968,128,7.387971e-04,0.9800,0.9764,0.050
4969,128,7.384309e-04,1.0044,0.9778,0.053
4970,128,7.380648e-04,0.9738,0.9776,0.046
4971,128,7.376987e-04,0.9898,0.9782,0.053
4972,128,7.373327e-04,0.9567,0.9771,0.054
4973,128,7.369667e-04,0.9806,0.9773,0.046
4974,128,7.366008e-04,0.9959,0.9782,0.052
4975,128,7.362349e-04,0.9819,0.9784,0.043
4976,128,7.358691e-04,0.9878,0.9789,0.044
4977,128,7.355033e-04,0.9861,0.9792,0.047
4978,128,7.351376e-04,0.9624,0.9784,0.047
4979,128,7.347719e-04,0.9566,0.9773,0.049
4980,128,7.344063e-04,0.9904,0.9780,0.057
4981,128,7.340407e-04,0.9537,0.9767,0.048
4982,128,7.336752e-04,0.9815,0.9770,0.050
4983,128,7.333098e-04,0.9957,0.9779,0.050
4984,128,7.329444e-04,0.9849,0.9783,0.045
4985,128,7.325790e-04,0.9819,0.9784,0.057
4986,128,7.322137e-04,0.9965,0.9794,0.051
4987,128,7.318485e-04,0.9667,0.9787,0.049
4988,128,7.314833e-04,0.9650,0.9780,0.049
4989,128,7.311182e-04,0.9786,0.9781,0.049
4990,128,7.307531e-04,1.0014,0.9792,0.052
4991,128,7.303880e-04,0.9508,0.9778,0.047
4992,128,7.300231e-04,0.9979,0.9788,0.050
4993,128,7.296581e-04,0.9573,0.9777,0.042
4994,128,7.292933e-04,0.9916,0.9784,0.047
4995,128,7.289285e-04,0.9823,0.9786,0.051
4996,128,7.285637e-04,0.9668,0.9780,0.049
4997,128,7.281990e-04,0.9787,0.9781,0.046
4998,128,7.278343e-04,0.9689,0.9776,0.046
4999,128,7.274697e-04,0.9810,0.9778,0.051
5000,128,7.271052e-04,0.9915,0.9785,0.048
5001,128,7.267407e-04,0.9766,0.9784,0.052
5002,128,7.263762e-04,0.9871,0.9788,0.051
5003,128,7.260118e-04,0.9755,0.9786,0.048
5004,128,7.256475e-04,0.9868,0.9790,0.048
5005,128,7.252832e-04,0.9811,0.9792,0.046
5006,128,7.249190e-04,0.9842,0.9794,0.049
5007,128,7.245548e-04,0.9593,0.9784,0.047
5008,128,7.241907e-04,0.9754,0.9782,0.048
5009,128,7.238266e-04,0.9899,0.9788,0.048
5010,128,7.234626e-04,0.9710,0.9784,0.042
5011,128,7.230987e-04,0.9921,0.9791,0.049
5012,128,7.227348e-04,1.0162,0.9810,0.052
5013,128,7.223709e-04,1.0069,0.9823,0.054
5014,128,7.220071e-04,0.9777,0.9820,0.053
5015,128,7.216434e-04,1.0273,0.9843,0.056
5016,128,7.212797e-04,0.9822,0.9842,0.045
5017,128,7.209161e-04,0.9904,0.9845,0.050
5018,128,7.205525e-04,0.9599,0.9833,0.044
5019,128,7.201890e-04,0.9867,0.9835,0.048
5020,128,7.198255e-04,0.9868,0.9836,0.052
5021,128,7.194621e-04,0.9956,0.9842,0.044
5022,128,7.190988e-04,0.9530,0.9827,0.045
5023,128,7.187355e-04,0.9772,0.9824,0.046
5024,128,7.183722e-04,0.9908,0.9828,0.047
5025,128,7.180090e-04,0.9582,0.9816,0.054
5026,128,7.176459e-04,0.9873,0.9819,0.046
5027,128,7.172828e-04,0.9734,0.9814,0.046
5028,128,7.169198e-04,0.9818,0.9815,0.051
5029,128,7.165568e-04,0.9748,0.9811,0.050
5030,128,7.161939e-04,0.9619,0.9802,0.048
5031,128,7.158311e-04,0.9967,0.9810,0.047
5032,128,7.154683e-04,0.9785,0.9809,0.044
5033,128,7.151055e-04,0.9496,0.9793,0.045
5034,128,7.147428e-04,0.9868,0.9797,0.047
5035,128,7.143802e-04,1.0046,0.9809,0.056
5036,128,7.140176e-04,0.9879,0.9813,0.045
5037,128,7.136551e-04,0.9627,0.9803,0.046
5038,128,7.132926e-04,1.0093,0.9818,0.044
5039,128,7.129302e-04,0.9657,0.9810,0.045
5040,128,7.125679e-04,0.9734,0.9806,0.042
5041,128,7.122056e-04,0.9284,0.9780,0.041
5042,128,7.118433e-04,0.9792,0.9781,0.041
5043,128,7.114811e-04,1.0068,0.9795,0.047
5044,128,7.111190e-04,0.9758,0.9793,0.050
5045,128,7.107569e-04,0.9777,0.9792,0.054
5046,128,7.103949e-04,0.9618,0.9784,0.050
5047,128,7.100330e-04,0.9839,0.9786,0.050
5048,128,7.096711e-04,0.9557,0.9775,0.044
5049,128,7.093092e-04,0.9865,0.9779,0.048
5050,128,7.089474e-04,0.9762,0.9779,0.049
5051,128,7.085857e-04,0.9825,0.9781,0.048
5052,128,7.082240e-04,0.9800,0.9782,0.044
5053,128,7.078624e-04,0.9764,0.9781,0.053
5054,128,7.075008e-04,0.9665,0.9775,0.046
5055,128,7.071393e-04,0.9903,0.9782,0.049
5056,128,7.067779e-04,1.0016,0.9793,0.048
5057,128,7.064165e-04,0.9621,0.9785,0.052
5058,128,7.060552e-04,0.9584,0.9775,0.041
5059,128,7.056939e-04,0.9933,0.9783,0.049
5060,128,7.053327e-04,1.0013,0.9794,0.049
5061,128,7.049715e-04,0.9818,0.9795,0.047
5062,128,7.046104e-04,0.9998,0.9805,0.052
5063,128,7.042494e-04,0.9731,0.9802,0.047
5064,128,7.038884e-04,0.9834,0.9803,0.049
5065,128,7.035275e-04,0.9849,0.9806,0.048
5066,128,7.031666e-04,0.9845,0.9808,0.052
5067,128,7.028058e-04,0.9787,0.9807,0.044
5068,128,7.024450e-04,0.9802,0.9806,0.045
5069,128,7.020843e-04,0.9595,0.9796,0.047
5070,128,7.017237e-04,0.9678,0.9790,0.049
5071,128,7.013631e-04,0.9643,0.9782,0.047
5072,128,7.010026e-04,0.9931,0.9790,0.049
5073,128,7.006421e-04,0.9433,0.9772,0.048
5074,128,7.002817e-04,0.9727,0.9770,0.047
5075,128,6.999213e-04,0.9719,0.9767,0.049
5076,128,6.995610e-04,0.9740,0.9766,0.047
5077,128,6.992008e-04,0.9931,0.9774,0.050
5078,128,6.988406e-04,0.9414,0.9756,0.045
5079,128,6.984805e-04,0.9567,0.9747,0.050
5080,128,6.981204e-04,0.9654,0.9742,0.049
5081,128,6.977604e-04,0.9537,0.9732,0.044
5082,128,6.974005e-04,0.9718,0.9731,0.046
5083,128,6.970406e-04,0.9865,0.9738,0.048
5084,128,6.966808e-04,0.9772,0.9739,0.048
5085,128,6.963210e-04,0.9738,0.9739,0.053
5086,128,6.959613e-04,0.9555,0.9730,0.052
5087,128,6.956017e-04,0.9604,0.9724,0.049
5088,128,6.952421e-04,0.9837,0.9730,0.048
5089,128,6.948826e-04,0.9825,0.9734,0.046
5090,128,6.945231e-04,0.9860,0.9741,0.044
5091,128,6.941637e-04,0.9657,0.9736,0.047
5092,128,6.938043e-04,0.9727,0.9736,0.045
5093,128,6.934450e-04,0.9624,0.9730,0.048
5094,128,6.930858e-04,0.9762,0.9732,0.040
5095,128,6.927266e-04,0.9890,0.9740,0.059
5096,128,6.923675e-04,0.9757,0.9741,0.049
5097,128,6.920084e-04,0.9956,0.9751,0.058
5098,128,6.916494e-04,0.9831,0.9755,0.052
5099,128,6.912905e-04,0.9854,0.9760,0.056
5100,128,6.909316e-04,0.9749,0.9760,0.058
5101,128,6.905728e-04,0.9758,0.9760,0.051
5102,128,6.902141e-04,0.9899,0.9767,0.051
5103,128,6.898554e-04,1.0032,0.9780,0.049
5104,128,6.894967e-04,0.9667,0.9774,0.049
5105,128,6.891381e-04,0.9904,0.9781,0.054
5106,128,6.887796e-04,0.9654,0.9774,0.043
5107,128,6.884212e-04,0.9885,0.9780,0.044
5108,128,6.880628e-04,0.9855,0.9784,0.047
5109,128,6.877044e-04,0.9773,0.9783,0.044
5110,128,6.873462e-04,0.9587,0.9773,0.046
5111,128,6.869879e-04,0.9554,0.9762,0.046
5112,128,6.866298e-04,0.9528,0.9751,0.048
5113,128,6.862717e-04,1.0163,0.9771,0.048
5114,128,6.859137e-04,0.9644,0.9765,0.044
5115,128,6.855557e-04,0.9865,0.9770,0.048
5116,128,6.851978e-04,0.9522,0.9758,0.051
5117,128,6.848399e-04,0.9664,0.9753,0.045
5118,128,6.844821e-04,0.9514,0.9741,0.048
5119,128,6.841244e-04,0.9420,0.9725,0.047
5120,128,6.837667e-04,0.9550,0.9716,0.050
5121,128,6.834091e-04,0.9913,0.9726,0.056
5122,128,6.830516e-04,0.9332,0.9706,0.046
5123,128,6.826941e-04,0.9752,0.9709,0.050
5124,128,6.823367e-04,0.9978,0.9722,0.048
5125,128,6.819793e-04,0.9980,0.9735,0.049
5126,128,6.816220e-04,0.9807,0.9739,0.045
5127,128,6.812648e-04,0.9944,0.9749,0.046
5128,128,6.809076e-04,0.9808,0.9752,0.046
5129,128,6.805505e-04,0.9712,0.9750,0.045
5130,128,6.801934e-04,1.0117,0.9768,0.054
5131,128,6.798364e-04,0.9738,0.9767,0.043
5132,128,6.794795e-04,1.0084,0.9783,0.051
5133,128,6.791226e-04,0.9725,0.9780,0.046
5134,128,6.787658e-04,0.9660,0.9774,0.044
5135,128,6.784090e-04,0.9762,0.9773,0.045
5136,128,6.780523e-04,0.9744,0.9772,0.052
5137,128,6.776957e-04,0.9586,0.9762,0.045
5138,128,6.773392e-04,0.9653,0.9757,0.050
5139,128,6.769827e-04,0.9526,0.9745,0.050
5140,128,6.766262e-04,0.9397,0.9728,0.047
5141,128,6.762698e-04,0.9631,0.9723,0.047
5142,128,6.759135e-04,0.9512,0.9713,0.045
5143,128,6.755573e-04,1.0025,0.9728,0.047
5144,128,6.752011e-04,1.0088,0.9746,0.050
5145,128,6.748450e-04,0.9603,0.9739,0.049
5146,128,6.744889e-04,0.9661,0.9735,0.050
5147,128,6.741329e-04,0.9740,0.9735,0.054
5148,128,6.737769e-04,0.9874,0.9742,0.049
5149,128,6.734211e-04,0.9814,0.9746,0.046
5150,128,6.730653e-04,0.9446,0.9731,0.043
5151,128,6.727095e-04,0.9696,0.9729,0.046
5152,128,6.723538e-04,0.9627,0.9724,0.044
5153,128,6.719982e-04,0.9672,0.9721,0.042
5154,128,6.716426e-04,0.9706,0.9721,0.047
5155,128,6.712871e-04,0.9659,0.9718,0.043
5156,128,6.709317e-04,0.9455,0.9704,0.047
5157,128,6.705763e-04,0.9399,0.9689,0.043
5158,128,6.702210e-04,0.9601,0.9685,0.053
5159,128,6.698658e-04,0.9828,0.9692,0.051
5160,128,6.695106e-04,0.9558,0.9685,0.044
5161,128,6.691554e-04,0.9854,0.9694,0.047
5162,128,6.688004e-04,0.9809,0.9699,0.046
5163,128,6.684454e-04,0.9607,0.9695,0.044
5164,128,6.680905e-04,0.9420,0.9681,0.047
5165,128,6.677356e-04,0.9858,0.9690,0.057
5166,128,6.673808e-04,0.9560,0.9683,0.052
5167,128,6.670260e-04,0.9772,0.9688,0.048
5168,128,6.666714e-04,0.9931,0.9700,0.055
5169,128,6.663168e-04,0.9711,0.9701,0.045
5170,128,6.659622e-04,0.9855,0.9708,0.048
5171,128,6.656077e-04,0.9669,0.9706,0.045
5172,128,6.652533e-04,0.9866,0.9714,0.050
5173,128,6.648989e-04,0.9705,0.9714,0.047
5174,128,6.645447e-04,0.9702,0.9713,0.043
5175,128,6.641904e-04,0.9920,0.9724,0.051
5176,128,6.638363e-04,0.9873,0.9731,0.043
5177,128,6.634822e-04,0.9979,0.9743,0.050
5178,128,6.631281e-04,0.9922,0.9752,0.047
5179,128,6.627742e-04,0.9797,0.9755,0.049
5180,128,6.624202e-04,0.9864,0.9760,0.050
5181,128,6.620664e-04,0.9816,0.9763,0.050
5182,128,6.617126e-04,0.9907,0.9770,0.046
5183,128,6.613589e-04,1.0225,0.9793,0.045
5184,128,6.610053e-04,0.9805,0.9793,0.047
5185,128,6.606517e-04,0.9860,0.9797,0.048
5186,128,6.602982e-04,0.9618,0.9788,0.044
5187,128,6.599447e-04,0.9747,0.9786,0.050
5188,128,6.595913e-04,0.9841,0.9788,0.046
5189,128,6.592380e-04,1.0078,0.9803,0.061
5190,128,6.588847e-04,0.9538,0.9790,0.045
5191,128,6.585315e-04,0.9856,0.9793,0.054
5192,128,6.581784e-04,0.9826,0.9795,0.045
5193,128,6.578254e-04,0.9881,0.9799,0.053
5194,128,6.574724e-04,0.9644,0.9791,0.046
5195,128,6.571194e-04,0.9412,0.9772,0.046
5196,128,6.567666e-04,0.9902,0.9779,0.058
5197,128,6.564138e-04,0.9642,0.9772,0.053
5198,128,6.560610e-04,0.9747,0.9771,0.053
5199,128,6.557083e-04,0.9784,0.9771,0.048
5200,128,6.553557e-04,0.9834,0.9774,0.048
5201,128,6.550032e-04,0.9697,0.9771,0.049
5202,128,6.546507e-04,0.9365,0.9750,0.050
5203,128,6.542983e-04,0.9763,0.9751,0.044
5204,128,6.539460e-04,0.9972,0.9762,0.045
5205,128,6.535937e-04,0.9741,0.9761,0.045
5206,128,6.532415e-04,0.9788,0.9762,0.049
5207,128,6.528893e-04,0.9796,0.9764,0.046
5208,128,6.525373e-04,0.9866,0.9769,0.047
5209,128,6.521853e-04,0.9868,0.9774,0.049
5210,128,6.518333e-04,0.9436,0.9757,0.047
5211,128,6.514814e-04,1.0011,0.9770,0.048
5212,128,6.511296e-04,0.9728,0.9768,0.050
5213,128,6.507779e-04,0.9775,0.9768,0.060
5214,128,6.504262e-04,0.9817,0.9771,0.049
5215,128,6.500746e-04,0.9535,0.9759,0.049
5216,128,6.497230e-04,0.9759,0.9759,0.053
5217,128,6.493715e-04,1.0073,0.9774,0.050
5218,128,6.490201e-04,0.9852,0.9778,0.048
5219,128,6.486688e-04,1.0101,0.9794,0.050
5220,128,6.483175e-04,0.9672,0.9788,0.041
5221,128,6.479663e-04,0.9653,0.9782,0.043
5222,128,6.476151e-04,0.9768,0.9781,0.043
5223,128,6.472641e-04,0.9509,0.9767,0.043
5224,128,6.469131e-04,0.9739,0.9766,0.043
5225,128,6.465621e-04,1.0216,0.9788,0.047
5226,128,6.462112e-04,0.9718,0.9785,0.048
5227,128,6.458604e-04,0.9634,0.9777,0.049
5228,128,6.455097e-04,0.9728,0.9775,0.047
5229,128,6.451590e-04,0.9641,0.9768,0.055
5230,128,6.448084e-04,0.9687,0.9764,0.050
5231,128,6.444578e-04,0.9986,0.9775,0.049
5232,128,6.441074e-04,1.0168,0.9795,0.056
5233,128,6.437570e-04,0.9708,0.9790,0.046
5234,128,6.434066e-04,0.9545,0.9778,0.055
5235,128,6.430564e-04,0.9977,0.9788,0.056
5236,128,6.427062e-04,0.9792,0.9788,0.054
5237,128,6.423560e-04,0.9902,0.9794,0.051
5238,128,6.420059e-04,0.9950,0.9802,0.045
5239,128,6.416559e-04,0.9674,0.9795,0.047
5240,128,6.413060e-04,0.9709,0.9791,0.039
5241,128,6.409562e-04,1.0027,0.9803,0.048
5242,128,6.406064e-04,0.9824,0.9804,0.048
5243,128,6.402566e-04,0.9702,0.9799,0.046
5244,128,6.399070e-04,0.9762,0.9797,0.050
5245,128,6.395574e-04,0.9583,0.9786,0.043
5246,128,6.392079e-04,0.9762,0.9785,0.043
5247,128,6.388584e-04,0.9628,0.9777,0.046
5248,128,6.385090e-04,0.9815,0.9779,0.043
5249,128,6.381597e-04,0.9785,0.9779,0.048
5250,128,6.378104e-04,0.9641,0.9773,0.051
5251,128,6.374613e-04,0.9808,0.9774,0.048
5252,128,6.371122e-04,0.9804,0.9776,0.045
5253,128,6.367631e-04,0.9730,0.9773,0.046
5254,128,6.364141e-04,0.9661,0.9768,0.043
5255,128,6.360652e-04,0.9500,0.9754,0.043
5256,128,6.357164e-04,0.9675,0.9750,0.043
5257,128,6.353676e-04,0.9789,0.9752,0.047
5258,128,6.350189e-04,0.9761,0.9753,0.047
5259,128,6.346703e-04,0.9599,0.9745,0.052
5260,128,6.343217e-04,0.9831,0.9749,0.052
5261,128,6.339733e-04,0.9686,0.9746,0.051
5262,128,6.336248e-04,0.9640,0.9741,0.050
5263,128,6.332765e-04,1.0052,0.9757,0.046
5264,128,6.329282e-04,0.9626,0.9750,0.051
5265,128,6.325800e-04,0.9681,0.9747,0.046
5266,128,6.322318e-04,0.9829,0.9751,0.045
5267,128,6.318838e-04,0.9703,0.9748,0.050
5268,128,6.315358e-04,0.9818,0.9752,0.044
5269,128,6.311878e-04,0.9771,0.9753,0.043
5270,128,6.308400e-04,0.9560,0.9743,0.047
5271,128,6.304922e-04,0.9991,0.9755,0.049
5272,128,6.301444e-04,0.9782,0.9757,0.057
5273,128,6.297968e-04,0.9871,0.9762,0.059
5274,128,6.294492e-04,0.9758,0.9762,0.055
5275,128,6.291017e-04,0.9444,0.9746,0.050
5276,128,6.287542e-04,0.9649,0.9741,0.044
5277,128,6.284069e-04,0.9533,0.9731,0.042
5278,128,6.280595e-04,0.9755,0.9732,0.051
5279,128,6.277123e-04,0.9917,0.9742,0.044
5280,128,6.273651e-04,0.9901,0.9750,0.052
5281,128,6.270180e-04,0.9852,0.9755,0.050
5282,128,6.266710e-04,0.9729,0.9753,0.053
5283,128,6.263241e-04,0.9623,0.9747,0.046
5284,128,6.259772e-04,0.9539,0.9736,0.050
5285,128,6.256304e-04,0.9894,0.9744,0.045
5286,128,6.252836e-04,0.9688,0.9741,0.050
5287,128,6.249370e-04,0.9858,0.9747,0.053
5288,128,6.245904e-04,0.9906,0.9755,0.046
5289,128,6.242438e-04,0.9922,0.9764,0.046
5290,128,6.238974e-04,1.0038,0.9777,0.043
5291,128,6.235510e-04,0.9416,0.9759,0.049
5292,128,6.232047e-04,0.9880,0.9765,0.046
5293,128,6.228584e-04,0.9338,0.9744,0.040
5294,128,6.225122e-04,0.9768,0.9745,0.045
5295,128,6.221661e-04,0.9765,0.9746,0.053
5296,128,6.218201e-04,0.9667,0.9742,0.054
5297,128,6.214741e-04,0.9874,0.9749,0.048
5298,128,6.211283e-04,0.9496,0.9736,0.044
5299,128,6.207824e-04,0.9857,0.9742,0.056
5300,128,6.204367e-04,0.9525,0.9731,0.043
5301,128,6.200910e-04,0.9850,0.9737,0.049
5302,128,6.197454e-04,0.9748,0.9738,0.045
5303,128,6.193999e-04,0.9967,0.9749,0.046
5304,128,6.190544e-04,0.9522,0.9738,0.051
5305,128,6.187090e-04,0.9809,0.9741,0.043
5306,128,6.183637e-04,0.9845,0.9747,0.051
5307,128,6.180185e-04,1.0047,0.9762,0.047
5308,128,6.176733e-04,0.9693,0.9758,0.052
5309,128,6.173282e-04,0.9607,0.9751,0.042
5310,128,6.169832e-04,0.9911,0.9759,0.056
5311,128,6.166382e-04,0.9675,0.9754,0.047
5312,128,6.162933e-04,0.9606,0.9747,0.045
5313,128,6.159485e-04,0.9850,0.9752,0.045
5314,128,6.156038e-04,0.9750,0.9752,0.052
5315,128,6.152591e-04,0.9874,0.9758,0.043
5316,128,6.149145e-04,0.9952,0.9768,0.046
5317,128,6.145700e-04,0.9689,0.9764,0.044
5318,128,6.142255e-04,0.9837,0.9768,0.050
5319,128,6.138811e-04,0.9793,0.9769,0.052
5320,128,6.135368e-04,0.9712,0.9766,0.050
5321,128,6.131926e-04,0.9727,0.9764,0.050
5322,128,6.128484e-04,1.0104,0.9781,0.041
5323,128,6.125044e-04,0.9523,0.9768,0.042
5324,128,6.121603e-04,0.9742,0.9767,0.050
5325,128,6.118164e-04,0.9583,0.9758,0.050
5326,128,6.114725e-04,0.9675,0.9754,0.050
5327,128,6.111287e-04,1.0182,0.9775,0.049
5328,128,6.107850e-04,0.9871,0.9780,0.053
5329,128,6.104414e-04,0.9351,0.9758,0.047
5330,128,6.100978e-04,1.0107,0.9776,0.053
5331,128,6.097543e-04,1.0052,0.9790,0.051
5332,128,6.094108e-04,0.9497,0.9775,0.049
5333,128,6.090675e-04,0.9567,0.9764,0.044
5334,128,6.087242e-04,0.9916,0.9772,0.053
5335,128,6.083810e-04,0.9583,0.9763,0.046
5336,128,6.080379e-04,0.9763,0.9763,0.046
5337,128,6.076948e-04,0.9725,0.9761,0.051
5338,128,6.073518e-04,0.9856,0.9766,0.044
5339,128,6.070089e-04,0.9861,0.9770,0.043
5340,128,6.066660e-04,0.9953,0.9779,0.042
5341,128,6.063233e-04,0.9690,0.9775,0.052
5342,128,6.059806e-04,0.9546,0.9764,0.050
5343,128,6.056380e-04,0.9600,0.9755,0.053
5344,128,6.052954e-04,0.9770,0.9756,0.050
5345,128,6.049529e-04,0.9736,0.9755,0.049
5346,128,6.046105e-04,0.9852,0.9760,0.042
5347,128,6.042682e-04,0.9574,0.9751,0.046
5348,128,6.039260e-04,0.9798,0.9753,0.042
5349,128,6.035838e-04,0.9627,0.9747,0.047
5350,128,6.032417e-04,0.9814,0.9750,0.049
5351,128,6.028997e-04,1.0021,0.9764,0.050
5352,128,6.025577e-04,0.9653,0.9758,0.049
5353,128,6.022158e-04,0.9802,0.9760,0.046
5354,128,6.018740e-04,1.0081,0.9776,0.044
5355,128,6.015323e-04,0.9753,0.9775,0.043
5356,128,6.011906e-04,0.9742,0.9774,0.052
5357,128,6.008491e-04,0.9827,0.9776,0.047
5358,128,6.005076e-04,0.9662,0.9770,0.044
5359,128,6.001661e-04,1.0012,0.9783,0.046
5360,128,5.998248e-04,1.0014,0.9794,0.050
5361,128,5.994835e-04,0.9710,0.9790,0.043
5362,128,5.991423e-04,1.0112,0.9806,0.048
5363,128,5.988012e-04,0.9882,0.9810,0.047
5364,128,5.984601e-04,0.9696,0.9804,0.046
5365,128,5.981191e-04,0.9598,0.9794,0.049
5366,128,5.977782e-04,0.9562,0.9782,0.049
5367,128,5.974374e-04,0.9732,0.9780,0.046
5368,128,5.970966e-04,0.9711,0.9776,0.050
5369,128,5.967560e-04,0.9873,0.9781,0.045
5370,128,5.964153e-04,1.0065,0.9795,0.052
5371,128,5.960748e-04,0.9725,0.9792,0.042
5372,128,5.957344e-04,1.0058,0.9805,0.056
5373,128,5.953940e-04,0.9649,0.9797,0.043
5374,128,5.950537e-04,0.9963,0.9806,0.053
5375,128,5.947135e-04,0.9852,0.9808,0.046
5376,128,5.943733e-04,0.9677,0.9801,0.044
5377,128,5.940332e-04,0.9496,0.9786,0.042
5378,128,5.936932e-04,0.9888,0.9791,0.050
5379,128,5.933533e-04,0.9754,0.9789,0.040
5380,128,5.930135e-04,0.9962,0.9798,0.046
5381,128,5.926737e-04,0.9407,0.9778,0.045
5382,128,5.923340e-04,1.0016,0.9790,0.040
5383,128,5.919944e-04,1.0025,0.9802,0.046
5384,128,5.916549e-04,0.9997,0.9812,0.046
5385,128,5.913154e-04,0.9621,0.9802,0.045
5386,128,5.909760e-04,0.9373,0.9781,0.046
5387,128,5.906367e-04,0.9776,0.9780,0.045
5388,128,5.902974e-04,0.9488,0.9766,0.047
5389,128,5.899583e-04,0.9600,0.9758,0.047
5390,128,5.896192e-04,1.0174,0.9778,0.050
5391,128,5.892802e-04,0.9874,0.9783,0.045
5392,128,5.889413e-04,0.9507,0.9769,0.045
5393,128,5.886024e-04,0.9631,0.9762,0.052
5394,128,5.882636e-04,0.9591,0.9754,0.052
5395,128,5.879249e-04,0.9375,0.9735,0.048
5396,128,5.875863e-04,0.9871,0.9742,0.054
5397,128,5.872478e-04,0.9682,0.9739,0.046
5398,128,5.869093e-04,0.9727,0.9738,0.049
5399,128,5.865709e-04,0.9489,0.9726,0.049
5400,128,5.862326e-04,0.9799,0.9729,0.044
5401,128,5.858944e-04,0.9408,0.9713,0.045
5402,128,5.855562e-04,0.9714,0.9713,0.049
5403,128,5.852181e-04,0.9619,0.9709,0.046
5404,128,5.848801e-04,0.9529,0.9700,0.046
5405,128,5.845422e-04,0.9482,0.9689,0.045
5406,128,5.842043e-04,0.9873,0.9698,0.046
5407,128,5.838666e-04,0.9976,0.9712,0.047
5408,128,5.835289e-04,0.9679,0.9710,0.045
5409,128,5.831913e-04,0.9610,0.9705,0.041
5410,128,5.828537e-04,0.9780,0.9709,0.046
5411,128,5.825163e-04,0.9754,0.9711,0.040
5412,128,5.821789e-04,0.9500,0.9701,0.049
5413,128,5.818416e-04,0.9637,0.9698,0.047
5414,128,5.815043e-04,0.9780,0.9702,0.051
5415,128,5.811672e-04,0.9903,0.9712,0.047
5416,128,5.808301e-04,0.9743,0.9713,0.055
5417,128,5.804931e-04,0.9945,0.9725,0.047
5418,128,5.801562e-04,0.9838,0.9731,0.053
5419,128,5.798194e-04,0.9612,0.9725,0.046
5420,128,5.794826e-04,0.9548,0.9716,0.044
5421,128,5.791459e-04,0.9819,0.9721,0.047
5422,128,5.788093e-04,0.9534,0.9712,0.039
5423,128,5.784728e-04,0.9778,0.9715,0.053
5424,128,5.781364e-04,0.9429,0.9701,0.048
5425,128,5.778000e-04,0.9832,0.9707,0.050
5426,128,5.774637e-04,0.9509,0.9697,0.046
5427,128,5.771275e-04,0.9586,0.9692,0.046
5428,128,5.767914e-04,0.9686,0.9692,0.044
5429,128,5.764553e-04,0.9672,0.9691,0.040
5430,128,5.761193e-04,0.9924,0.9702,0.051
5431,128,5.757834e-04,0.9508,0.9693,0.041
5432,128,5.754476e-04,0.9694,0.9693,0.054
5433,128,5.751119e-04,0.9919,0.9704,0.047
5434,128,5.747762e-04,0.9794,0.9708,0.051
5435,128,5.744407e-04,0.9536,0.9700,0.054
5436,128,5.741052e-04,0.9697,0.9700,0.047
5437,128,5.737697e-04,1.0053,0.9717,0.045
5438,128,5.734344e-04,0.9362,0.9700,0.052
5439,128,5.730991e-04,1.0253,0.9727,0.053
5440,128,5.727640e-04,0.9860,0.9734,0.049
5441,128,5.724289e-04,0.9434,0.9719,0.050
5442,128,5.720938e-04,0.9523,0.9709,0.047
5443,128,5.717589e-04,0.9540,0.9701,0.049
5444,128,5.714240e-04,0.9847,0.9708,0.046
5445,128,5.710892e-04,0.9265,0.9686,0.043
5446,128,5.707545e-04,0.9848,0.9694,0.045
5447,128,5.704199e-04,0.9689,0.9694,0.056
5448,128,5.700854e-04,1.0161,0.9717,0.050
5449,128,5.697509e-04,0.9699,0.9716,0.050
5450,128,5.694165e-04,0.9867,0.9724,0.049
5451,128,5.690822e-04,0.9995,0.9737,0.047
5452,128,5.687480e-04,0.9585,0.9730,0.047
5453,128,5.684138e-04,0.9620,0.9724,0.046
5454,128,5.680798e-04,0.9669,0.9721,0.048
5455,128,5.677458e-04,0.9781,0.9724,0.045
5456,128,5.674119e-04,1.0030,0.9740,0.044
5457,128,5.670781e-04,0.9773,0.9741,0.042
5458,128,5.667443e-04,1.0001,0.9754,0.047
5459,128,5.664107e-04,0.9781,0.9756,0.038
5460,128,5.660771e-04,0.9799,0.9758,0.050
5461,128,5.657436e-04,0.9612,0.9751,0.053
5462,128,5.654101e-04,0.9560,0.9741,0.050
5463,128,5.650768e-04,0.9476,0.9728,0.049
5464,128,5.647435e-04,0.9801,0.9731,0.058
5465,128,5.644104e-04,0.9628,0.9726,0.042
5466,128,5.640773e-04,0.9297,0.9705,0.052
5467,128,5.637443e-04,0.9608,0.9700,0.042
5468,128,5.634113e-04,0.9720,0.9701,0.048
5469,128,5.630785e-04,0.9758,0.9704,0.048
5470,128,5.627457e-04,0.9955,0.9716,0.044
5471,128,5.624130e-04,0.9567,0.9709,0.047
5472,128,5.620804e-04,0.9463,0.9697,0.039
5473,128,5.617478e-04,0.9896,0.9707,0.046
5474,128,5.614154e-04,0.9488,0.9696,0.044
5475,128,5.610830e-04,1.0054,0.9714,0.044
5476,128,5.607507e-04,1.0228,0.9739,0.057
5477,128,5.604185e-04,0.9531,0.9729,0.052
5478,128,5.600864e-04,0.9867,0.9736,0.055
5479,128,5.597544e-04,0.9508,0.9724,0.044
5480,128,5.594224e-04,0.9968,0.9737,0.051
5481,128,5.590905e-04,0.9723,0.9736,0.045
5482,128,5.587587e-04,0.9730,0.9736,0.051
5483,128,5.584270e-04,0.9664,0.9732,0.048
5484,128,5.580954e-04,0.9846,0.9738,0.047
5485,128,5.577638e-04,0.9653,0.9733,0.046
5486,128,5.574324e-04,0.9976,0.9746,0.046
5487,128,5.571010e-04,0.9671,0.9742,0.047
5488,128,5.567697e-04,0.9664,0.9738,0.046
5489,128,5.564384e-04,0.9959,0.9749,0.046
5490,128,5.561073e-04,0.9364,0.9730,0.044
5491,128,5.557762e-04,0.9922,0.9739,0.046
5492,128,5.554453e-04,0.9681,0.9736,0.047
5493,128,5.551144e-04,0.9581,0.9729,0.047
5494,128,5.547836e-04,0.9627,0.9724,0.043
5495,128,5.544528e-04,0.9898,0.9732,0.048
5496,128,5.541222e-04,0.9756,0.9734,0.049
5497,128,5.537916e-04,0.9536,0.9724,0.043
5498,128,5.534611e-04,0.9646,0.9720,0.050
5499,128,5.531307e-04,0.9720,0.9720,0.055
5500,128,5.528004e-04,0.9618,0.9715,0.041
5501,128,5.524702e-04,0.9889,0.9723,0.045
5502,128,5.521400e-04,0.9874,0.9731,0.048
5503,128,5.518100e-04,0.9974,0.9743,0.041
5504,128,5.514800e-04,0.9753,0.9744,0.042
5505,128,5.511501e-04,0.9817,0.9747,0.047
5506,128,5.508203e-04,0.9848,0.9752,0.046
5507,128,5.504905e-04,0.9503,0.9740,0.046
5508,128,5.501609e-04,0.9540,0.9730,0.050
5509,128,5.498313e-04,0.9701,0.9728,0.046
5510,128,5.495018e-04,0.9687,0.9726,0.041
5511,128,5.491724e-04,1.0020,0.9741,0.050
5512,128,5.488431e-04,0.9620,0.9735,0.045
5513,128,5.485138e-04,0.9344,0.9715,0.045
5514,128,5.481847e-04,0.9630,0.9711,0.048
5515,128,5.478556e-04,0.9285,0.9690,0.039
5516,128,5.475266e-04,0.9824,0.9697,0.043
5517,128,5.471977e-04,0.9865,0.9705,0.046
5518,128,5.468689e-04,0.9633,0.9701,0.050
5519,128,5.465402e-04,0.9624,0.9698,0.050
5520,128,5.462115e-04,0.9718,0.9699,0.051
5521,128,5.458830e-04,0.9570,0.9692,0.048
5522,128,5.455545e-04,0.9583,0.9687,0.046
5523,128,5.452261e-04,0.9549,0.9680,0.041
5524,128,5.448978e-04,0.9503,0.9671,0.042
5525,128,5.445695e-04,0.9818,0.9678,0.052
5526,128,5.442414e-04,0.9815,0.9685,0.046
5527,128,5.439133e-04,0.9817,0.9692,0.043
5528,128,5.435853e-04,0.9558,0.9685,0.047
5529,128,5.432574e-04,0.9567,0.9679,0.048
5530,128,5.429296e-04,0.9691,0.9680,0.048
5531,128,5.426019e-04,0.9660,0.9679,0.042
5532,128,5.422743e-04,0.9742,0.9682,0.053
5533,128,5.419467e-04,0.9830,0.9689,0.057
5534,128,5.416192e-04,0.9844,0.9697,0.048
5535,128,5.412918e-04,0.9765,0.9700,0.045
5536,128,5.409645e-04,0.9655,0.9698,0.050
5537,128,5.406373e-04,0.9593,0.9693,0.042
5538,128,5.403102e-04,0.9490,0.9683,0.046
5539,128,5.399831e-04,0.9607,0.9679,0.043
5540,128,5.396562e-04,0.9686,0.9679,0.045
5541,128,5.393293e-04,0.9652,0.9678,0.042
5542,128,5.390025e-04,0.9746,0.9681,0.045
5543,128,5.386758e-04,0.9677,0.9681,0.041
5544,128,5.383492e-04,0.9736,0.9684,0.045
5545,128,5.380226e-04,1.0193,0.9709,0.051
5546,128,5.376962e-04,0.9763,0.9712,0.054
5547,128,5.373698e-04,0.9787,0.9716,0.044
5548,128,5.370435e-04,0.9727,0.9716,0.059
5549,128,5.367173e-04,1.0088,0.9735,0.047
5550,128,5.363912e-04,0.9636,0.9730,0.054
5551,128,5.360652e-04,0.9501,0.9719,0.046
5552,128,5.357393e-04,0.9904,0.9728,0.049
5553,128,5.354134e-04,0.9663,0.9725,0.042
5554,128,5.350876e-04,0.9500,0.9713,0.039
5555,128,5.347619e-04,0.9835,0.9719,0.046
5556,128,5.344363e-04,0.9375,0.9702,0.040
5557,128,5.341108e-04,0.9594,0.9697,0.046
5558,128,5.337854e-04,0.9490,0.9686,0.045
5559,128,5.334601e-04,0.9726,0.9688,0.043
5560,128,5.331348e-04,0.9515,0.9680,0.043
5561,128,5.328096e-04,0.9393,0.9665,0.058
5562,128,5.324846e-04,0.9548,0.9660,0.046
5563,128,5.321596e-04,0.9309,0.9642,0.050
5564,128,5.318347e-04,0.9846,0.9652,0.053
5565,128,5.315098e-04,0.9772,0.9658,0.052
5566,128,5.311851e-04,0.9580,0.9654,0.048
5567,128,5.308604e-04,0.9453,0.9644,0.048
5568,128,5.305359e-04,0.9753,0.9650,0.049
5569,128,5.302114e-04,0.9750,0.9655,0.043
5570,128,5.298870e-04,0.9576,0.9651,0.052
5571,128,5.295627e-04,1.0000,0.9668,0.042
5572,128,5.292385e-04,0.9603,0.9665,0.047
5573,128,5.289144e-04,0.9942,0.9679,0.048
5574,128,5.285903e-04,0.9650,0.9677,0.038
5575,128,5.282664e-04,0.9618,0.9674,0.045
5576,128,5.279425e-04,0.9856,0.9683,0.051
5577,128,5.276187e-04,0.9514,0.9675,0.047
5578,128,5.272950e-04,0.9546,0.9669,0.050
5579,128,5.269714e-04,0.9791,0.9675,0.047
5580,128,5.266479e-04,0.9409,0.9661,0.052
5581,128,5.263244e-04,0.9692,0.9663,0.048
5582,128,5.260011e-04,0.9595,0.9660,0.046
5583,128,5.256778e-04,0.9974,0.9675,0.051
5584,128,5.253546e-04,0.9789,0.9681,0.046
5585,128,5.250316e-04,0.9791,0.9686,0.055
5586,128,5.247086e-04,0.9613,0.9683,0.046
5587,128,5.243856e-04,0.9606,0.9679,0.051
5588,128,5.240628e-04,0.9651,0.9678,0.041
5589,128,5.237401e-04,0.9612,0.9674,0.048
5590,128,5.234174e-04,0.9625,0.9672,0.046
5591,128,5.230949e-04,0.9847,0.9681,0.043
5592,128,5.227724e-04,0.9605,0.9677,0.054
5593,128,5.224500e-04,0.9352,0.9660,0.041
5594,128,5.221277e-04,0.9750,0.9665,0.047
5595,128,5.218055e-04,0.9547,0.9659,0.042
5596,128,5.214834e-04,0.9834,0.9668,0.041
5597,128,5.211613e-04,0.9929,0.9681,0.045
5598,128,5.208394e-04,0.9493,0.9671,0.043
5599,128,5.205175e-04,0.9587,0.9667,0.042
5600,128,5.201958e-04,0.9324,0.9650,0.043
5601,128,5.198741e-04,0.9758,0.9655,0.047
5602,128,5.195525e-04,0.9568,0.9651,0.045
5603,128,5.192310e-04,0.9905,0.9664,0.049
5604,128,5.189096e-04,0.9466,0.9654,0.052
5605,128,5.185882e-04,0.9626,0.9653,0.049
5606,128,5.182670e-04,0.9858,0.9663,0.057
5607,128,5.179458e-04,0.9650,0.9662,0.051
5608,128,5.176248e-04,0.9607,0.9659,0.055
5609,128,5.173038e-04,0.9723,0.9663,0.049
5610,128,5.169829e-04,0.9951,0.9677,0.061
5611,128,5.166621e-04,0.9739,0.9680,0.044
5612,128,5.163414e-04,0.9679,0.9680,0.048
5613,128,5.160208e-04,0.9522,0.9672,0.047
5614,128,5.157003e-04,0.9909,0.9684,0.047
5615,128,5.153798e-04,0.9573,0.9678,0.053
5616,128,5.150595e-04,0.9653,0.9677,0.040
5617,128,5.147392e-04,0.9587,0.9673,0.044
5618,128,5.144190e-04,0.9641,0.9671,0.050
5619,128,5.140989e-04,0.9860,0.9681,0.049
5620,128,5.137789e-04,0.9708,0.9682,0.054
5621,128,5.134590e-04,0.9733,0.9685,0.047
5622,128,5.131392e-04,0.9909,0.9696,0.054
5623,128,5.128195e-04,0.9668,0.9694,0.042
5624,128,5.124998e-04,0.9695,0.9694,0.050
5625,128,5.121803e-04,0.9617,0.9691,0.044
5626,128,5.118608e-04,0.9647,0.9688,0.045
5627,128,5.115415e-04,1.0017,0.9705,0.052
5628,128,5.112222e-04,0.9685,0.9704,0.043
5629,128,5.109030e-04,0.9616,0.9699,0.062
5630,128,5.105839e-04,0.9859,0.9707,0.042
5631,128,5.102649e-04,0.9743,0.9709,0.055
5632,128,5.099460e-04,0.9645,0.9706,0.044
5633,128,5.096271e-04,0.9242,0.9683,0.044
5634,128,5.093084e-04,0.9458,0.9671,0.043
5635,128,5.089897e-04,0.9476,0.9662,0.045
5636,128,5.086712e-04,0.9729,0.9665,0.044
5637,128,5.083527e-04,0.9357,0.9650,0.048
5638,128,5.080343e-04,0.9578,0.9646,0.044
5639,128,5.077160e-04,0.9856,0.9657,0.048
5640,128,5.073978e-04,0.9840,0.9666,0.043
5641,128,5.070797e-04,0.9720,0.9668,0.053
5642,128,5.067617e-04,0.9941,0.9682,0.046
5643,128,5.064438e-04,0.9860,0.9691,0.046
5644,128,5.061259e-04,0.9614,0.9687,0.049
5645,128,5.058082e-04,0.9534,0.9679,0.043
5646,128,5.054905e-04,0.9693,0.9680,0.051
5647,128,5.051729e-04,1.0002,0.9696,0.047
5648,128,5.048555e-04,0.9584,0.9691,0.050
5649,128,5.045381e-04,0.9715,0.9692,0.049
5650,128,5.042208e-04,0.9950,0.9705,0.049
5651,128,5.039036e-04,0.9920,0.9715,0.047
5652,128,5.035865e-04,0.9608,0.9710,0.046
5653,128,5.032694e-04,0.9600,0.9705,0.045
5654,128,5.029525e-04,0.9763,0.9708,0.045
5655,128,5.026357e-04,0.9778,0.9711,0.052
5656,128,5.023189e-04,0.9506,0.9701,0.049
5657,128,5.020023e-04,0.9601,0.9696,0.041
5658,128,5.016857e-04,0.9825,0.9702,0.050
5659,128,5.013692e-04,0.9778,0.9706,0.046
5660,128,5.010528e-04,0.9648,0.9703,0.051
5661,128,5.007365e-04,0.9918,0.9714,0.044
5662,128,5.004203e-04,0.9644,0.9710,0.045
5663,128,5.001042e-04,0.9420,0.9696,0.051
5664,128,4.997882e-04,0.9505,0.9686,0.045
5665,128,4.994723e-04,0.9776,0.9691,0.046
5666,128,4.991564e-04,0.9898,0.9701,0.050
5667,128,4.988407e-04,0.9695,0.9701,0.050
5668,128,4.985250e-04,0.9852,0.9708,0.048
5669,128,4.982095e-04,0.9631,0.9705,0.054
5670,128,4.978940e-04,0.9940,0.9716,0.051
5671,128,4.975786e-04,0.9895,0.9725,0.056
5672,128,4.972634e-04,0.9760,0.9727,0.044
5673,128,4.969482e-04,0.9653,0.9723,0.044
5674,128,4.966331e-04,0.9717,0.9723,0.042
5675,128,4.963181e-04,0.9703,0.9722,0.049
5676,128,4.960031e-04,1.0079,0.9740,0.046
5677,128,4.956883e-04,1.0029,0.9754,0.048
5678,128,4.953736e-04,0.9559,0.9745,0.047
5679,128,4.950589e-04,0.9701,0.9742,0.043
5680,128,4.947444e-04,0.9888,0.9750,0.046
5681,128,4.944299e-04,0.9559,0.9740,0.043
5682,128,4.941156e-04,0.9388,0.9723,0.043
5683,128,4.938013e-04,0.9879,0.9730,0.050
5684,128,4.934871e-04,0.9700,0.9729,0.046
5685,128,4.931730e-04,1.0131,0.9749,0.050
5686,128,4.928591e-04,0.9555,0.9739,0.044
5687,128,4.925452e-04,0.9601,0.9732,0.047
5688,128,4.922313e-04,0.9867,0.9739,0.052
5689,128,4.919176e-04,0.9500,0.9727,0.041
5690,128,4.916040e-04,0.9931,0.9737,0.047
5691,128,4.912905e-04,0.9468,0.9724,0.045
5692,128,4.909770e-04,0.9909,0.9733,0.048
5693,128,4.906637e-04,0.9259,0.9709,0.042
5694,128,4.903505e-04,0.9684,0.9708,0.053
5695,128,4.900373e-04,0.9667,0.9706,0.047
5696,128,4.897242e-04,0.9888,0.9715,0.044
5697,128,4.894113e-04,0.9571,0.9708,0.052
5698,128,4.890984e-04,1.0105,0.9728,0.043
5699,128,4.887856e-04,0.9783,0.9731,0.052
5700,128,4.884729e-04,0.9716,0.9730,0.044
5701,128,4.881603e-04,0.9503,0.9718,0.046
5702,128,4.878478e-04,0.9642,0.9715,0.047
5703,128,4.875354e-04,0.9965,0.9727,0.048
5704,128,4.872231e-04,0.9682,0.9725,0.043
5705,128,4.869109e-04,0.9691,0.9723,0.046
5706,128,4.865988e-04,0.9285,0.9701,0.050
5707,128,4.862867e-04,0.9828,0.9708,0.052
5708,128,4.859748e-04,0.9783,0.9711,0.055
5709,128,4.856629e-04,0.9506,0.9701,0.045
5710,128,4.853512e-04,0.9886,0.9710,0.049
5711,128,4.850395e-04,0.9873,0.9719,0.044
5712,128,4.847280e-04,0.9797,0.9722,0.045
5713,128,4.844165e-04,0.9627,0.9718,0.046
5714,128,4.841051e-04,0.9573,0.9710,0.036
5715,128,4.837938e-04,0.9785,0.9714,0.042
5716,128,4.834827e-04,0.9573,0.9707,0.045
5717,128,4.831716e-04,0.9175,0.9681,0.041
5718,128,4.828606e-04,0.9559,0.9674,0.046
5719,128,4.825497e-04,0.9267,0.9654,0.046
5720,128,4.822388e-04,0.9698,0.9656,0.049
5721,128,4.819281e-04,0.9518,0.9649,0.046
5722,128,4.816175e-04,0.9700,0.9652,0.049
5723,128,4.813070e-04,0.9890,0.9664,0.045
5724,128,4.809966e-04,0.9609,0.9661,0.053
5725,128,4.806862e-04,0.9601,0.9658,0.040
5726,128,4.803760e-04,0.9663,0.9658,0.045
5727,128,4.800658e-04,0.9388,0.9645,0.040
5728,128,4.797558e-04,0.9640,0.9645,0.045
5729,128,4.794458e-04,0.9693,0.9647,0.046
5730,128,4.791360e-04,0.9788,0.9654,0.042
5731,128,4.788262e-04,0.9620,0.9652,0.045
5732,128,4.785165e-04,0.9534,0.9646,0.045
5733,128,4.782069e-04,0.9544,0.9641,0.047
5734,128,4.778975e-04,0.9819,0.9650,0.042
5735,128,4.775881e-04,0.9746,0.9655,0.047
5736,128,4.772788e-04,0.9291,0.9637,0.041
5737,128,4.769696e-04,0.9576,0.9634,0.047
5738,128,4.766605e-04,0.9615,0.9633,0.045
5739,128,4.763515e-04,1.0053,0.9654,0.048
5740,128,4.760426e-04,0.9346,0.9638,0.040
5741,128,4.757338e-04,0.9598,0.9636,0.041
5742,128,4.754250e-04,0.9901,0.9650,0.041
5743,128,4.751164e-04,0.9931,0.9664,0.045
5744,128,4.748079e-04,0.9888,0.9675,0.043
5745,128,4.744995e-04,0.9474,0.9665,0.045
5746,128,4.741911e-04,0.9717,0.9667,0.049
5747,128,4.738829e-04,0.9436,0.9656,0.039
5748,128,4.735747e-04,0.9652,0.9656,0.043
5749,128,4.732667e-04,0.9610,0.9653,0.046
5750,128,4.729587e-04,0.9604,0.9651,0.049
5751,128,4.726509e-04,0.9988,0.9668,0.065
5752,128,4.723431e-04,0.9594,0.9664,0.046
5753,128,4.720355e-04,0.9571,0.9659,0.043
5754,128,4.717279e-04,0.9914,0.9672,0.049
5755,128,4.714204e-04,0.9752,0.9676,0.043
5756,128,4.711130e-04,0.9626,0.9674,0.044
5757,128,4.708058e-04,0.9783,0.9679,0.049
5758,128,4.704986e-04,0.9551,0.9673,0.044
5759,128,4.701915e-04,0.9452,0.9662,0.043
5760,128,4.698845e-04,0.9990,0.9678,0.047
5761,128,4.695776e-04,0.9746,0.9682,0.043
5762,128,4.692708e-04,0.9855,0.9690,0.048
5763,128,4.689641e-04,0.9765,0.9694,0.043
5764,128,4.686575e-04,1.0002,0.9709,0.046
5765,128,4.683510e-04,0.9294,0.9689,0.043
5766,128,4.680446e-04,1.0001,0.9704,0.057
5767,128,4.677383e-04,0.9521,0.9695,0.047
5768,128,4.674321e-04,0.9735,0.9697,0.051
5769,128,4.671260e-04,0.9488,0.9687,0.051
5770,128,4.668199e-04,0.9582,0.9681,0.046
5771,128,4.665140e-04,1.0014,0.9698,0.052
5772,128,4.662082e-04,0.9881,0.9707,0.049
5773,128,4.659025e-04,0.9752,0.9709,0.042
5774,128,4.655968e-04,0.9714,0.9710,0.041
5775,128,4.652913e-04,0.9685,0.9708,0.051
5776,128,4.649859e-04,0.9413,0.9694,0.045
5777,128,4.646805e-04,0.9832,0.9701,0.049
5778,128,4.643753e-04,0.9427,0.9687,0.040
5779,128,4.640701e-04,0.9837,0.9694,0.042
5780,128,4.637651e-04,0.9638,0.9692,0.052
5781,128,4.634601e-04,0.9929,0.9703,0.045
5782,128,4.631553e-04,0.9528,0.9695,0.042
5783,128,4.628505e-04,1.0059,0.9713,0.051
5784,128,4.625459e-04,0.9614,0.9708,0.048
5785,128,4.622413e-04,0.9832,0.9714,0.048
5786,128,4.619368e-04,0.9559,0.9706,0.046
5787,128,4.616325e-04,0.9664,0.9704,0.049
5788,128,4.613282e-04,0.9844,0.9711,0.045
5789,128,4.610241e-04,1.0015,0.9726,0.050
5790,128,4.607200e-04,0.9721,0.9726,0.044
5791,128,4.604160e-04,0.9404,0.9710,0.041
5792,128,4.601121e-04,0.9810,0.9715,0.054
5793,128,4.598084e-04,0.9827,0.9721,0.047
5794,128,4.595047e-04,0.9662,0.9718,0.050
5795,128,4.592011e-04,0.9596,0.9712,0.046
5796,128,4.588976e-04,0.9476,0.9700,0.047
5797,128,4.585942e-04,0.9769,0.9703,0.047
5798,128,4.582910e-04,0.9624,0.9699,0.048
5799,128,4.579878e-04,0.9683,0.9699,0.044
5800,128,4.576847e-04,0.9675,0.9697,0.047
5801,128,4.573817e-04,0.9771,0.9701,0.056
5802,128,4.570788e-04,0.9851,0.9709,0.043
5803,128,4.567760e-04,0.9717,0.9709,0.047
5804,128,4.564733e-04,0.9844,0.9716,0.047
5805,128,4.561707e-04,0.9737,0.9717,0.047
5806,128,4.558682e-04,0.9560,0.9709,0.049
5807,128,4.555658e-04,0.9702,0.9709,0.048
5808,128,4.552636e-04,0.9810,0.9714,0.051
5809,128,4.549614e-04,0.9687,0.9712,0.051
5810,128,4.546593e-04,0.9549,0.9704,0.043
5811,128,4.543573e-04,1.0035,0.9721,0.050
5812,128,4.540554e-04,0.9865,0.9728,0.043
5813,128,4.537536e-04,0.9747,0.9729,0.050
5814,128,4.534519e-04,0.9726,0.9729,0.044
5815,128,4.531503e-04,0.9772,0.9731,0.049
5816,128,4.528487e-04,0.9723,0.9731,0.045
5817,128,4.525473e-04,0.9755,0.9732,0.057
5818,128,4.522460e-04,0.9642,0.9727,0.048
5819,128,4.519448e-04,0.9604,0.9721,0.047
5820,128,4.516437e-04,0.9787,0.9724,0.046
5821,128,4.513427e-04,0.9968,0.9737,0.050
5822,128,4.510418e-04,0.9693,0.9734,0.056
5823,128,4.507410e-04,0.9356,0.9716,0.046
5824,128,4.504403e-04,1.0032,0.9731,0.048
5825,128,4.501397e-04,0.9564,0.9723,0.049
5826,128,4.498392e-04,0.9485,0.9711,0.045
5827,128,4.495388e-04,0.9611,0.9706,0.046
5828,128,4.492385e-04,0.9560,0.9699,0.045
5829,128,4.489383e-04,0.9564,0.9692,0.042
5830,128,4.486382e-04,0.9809,0.9698,0.045
5831,128,4.483382e-04,0.9698,0.9698,0.045
5832,128,4.480383e-04,0.9722,0.9699,0.048
5833,128,4.477384e-04,0.9756,0.9702,0.047
5834,128,4.474387e-04,0.9780,0.9706,0.048
5835,128,4.471391e-04,0.9477,0.9694,0.049
5836,128,4.468396e-04,0.9545,0.9687,0.044
5837,128,4.465402e-04,0.9589,0.9682,0.052
5838,128,4.462409e-04,0.9804,0.9688,0.044
5839,128,4.459417e-04,0.9493,0.9678,0.043
5840,128,4.456426e-04,0.9554,0.9672,0.044
5841,128,4.453436e-04,0.9625,0.9670,0.045
5842,128,4.450447e-04,0.9666,0.9670,0.053
5843,128,4.447459e-04,0.9526,0.9662,0.047
5844,128,4.444472e-04,0.9779,0.9668,0.046
5845,128,4.441486e-04,0.9850,0.9677,0.043
5846,128,4.438501e-04,0.9968,0.9692,0.051
5847,128,4.435517e-04,0.9883,0.9701,0.048
5848,128,4.432534e-04,0.9972,0.9715,0.054
5849,128,4.429552e-04,0.9693,0.9714,0.049
5850,128,4.426571e-04,0.9686,0.9712,0.040
5851,128,4.423591e-04,0.9596,0.9707,0.046
5852,128,4.420612e-04,0.9823,0.9713,0.053
5853,128,4.417634e-04,0.9197,0.9687,0.046
5854,128,4.414658e-04,0.9892,0.9697,0.041
5855,128,4.411682e-04,0.9731,0.9699,0.045
5856,128,4.408707e-04,0.9647,0.9696,0.048
5857,128,4.405733e-04,0.9549,0.9689,0.043
5858,128,4.402760e-04,0.9101,0.9659,0.043
5859,128,4.399788e-04,0.9744,0.9664,0.050
5860,128,4.396817e-04,0.9707,0.9666,0.046
5861,128,4.393848e-04,0.9821,0.9673,0.051
5862,128,4.390879e-04,0.9929,0.9686,0.045
5863,128,4.387911e-04,0.9778,0.9691,0.050
5864,128,4.384944e-04,0.9417,0.9677,0.043
5865,128,4.381979e-04,0.9758,0.9681,0.044
5866,128,4.379014e-04,0.9842,0.9689,0.044
5867,128,4.376050e-04,0.9623,0.9686,0.046
5868,128,4.373087e-04,0.9659,0.9685,0.047
5869,128,4.370126e-04,0.9525,0.9677,0.046
5870,128,4.367165e-04,0.9927,0.9689,0.048
5871,128,4.364206e-04,0.9640,0.9687,0.050
5872,128,4.361247e-04,0.9578,0.9681,0.044
5873,128,4.358289e-04,0.9615,0.9678,0.053
5874,128,4.355333e-04,0.9658,0.9677,0.044
5875,128,4.352377e-04,0.9379,0.9662,0.045
5876,128,4.349423e-04,0.9877,0.9673,0.043
5877,128,4.346469e-04,0.9390,0.9659,0.048
5878,128,4.343517e-04,0.9461,0.9649,0.044
5879,128,4.340565e-04,0.9352,0.9634,0.044
5880,128,4.337615e-04,0.9474,0.9626,0.041
5881,128,4.334666e-04,0.9540,0.9622,0.048
5882,128,4.331717e-04,0.9878,0.9634,0.047
5883,128,4.328770e-04,0.9683,0.9637,0.045
5884,128,4.325824e-04,0.9789,0.9644,0.049
5885,128,4.322878e-04,0.9903,0.9657,0.044
5886,128,4.319934e-04,0.9448,0.9647,0.048
5887,128,4.316991e-04,0.9715,0.9650,0.049
5888,128,4.314049e-04,1.0044,0.9670,0.047
5889,128,4.311108e-04,0.9598,0.9666,0.045
5890,128,4.308168e-04,1.0172,0.9692,0.055
5891,128,4.305228e-04,0.9391,0.9677,0.049
5892,128,4.302290e-04,0.9384,0.9662,0.046
5893,128,4.299353e-04,0.9826,0.9670,0.049
5894,128,4.296417e-04,0.9513,0.9662,0.043
5895,128,4.293482e-04,0.9490,0.9654,0.051
5896,128,4.290548e-04,0.9434,0.9643,0.044
5897,128,4.287616e-04,0.9753,0.9648,0.052
5898,128,4.284684e-04,0.9427,0.9637,0.046
5899,128,4.281753e-04,0.9638,0.9637,0.047
5900,128,4.278823e-04,0.9453,0.9628,0.042
5901,128,4.275894e-04,0.9767,0.9635,0.045
5902,128,4.272967e-04,0.9817,0.9644,0.044
5903,128,4.270040e-04,0.9693,0.9647,0.049
5904,128,4.267114e-04,0.9672,0.9648,0.045
5905,128,4.264190e-04,0.9575,0.9644,0.047
5906,128,4.261266e-04,0.9605,0.9642,0.046
5907,128,4.258343e-04,0.9704,0.9645,0.044
5908,128,4.255422e-04,0.9370,0.9632,0.043
5909,128,4.252502e-04,0.9767,0.9638,0.047
5910,128,4.249582e-04,0.9567,0.9635,0.045
5911,128,4.246664e-04,0.9328,0.9619,0.045
5912,128,4.243746e-04,0.9835,0.9630,0.045
5913,128,4.240830e-04,0.9439,0.9621,0.048
5914,128,4.237915e-04,0.9649,0.9622,0.048
5915,128,4.235001e-04,0.9651,0.9623,0.046
5916,128,4.232087e-04,0.9670,0.9626,0.046
5917,128,4.229175e-04,0.9461,0.9618,0.046
5918,128,4.226264e-04,1.0054,0.9639,0.050
5919,128,4.223354e-04,0.9727,0.9644,0.045
5920,128,4.220445e-04,0.9702,0.9647,0.047
5921,128,4.217537e-04,0.9904,0.9660,0.047
5922,128,4.214630e-04,0.9133,0.9633,0.042
5923,128,4.211725e-04,0.9671,0.9635,0.043
5924,128,4.208820e-04,0.9637,0.9635,0.045
5925,128,4.205916e-04,0.9426,0.9625,0.043
5926,128,4.203013e-04,0.9930,0.9640,0.046
5927,128,4.200112e-04,0.9589,0.9637,0.050
5928,128,4.197211e-04,0.9638,0.9637,0.060
5929,128,4.194311e-04,0.9573,0.9634,0.043
5930,128,4.191413e-04,0.9458,0.9625,0.051
5931,128,4.188515e-04,0.9709,0.9630,0.049
5932,128,4.185619e-04,0.9479,0.9622,0.040
5933,128,4.182724e-04,0.9968,0.9639,0.048
5934,128,4.179829e-04,0.9324,0.9624,0.045
5935,128,4.176936e-04,0.9788,0.9632,0.047
5936,128,4.174044e-04,0.9476,0.9624,0.044
5937,128,4.171153e-04,0.9316,0.9609,0.042
5938,128,4.168263e-04,0.9697,0.9613,0.050
5939,128,4.165374e-04,0.9343,0.9600,0.041
5940,128,4.162486e-04,0.9574,0.9598,0.046
5941,128,4.159599e-04,0.9351,0.9586,0.048
5942,128,4.156713e-04,0.9588,0.9586,0.044
5943,128,4.153828e-04,0.9444,0.9579,0.044
5944,128,4.150944e-04,0.9573,0.9579,0.042
5945,128,4.148061e-04,0.9511,0.9575,0.044
5946,128,4.145180e-04,0.9213,0.9557,0.041
5947,128,4.142299e-04,0.9515,0.9555,0.052
5948,128,4.139420e-04,0.9735,0.9564,0.044
5949,128,4.136541e-04,0.9732,0.9572,0.051
5950,128,4.133664e-04,0.9428,0.9565,0.045
5951,128,4.130787e-04,0.9774,0.9576,0.046
5952,128,4.127912e-04,0.9479,0.9571,0.047
5953,128,4.125038e-04,0.9672,0.9576,0.048
5954,128,4.122165e-04,0.9573,0.9576,0.047
5955,128,4.119293e-04,0.9875,0.9591,0.049
5956,128,4.116421e-04,0.9483,0.9585,0.048
5957,128,4.113551e-04,0.9513,0.9582,0.044
5958,128,4.110683e-04,0.9682,0.9587,0.050
5959,128,4.107815e-04,0.9655,0.9590,0.046
5960,128,4.104948e-04,0.9730,0.9597,0.047
5961,128,4.102082e-04,0.9616,0.9598,0.046
5962,128,4.099217e-04,0.9665,0.9601,0.045
5963,128,4.096354e-04,0.9677,0.9605,0.051
5964,128,4.093491e-04,0.9789,0.9614,0.047
5965,128,4.090630e-04,0.9400,0.9604,0.047
5966,128,4.087769e-04,0.9573,0.9602,0.047
5967,128,4.084910e-04,0.9795,0.9612,0.056
5968,128,4.082052e-04,0.9792,0.9621,0.052
5969,128,4.079195e-04,0.9769,0.9628,0.050
5970,128,4.076338e-04,0.9827,0.9638,0.042
5971,128,4.073483e-04,0.9837,0.9648,0.052
5972,128,4.070629e-04,0.9287,0.9630,0.042
5973,128,4.067776e-04,0.9888,0.9643,0.043
5974,128,4.064925e-04,0.9593,0.9640,0.045
5975,128,4.062074e-04,0.9652,0.9641,0.046
5976,128,4.059224e-04,0.9792,0.9649,0.043
5977,128,4.056375e-04,0.9630,0.9648,0.050
5978,128,4.053528e-04,0.9861,0.9658,0.042
5979,128,4.050681e-04,0.9606,0.9656,0.049
5980,128,4.047836e-04,0.9562,0.9651,0.044
5981,128,4.044992e-04,0.9057,0.9621,0.040
5982,128,4.042148e-04,0.9594,0.9620,0.043
5983,128,4.039306e-04,0.9891,0.9634,0.051
5984,128,4.036465e-04,0.9522,0.9628,0.040
5985,128,4.033625e-04,0.9241,0.9609,0.043
5986,128,4.030786e-04,0.9400,0.9598,0.048
5987,128,4.027948e-04,0.9699,0.9603,0.051
5988,128,4.025111e-04,0.9541,0.9600,0.044
5989,128,4.022276e-04,0.9766,0.9608,0.046
5990,128,4.019441e-04,0.9787,0.9617,0.049
5991,128,4.016607e-04,0.9592,0.9616,0.046
5992,128,4.013775e-04,0.9528,0.9612,0.048
5993,128,4.010943e-04,0.9616,0.9612,0.048
5994,128,4.008113e-04,0.9445,0.9604,0.047
5995,128,4.005284e-04,0.9465,0.9597,0.044
5996,128,4.002456e-04,0.9584,0.9596,0.043
5997,128,3.999629e-04,0.9908,0.9612,0.049
5998,128,3.996802e-04,0.9546,0.9608,0.042
5999,128,3.993978e-04,0.9595,0.9608,0.049
6000,128,3.991154e-04,0.9670,0.9611,0.041
6001,128,3.988331e-04,0.9650,0.9613,0.046
6002,128,3.985509e-04,0.9795,0.9622,0.042
6003,128,3.982689e-04,0.9704,0.9626,0.041
6004,128,3.979869e-04,0.9576,0.9623,0.045
6005,128,3.977051e-04,0.9404,0.9612,0.048
6006,128,3.974233e-04,0.9520,0.9608,0.048
6007,128,3.971417e-04,0.9834,0.9619,0.048
6008,128,3.968602e-04,0.9621,0.9619,0.044
6009,128,3.965788e-04,0.9896,0.9633,0.049
6010,128,3.962975e-04,0.9965,0.9650,0.055
6011,128,3.960163e-04,0.9865,0.9661,0.045
6012,128,3.957352e-04,0.9534,0.9654,0.049
6013,128,3.954542e-04,0.9690,0.9656,0.041
6014,128,3.951734e-04,0.9472,0.9647,0.045
6015,128,3.948926e-04,0.9680,0.9648,0.038
6016,128,3.946120e-04,0.9763,0.9654,0.052
6017,128,3.943314e-04,0.9467,0.9645,0.043
6018,128,3.940510e-04,0.9471,0.9636,0.042
6019,128,3.937707e-04,0.9963,0.9652,0.050
6020,128,3.934905e-04,0.9587,0.9649,0.047
6021,128,3.932104e-04,0.9727,0.9653,0.043
6022,128,3.929304e-04,0.9769,0.9659,0.042
6023,128,3.926505e-04,0.9693,0.9661,0.042
6024,128,3.923707e-04,0.9783,0.9667,0.045
6025,128,3.920911e-04,0.9576,0.9662,0.043
6026,128,3.918115e-04,0.9823,0.9670,0.046
6027,128,3.915321e-04,0.9459,0.9660,0.043
6028,128,3.912527e-04,0.9575,0.9655,0.048
6029,128,3.909735e-04,0.9814,0.9663,0.044
6030,128,3.906944e-04,0.9463,0.9653,0.041
6031,128,3.904154e-04,0.9507,0.9646,0.041
6032,128,3.901365e-04,0.9754,0.9651,0.045
6033,128,3.898577e-04,0.9606,0.9649,0.045
6034,128,3.895790e-04,0.9488,0.9641,0.042
6035,128,3.893005e-04,0.9501,0.9634,0.040
6036,128,3.890220e-04,0.9425,0.9624,0.039
6037,128,3.887437e-04,0.9841,0.9634,0.050
6038,128,3.884654e-04,0.9726,0.9639,0.048
6039,128,3.881873e-04,0.9657,0.9640,0.043
6040,128,3.879093e-04,0.9527,0.9634,0.048
6041,128,3.876314e-04,0.9659,0.9636,0.049
6042,128,3.873536e-04,0.9981,0.9653,0.045
6043,128,3.870759e-04,0.9688,0.9655,0.043
6044,128,3.867984e-04,0.9768,0.9660,0.045
6045,128,3.865209e-04,0.9597,0.9657,0.046
6046,128,3.862435e-04,0.9651,0.9657,0.043
6047,128,3.859663e-04,0.9775,0.9663,0.047
6048,128,3.856892e-04,0.9706,0.9665,0.055
6049,128,3.854121e-04,0.9543,0.9659,0.049
6050,128,3.851352e-04,0.9611,0.9656,0.046
6051,128,3.848584e-04,0.9637,0.9655,0.047
6052,128,3.845817e-04,0.9730,0.9659,0.044
6053,128,3.843052e-04,0.9555,0.9654,0.042
6054,128,3.840287e-04,0.9461,0.9644,0.043
6055,128,3.837523e-04,0.9771,0.9651,0.043
6056,128,3.834761e-04,0.9703,0.9653,0.046
6057,128,3.832000e-04,0.9609,0.9651,0.043
6058,128,3.829239e-04,0.9596,0.9648,0.043
6059,128,3.826480e-04,0.9654,0.9649,0.040
6060,128,3.823722e-04,0.9503,0.9641,0.039
6061,128,3.820965e-04,0.9751,0.9647,0.047
6062,128,3.818210e-04,0.9601,0.9645,0.044
6063,128,3.815455e-04,0.9975,0.9661,0.049
6064,128,3.812701e-04,0.9716,0.9664,0.049
6065,128,3.809949e-04,0.9670,0.9664,0.045
6066,128,3.807197e-04,1.0141,0.9688,0.052
6067,128,3.804447e-04,0.9816,0.9694,0.041
6068,128,3.801698e-04,0.9820,0.9701,0.051
6069,128,3.798950e-04,0.9577,0.9694,0.045
6070,128,3.796203e-04,0.9604,0.9690,0.045
6071,128,3.793457e-04,0.9832,0.9697,0.046
6072,128,3.790713e-04,0.9670,0.9696,0.046
6073,128,3.787969e-04,0.9641,0.9693,0.043
6074,128,3.785227e-04,0.9747,0.9696,0.051
6075,128,3.782486e-04,0.9802,0.9701,0.044
6076,128,3.779745e-04,0.9683,0.9700,0.046
6077,128,3.777006e-04,0.9375,0.9684,0.047
6078,128,3.774268e-04,0.9412,0.9670,0.045
6079,128,3.771532e-04,0.9638,0.9669,0.043
6080,128,3.768796e-04,0.9580,0.9664,0.046
6081,128,3.766061e-04,0.9390,0.9650,0.045
6082,128,3.763328e-04,0.9715,0.9654,0.046
6083,128,3.760595e-04,0.9541,0.9648,0.044
6084,128,3.757864e-04,0.9984,0.9665,0.049
6085,128,3.755134e-04,0.9502,0.9657,0.043
6086,128,3.752405e-04,0.9842,0.9666,0.053
6087,128,3.749677e-04,0.9962,0.9681,0.044
6088,128,3.746951e-04,0.9650,0.9679,0.053
6089,128,3.744225e-04,0.9638,0.9677,0.043
6090,128,3.741501e-04,0.9385,0.9663,0.049
6091,128,3.738777e-04,0.9610,0.9660,0.048
6092,128,3.736055e-04,0.9910,0.9672,0.045
6093,128,3.733334e-04,0.9491,0.9663,0.057
6094,128,3.730614e-04,0.9753,0.9668,0.042
6095,128,3.727895e-04,0.9786,0.9674,0.051
6096,128,3.725177e-04,0.9719,0.9676,0.046
6097,128,3.722461e-04,0.9744,0.9680,0.044
6098,128,3.719745e-04,0.9552,0.9673,0.049
6099,128,3.717031e-04,0.9243,0.9652,0.048
6100,128,3.714318e-04,0.9431,0.9641,0.046
6101,128,3.711606e-04,0.9756,0.9646,0.042
6102,128,3.708895e-04,0.9583,0.9643,0.044
6103,128,3.706185e-04,0.9262,0.9624,0.041
6104,128,3.703476e-04,0.9786,0.9632,0.042
6105,128,3.700769e-04,0.9420,0.9622,0.044
6106,128,3.698062e-04,0.9752,0.9628,0.048
6107,128,3.695357e-04,0.9694,0.9631,0.042
6108,128,3.692653e-04,0.9589,0.9629,0.047
6109,128,3.689950e-04,0.9380,0.9617,0.045
6110,128,3.687248e-04,0.9779,0.9625,0.042
6111,128,3.684547e-04,0.9531,0.9620,0.046
6112,128,3.681847e-04,0.9407,0.9610,0.038
6113,128,3.679149e-04,0.9612,0.9610,0.046
6114,128,3.676452e-04,0.9486,0.9604,0.045
6115,128,3.673755e-04,0.9319,0.9589,0.039
6116,128,3.671060e-04,0.9656,0.9593,0.042
6117,128,3.668366e-04,0.9624,0.9594,0.045
6118,128,3.665674e-04,0.9834,0.9606,0.049
6119,128,3.662982e-04,0.9470,0.9599,0.042
6120,128,3.660291e-04,0.9480,0.9593,0.044
6121,128,3.657602e-04,0.9540,0.9591,0.043
6122,128,3.654914e-04,0.9356,0.9579,0.041
6123,128,3.652227e-04,0.9729,0.9586,0.048
6124,128,3.649541e-04,0.9630,0.9589,0.057
6125,128,3.646856e-04,0.9431,0.9581,0.043
6126,128,3.644172e-04,0.9660,0.9585,0.043
6127,128,3.641490e-04,0.9688,0.9590,0.051
6128,128,3.638808e-04,0.9581,0.9589,0.049
6129,128,3.636128e-04,0.9566,0.9588,0.053
6130,128,3.633449e-04,0.9795,0.9599,0.055
6131,128,3.630771e-04,0.9607,0.9599,0.046
6132,128,3.628094e-04,0.9436,0.9591,0.046
6133,128,3.625418e-04,0.9619,0.9592,0.046
6134,128,3.622744e-04,0.9739,0.9600,0.050
6135,128,3.620070e-04,0.9736,0.9606,0.042
6136,128,3.617398e-04,0.9636,0.9608,0.042
6137,128,3.614727e-04,0.9244,0.9590,0.042
6138,128,3.612057e-04,0.9348,0.9578,0.046
6139,128,3.609388e-04,0.9625,0.9580,0.049
6140,128,3.606720e-04,0.9756,0.9589,0.045
6141,128,3.604054e-04,0.9630,0.9591,0.048
6142,128,3.601389e-04,0.9870,0.9605,0.047
6143,128,3.598724e-04,0.9727,0.9611,0.047
6144,128,3.596061e-04,0.9297,0.9595,0.043
6145,128,3.593399e-04,0.9540,0.9592,0.047
6146,128,3.590739e-04,0.9727,0.9599,0.051
6147,128,3.588079e-04,0.9533,0.9596,0.040
6148,128,3.585420e-04,0.9821,0.9607,0.049
6149,128,3.582763e-04,0.9471,0.9600,0.041
6150,128,3.580107e-04,0.9644,0.9603,0.045
6151,128,3.577452e-04,0.9385,0.9592,0.047
6152,128,3.574798e-04,0.9568,0.9590,0.042
6153,128,3.572145e-04,0.9437,0.9583,0.045
6154,128,3.569494e-04,0.9641,0.9586,0.044
6155,128,3.566843e-04,0.9739,0.9593,0.045
6156,128,3.564194e-04,0.9358,0.9582,0.046
6157,128,3.561546e-04,0.9788,0.9592,0.044
6158,128,3.558899e-04,0.9407,0.9583,0.042
6159,128,3.556253e-04,0.9694,0.9588,0.045
6160,128,3.553609e-04,0.9441,0.9581,0.046
6161,128,3.550965e-04,0.9706,0.9587,0.047
6162,128,3.548323e-04,0.9485,0.9582,0.045
6163,128,3.545682e-04,0.9443,0.9575,0.043
6164,128,3.543042e-04,0.9623,0.9577,0.053
6165,128,3.540403e-04,0.9977,0.9597,0.055
6166,128,3.537765e-04,0.9672,0.9601,0.047
6167,128,3.535129e-04,0.9624,0.9602,0.052
6168,128,3.532493e-04,0.9582,0.9601,0.043
6169,128,3.529859e-04,0.9508,0.9597,0.048
6170,128,3.527226e-04,1.0045,0.9619,0.047
6171,128,3.524594e-04,1.0029,0.9640,0.049
6172,128,3.521963e-04,0.9686,0.9642,0.049
6173,128,3.519334e-04,0.9555,0.9637,0.045
6174,128,3.516705e-04,0.9678,0.9640,0.044
6175,128,3.514078e-04,0.9540,0.9635,0.042
6176,128,3.511452e-04,0.9776,0.9642,0.042
6177,128,3.508827e-04,0.9205,0.9620,0.043
6178,128,3.506203e-04,1.0047,0.9641,0.048
6179,128,3.503581e-04,0.9272,0.9623,0.046
6180,128,3.500959e-04,0.9936,0.9638,0.051
6181,128,3.498339e-04,0.9842,0.9649,0.045
6182,128,3.495720e-04,0.9597,0.9646,0.047
6183,128,3.493102e-04,0.9552,0.9641,0.046
6184,128,3.490485e-04,0.9413,0.9630,0.043
6185,128,3.487870e-04,0.9543,0.9625,0.040
6186,128,3.485255e-04,0.9721,0.9630,0.052
6187,128,3.482642e-04,0.9598,0.9629,0.044
6188,128,3.480030e-04,0.9420,0.9618,0.049
6189,128,3.477419e-04,0.9488,0.9612,0.050
6190,128,3.474809e-04,0.9744,0.9618,0.049
6191,128,3.472200e-04,0.9646,0.9620,0.045
6192,128,3.469593e-04,0.9670,0.9622,0.047
6193,128,3.466987e-04,0.9687,0.9625,0.042
6194,128,3.464382e-04,0.9790,0.9634,0.047
6195,128,3.461778e-04,0.9706,0.9637,0.048
6196,128,3.459175e-04,0.9671,0.9639,0.043
6197,128,3.456573e-04,0.9605,0.9637,0.042
6198,128,3.453973e-04,0.9614,0.9636,0.045
6199,128,3.451374e-04,0.9774,0.9643,0.045
6200,128,3.448776e-04,0.9605,0.9641,0.045
6201,128,3.446179e-04,0.9558,0.9637,0.046
6202,128,3.443583e-04,0.9576,0.9634,0.043
6203,128,3.440989e-04,0.9710,0.9638,0.042
6204,128,3.438395e-04,0.9550,0.9633,0.046
6205,128,3.435803e-04,0.9613,0.9632,0.044
6206,128,3.433212e-04,0.9604,0.9631,0.048
6207,128,3.430622e-04,0.9535,0.9626,0.041
6208,128,3.428034e-04,0.9507,0.9620,0.047
6209,128,3.425446e-04,0.9600,0.9619,0.043
6210,128,3.422860e-04,0.9617,0.9619,0.039
6211,128,3.420275e-04,0.9377,0.9607,0.041
6212,128,3.417691e-04,0.9554,0.9604,0.044
6213,128,3.415108e-04,0.9387,0.9593,0.051
6214,128,3.412527e-04,0.9585,0.9593,0.050
6215,128,3.409946e-04,0.9646,0.9596,0.045
6216,128,3.407367e-04,0.9407,0.9586,0.051
6217,128,3.404789e-04,0.9704,0.9592,0.045
6218,128,3.402212e-04,0.9600,0.9592,0.051
6219,128,3.399636e-04,0.9898,0.9608,0.049
6220,128,3.397062e-04,0.9709,0.9613,0.041
6221,128,3.394489e-04,0.9357,0.9600,0.047
6222,128,3.391917e-04,0.9685,0.9604,0.041
6223,128,3.389346e-04,0.9643,0.9606,0.041
6224,128,3.386776e-04,0.9703,0.9611,0.040
6225,128,3.384207e-04,0.9906,0.9626,0.043
6226,128,3.381640e-04,0.9736,0.9631,0.044
6227,128,3.379074e-04,0.9728,0.9636,0.042
6228,128,3.376509e-04,0.9393,0.9624,0.042
6229,128,3.373945e-04,0.9693,0.9627,0.047
6230,128,3.371382e-04,0.9846,0.9638,0.046
6231,128,3.368821e-04,0.9709,0.9642,0.046
6232,128,3.366260e-04,0.9706,0.9645,0.042
6233,128,3.363701e-04,0.9849,0.9655,0.050
6234,128,3.361143e-04,0.9697,0.9657,0.048
6235,128,3.358587e-04,0.9820,0.9665,0.046
6236,128,3.356031e-04,0.9377,0.9651,0.042
6237,128,3.353477e-04,1.0142,0.9676,0.051
6238,128,3.350924e-04,0.9539,0.9669,0.052
6239,128,3.348372e-04,0.9550,0.9663,0.040
6240,128,3.345821e-04,0.9918,0.9676,0.049
6241,128,3.343272e-04,0.9612,0.9672,0.042
6242,128,3.340723e-04,0.9414,0.9660,0.046
6243,128,3.338176e-04,0.9558,0.9654,0.042
6244,128,3.335630e-04,0.9627,0.9653,0.047
6245,128,3.333085e-04,0.9666,0.9654,0.050
6246,128,3.330542e-04,0.9766,0.9659,0.047
6247,128,3.327999e-04,0.9777,0.9665,0.047
6248,128,3.325458e-04,0.9747,0.9669,0.049
6249,128,3.322918e-04,0.9623,0.9667,0.044
6250,128,3.320379e-04,0.9756,0.9671,0.044
6251,128,3.317841e-04,0.9842,0.9680,0.044
6252,128,3.315305e-04,0.9278,0.9660,0.040
6253,128,3.312770e-04,0.9796,0.9667,0.045
6254,128,3.310236e-04,0.9544,0.9661,0.039
6255,128,3.307703e-04,0.9668,0.9661,0.048
6256,128,3.305171e-04,0.9574,0.9657,0.044
6257,128,3.302641e-04,0.9631,0.9655,0.042
6258,128,3.300111e-04,0.9570,0.9651,0.041
6259,128,3.297583e-04,0.9539,0.9645,0.046
6260,128,3.295057e-04,0.9443,0.9635,0.044
6261,128,3.292531e-04,0.9743,0.9641,0.048
6262,128,3.290006e-04,0.9610,0.9639,0.050
6263,128,3.287483e-04,0.9537,0.9634,0.044
6264,128,3.284961e-04,0.9533,0.9629,0.044
6265,128,3.282440e-04,1.0010,0.9648,0.047
6266,128,3.279921e-04,0.9352,0.9633,0.047
6267,128,3.277402e-04,0.9586,0.9631,0.044
6268,128,3.274885e-04,0.9507,0.9625,0.036
6269,128,3.272369e-04,0.9790,0.9633,0.056
6270,128,3.269854e-04,0.9695,0.9636,0.044
6271,128,3.267340e-04,0.9692,0.9639,0.054
6272,128,3.264828e-04,0.9674,0.9641,0.043
6273,128,3.262317e-04,0.9729,0.9645,0.043
6274,128,3.259807e-04,0.9443,0.9635,0.045
6275,128,3.257298e-04,0.9475,0.9627,0.044
6276,128,3.254790e-04,0.9551,0.9623,0.044
6277,128,3.252284e-04,0.9694,0.9627,0.048
6278,128,3.249779e-04,0.9561,0.9623,0.038
6279,128,3.247275e-04,0.9672,0.9626,0.047
6280,128,3.244772e-04,0.9488,0.9619,0.040
6281,128,3.242270e-04,0.9524,0.9614,0.043
6282,128,3.239770e-04,0.9635,0.9615,0.045
6283,128,3.237271e-04,0.9760,0.9622,0.045
6284,128,3.234773e-04,0.9797,0.9631,0.050
6285,128,3.232276e-04,0.9976,0.9648,0.048
6286,128,3.229780e-04,0.9680,0.9650,0.054
6287,128,3.227286e-04,0.9729,0.9654,0.045
6288,128,3.224793e-04,0.9529,0.9648,0.041
6289,128,3.222301e-04,0.9548,0.9643,0.049
6290,128,3.219810e-04,0.9827,0.9652,0.052
6291,128,3.217321e-04,0.9620,0.9650,0.049
6292,128,3.214833e-04,0.9447,0.9640,0.050
6293,128,3.212345e-04,0.9652,0.9641,0.048
6294,128,3.209860e-04,0.9507,0.9634,0.045
6295,128,3.207375e-04,0.9860,0.9645,0.045
6296,128,3.204892e-04,0.9590,0.9643,0.045
6297,128,3.202409e-04,0.9598,0.9640,0.040
6298,128,3.199928e-04,0.9714,0.9644,0.039
6299,128,3.197449e-04,1.0002,0.9662,0.045
6300,128,3.194970e-04,0.9944,0.9676,0.045
6301,128,3.192493e-04,0.9706,0.9678,0.045
6302,128,3.190017e-04,0.9460,0.9667,0.042
6303,128,3.187542e-04,0.9614,0.9664,0.040
6304,128,3.185068e-04,0.9583,0.9660,0.045
6305,128,3.182595e-04,0.9647,0.9659,0.042
6306,128,3.180124e-04,0.9680,0.9660,0.045
6307,128,3.177654e-04,0.9782,0.9666,0.051
6308,128,3.175185e-04,0.9869,0.9677,0.046
6309,128,3.172718e-04,0.9578,0.9672,0.053
6310,128,3.170251e-04,0.9583,0.9667,0.042
6311,128,3.167786e-04,0.9390,0.9653,0.044
6312,128,3.165322e-04,0.9825,0.9662,0.047
6313,128,3.162860e-04,0.9594,0.9659,0.040
6314,128,3.160398e-04,0.9937,0.9672,0.050
6315,128,3.157938e-04,0.9605,0.9669,0.047
6316,128,3.155479e-04,0.9707,0.9671,0.045
6317,128,3.153021e-04,0.9836,0.9679,0.050
6318,128,3.150564e-04,0.9718,0.9681,0.041
6319,128,3.148109e-04,0.9578,0.9676,0.039
6320,128,3.145655e-04,0.9471,0.9666,0.046
6321,128,3.143202e-04,0.9875,0.9676,0.045
6322,128,3.140750e-04,0.9439,0.9664,0.043
6323,128,3.138300e-04,0.9575,0.9660,0.053
6324,128,3.135850e-04,0.9579,0.9656,0.040
6325,128,3.133402e-04,0.9599,0.9653,0.050
6326,128,3.130955e-04,0.9697,0.9655,0.044
6327,128,3.128510e-04,0.9830,0.9664,0.044
6328,128,3.126066e-04,0.9399,0.9651,0.050
6329,128,3.123622e-04,0.9948,0.9666,0.040
6330,128,3.121180e-04,0.9832,0.9674,0.052
6331,128,3.118740e-04,0.9631,0.9672,0.037
6332,128,3.116300e-04,0.9606,0.9668,0.055
6333,128,3.113862e-04,0.9667,0.9668,0.049
6334,128,3.111425e-04,0.9443,0.9657,0.042
6335,128,3.108989e-04,0.9753,0.9662,0.047
6336,128,3.106555e-04,0.9250,0.9641,0.048
6337,128,3.104122e-04,0.9195,0.9619,0.043
6338,128,3.101690e-04,0.9522,0.9614,0.048
6339,128,3.099259e-04,0.9427,0.9605,0.050
6340,128,3.096829e-04,0.9657,0.9607,0.045
6341,128,3.094401e-04,0.9755,0.9615,0.048
6342,128,3.091974e-04,0.9862,0.9627,0.052
6343,128,3.089548e-04,0.9544,0.9623,0.041
6344,128,3.087123e-04,0.9828,0.9633,0.048
6345,128,3.084700e-04,0.9689,0.9636,0.048
6346,128,3.082277e-04,0.9252,0.9617,0.043
6347,128,3.079856e-04,0.9711,0.9622,0.048
6348,128,3.077437e-04,0.9269,0.9604,0.045
6349,128,3.075018e-04,0.9556,0.9601,0.047
6350,128,3.072601e-04,0.9617,0.9602,0.044
6351,128,3.070185e-04,0.9442,0.9594,0.043
6352,128,3.067770e-04,0.9615,0.9595,0.042
6353,128,3.065357e-04,0.9727,0.9602,0.048
6354,128,3.062944e-04,0.9435,0.9594,0.045
6355,128,3.060533e-04,0.9381,0.9583,0.042
6356,128,3.058123e-04,0.9603,0.9584,0.048
6357,128,3.055715e-04,0.9495,0.9580,0.046
6358,128,3.053307e-04,0.9200,0.9561,0.045
6359,128,3.050901e-04,0.9497,0.9557,0.038
6360,128,3.048496e-04,1.0143,0.9587,0.046
6361,128,3.046093e-04,0.9654,0.9590,0.046
6362,128,3.043690e-04,0.9635,0.9592,0.046
6363,128,3.041289e-04,0.9717,0.9598,0.046
6364,128,3.038889e-04,0.9461,0.9592,0.039
6365,128,3.036491e-04,0.9800,0.9602,0.046
6366,128,3.034093e-04,0.9582,0.9601,0.043
6367,128,3.031697e-04,0.9511,0.9597,0.046
6368,128,3.029302e-04,0.9806,0.9607,0.045
6369,128,3.026908e-04,0.9685,0.9611,0.043
6370,128,3.024516e-04,0.9417,0.9601,0.050
6371,128,3.022125e-04,0.9796,0.9611,0.041
6372,128,3.019735e-04,0.9901,0.9626,0.044
6373,128,3.017346e-04,0.9425,0.9615,0.046
6374,128,3.014959e-04,0.9544,0.9612,0.045
6375,128,3.012572e-04,0.9557,0.9609,0.048
6376,128,3.010187e-04,0.9592,0.9608,0.047
6377,128,3.007804e-04,0.9581,0.9607,0.052
6378,128,3.005421e-04,0.9694,0.9611,0.040
6379,128,3.003040e-04,0.9643,0.9613,0.046
6380,128,3.000660e-04,0.9385,0.9602,0.048
6381,128,2.998281e-04,0.9889,0.9616,0.046
6382,128,2.995904e-04,0.9730,0.9622,0.048
6383,128,2.993527e-04,0.9864,0.9634,0.053
6384,128,2.991152e-04,0.9490,0.9627,0.042
6385,128,2.988779e-04,0.9314,0.9611,0.048
6386,128,2.986406e-04,0.9636,0.9612,0.040
6387,128,2.984035e-04,0.9418,0.9602,0.043
6388,128,2.981665e-04,0.9650,0.9605,0.044
6389,128,2.979296e-04,0.9977,0.9623,0.049
6390,128,2.976929e-04,0.9370,0.9611,0.045
6391,128,2.974562e-04,0.9515,0.9606,0.043
6392,128,2.972197e-04,0.9760,0.9614,0.049
6393,128,2.969834e-04,0.9629,0.9614,0.041
6394,128,2.967471e-04,0.9516,0.9609,0.047
6395,128,2.965110e-04,0.9653,0.9612,0.048
6396,128,2.962750e-04,0.9683,0.9615,0.042
6397,128,2.960391e-04,0.9470,0.9608,0.048
6398,128,2.958034e-04,0.9437,0.9599,0.047
6399,128,2.955678e-04,0.9536,0.9596,0.046
6400,128,2.953323e-04,0.9410,0.9587,0.052
6401,128,2.950969e-04,0.9775,0.9596,0.055
6402,128,2.948617e-04,0.9583,0.9596,0.045
6403,128,2.946265e-04,0.9293,0.9580,0.040
6404,128,2.943915e-04,0.9737,0.9588,0.046
6405,128,2.941567e-04,0.9609,0.9589,0.044
6406,128,2.939219e-04,0.9660,0.9593,0.047
6407,128,2.936873e-04,0.9627,0.9595,0.046
6408,128,2.934528e-04,0.9457,0.9588,0.043
6409,128,2.932185e-04,0.9576,0.9587,0.044
6410,128,2.929842e-04,0.9282,0.9572,0.044
6411,128,2.927501e-04,0.9682,0.9577,0.045
6412,128,2.925161e-04,0.9665,0.9582,0.044
6413,128,2.922823e-04,0.9646,0.9585,0.052
6414,128,2.920485e-04,0.9617,0.9587,0.044
6415,128,2.918149e-04,0.9802,0.9597,0.050
6416,128,2.915815e-04,0.9522,0.9594,0.045
6417,128,2.913481e-04,0.9348,0.9581,0.046
6418,128,2.911149e-04,0.9679,0.9586,0.048
6419,128,2.908818e-04,0.9515,0.9583,0.045
6420,128,2.906488e-04,0.9576,0.9582,0.043
6421,128,2.904160e-04,0.9438,0.9575,0.044
6422,128,2.901832e-04,0.9642,0.9578,0.044
6423,128,2.899506e-04,0.9390,0.9569,0.040
6424,128,2.897182e-04,0.9526,0.9567,0.042
6425,128,2.894858e-04,0.9609,0.9569,0.047
6426,128,2.892536e-04,0.9581,0.9570,0.044
6427,128,2.890215e-04,0.9642,0.9573,0.053
6428,128,2.887896e-04,0.9577,0.9573,0.045
6429,128,2.885577e-04,0.9433,0.9566,0.048
6430,128,2.883260e-04,0.9528,0.9564,0.041
6431,128,2.880944e-04,0.9582,0.9565,0.044
6432,128,2.878630e-04,0.9604,0.9567,0.053
6433,128,2.876316e-04,0.9575,0.9568,0.046
6434,128,2.874004e-04,0.9786,0.9579,0.045
6435,128,2.871694e-04,0.9573,0.9578,0.044
6436,128,2.869384e-04,0.9705,0.9585,0.044
6437,128,2.867076e-04,0.9706,0.9591,0.047
6438,128,2.864769e-04,0.9606,0.9591,0.044
6439,128,2.862463e-04,0.9593,0.9592,0.043
6440,128,2.860159e-04,0.9662,0.9595,0.045
6441,128,2.857856e-04,0.9627,0.9597,0.044
6442,128,2.855554e-04,0.9584,0.9596,0.045
6443,128,2.853253e-04,0.9512,0.9592,0.044
6444,128,2.850954e-04,0.9875,0.9606,0.050
6445,128,2.848656e-04,0.9576,0.9604,0.043
6446,128,2.846359e-04,0.9749,0.9612,0.044
6447,128,2.844064e-04,0.9603,0.9611,0.044
6448,128,2.841770e-04,0.9239,0.9593,0.040
6449,128,2.839477e-04,0.9714,0.9599,0.043
6450,128,2.837185e-04,0.9537,0.9596,0.045
6451,128,2.834895e-04,0.9882,0.9610,0.047
6452,128,2.832605e-04,0.9353,0.9597,0.042
6453,128,2.830318e-04,0.9705,0.9602,0.047
6454,128,2.828031e-04,0.9600,0.9602,0.048
6455,128,2.825746e-04,0.9649,0.9605,0.060
6456,128,2.823462e-04,0.9668,0.9608,0.047
6457,128,2.821179e-04,0.9541,0.9604,0.043
6458,128,2.818898e-04,0.9659,0.9607,0.047
6459,128,2.816617e-04,0.9855,0.9620,0.046
6460,128,2.814339e-04,0.9604,0.9619,0.040
6461,128,2.812061e-04,0.9508,0.9613,0.044
6462,128,2.809785e-04,0.9594,0.9612,0.045
6463,128,2.807510e-04,0.9278,0.9596,0.040
6464,128,2.805236e-04,0.9740,0.9603,0.044
6465,128,2.802963e-04,0.9225,0.9584,0.046
6466,128,2.800692e-04,0.9760,0.9593,0.048
6467,128,2.798422e-04,0.9388,0.9583,0.050
6468,128,2.796154e-04,0.9418,0.9574,0.046
6469,128,2.793886e-04,0.9641,0.9578,0.046
6470,128,2.791620e-04,0.9540,0.9576,0.044
6471,128,2.789355e-04,0.9670,0.9580,0.041
6472,128,2.787092e-04,0.9377,0.9570,0.040
6473,128,2.784830e-04,0.9738,0.9579,0.046
6474,128,2.782569e-04,0.9393,0.9569,0.042
6475,128,2.780309e-04,0.9389,0.9560,0.044
6476,128,2.778051e-04,0.9390,0.9552,0.040
6477,128,2.775793e-04,0.9687,0.9559,0.039
6478,128,2.773538e-04,0.9430,0.9552,0.045
6479,128,2.771283e-04,0.9507,0.9550,0.038
6480,128,2.769030e-04,0.9667,0.9556,0.048
6481,128,2.766778e-04,0.9335,0.9545,0.040
6482,128,2.764527e-04,0.9454,0.9540,0.041
6483,128,2.762278e-04,0.9724,0.9549,0.046
6484,128,2.760030e-04,0.9485,0.9546,0.045
6485,128,2.757783e-04,0.9461,0.9542,0.045
6486,128,2.755538e-04,0.9590,0.9544,0.043
6487,128,2.753293e-04,0.9548,0.9544,0.049
6488,128,2.751050e-04,0.9657,0.9550,0.044
6489,128,2.748809e-04,0.9727,0.9559,0.047
6490,128,2.746568e-04,0.9416,0.9552,0.045
6491,128,2.744329e-04,0.9341,0.9541,0.043
6492,128,2.742092e-04,0.9342,0.9531,0.047
6493,128,2.739855e-04,0.9515,0.9530,0.050
6494,128,2.737620e-04,0.9507,0.9529,0.054
6495,128,2.735386e-04,0.9906,0.9548,0.046
6496,128,2.733154e-04,0.9549,0.9548,0.048
6497,128,2.730922e-04,0.9863,0.9564,0.046
6498,128,2.728692e-04,0.9741,0.9573,0.049
6499,128,2.726463e-04,0.9530,0.9571,0.047
6500,128,2.724236e-04,0.9846,0.9584,0.045
6501,128,2.722010e-04,0.9598,0.9585,0.047
6502,128,2.719785e-04,0.9821,0.9597,0.047
6503,128,2.717562e-04,0.9508,0.9592,0.047
6504,128,2.715339e-04,0.9612,0.9593,0.049
6505,128,2.713118e-04,0.9579,0.9593,0.040
6506,128,2.710899e-04,0.9576,0.9592,0.043
6507,128,2.708680e-04,0.9529,0.9589,0.039
6508,128,2.706463e-04,0.9703,0.9594,0.047
6509,128,2.704248e-04,0.9513,0.9590,0.051
6510,128,2.702033e-04,0.9566,0.9589,0.041
6511,128,2.699820e-04,0.9220,0.9571,0.039
6512,128,2.697608e-04,0.9607,0.9572,0.047
6513,128,2.695398e-04,0.9952,0.9591,0.046
6514,128,2.693188e-04,0.9375,0.9581,0.042
6515,128,2.690980e-04,0.9487,0.9576,0.037
6516,128,2.688774e-04,0.9661,0.9580,0.038
6517,128,2.686568e-04,0.9731,0.9588,0.040
6518,128,2.684364e-04,0.9375,0.9577,0.043
6519,128,2.682161e-04,0.9713,0.9584,0.041
6520,128,2.679960e-04,0.9839,0.9597,0.051
6521,128,2.677760e-04,0.9421,0.9588,0.041
6522,128,2.675561e-04,0.9586,0.9588,0.045
6523,128,2.673363e-04,0.9374,0.9577,0.044
6524,128,2.671167e-04,0.9309,0.9564,0.043
6525,128,2.668972e-04,0.9666,0.9569,0.046
6526,128,2.666779e-04,0.9589,0.9570,0.048
6527,128,2.664586e-04,0.9464,0.9565,0.043
6528,128,2.662395e-04,0.9536,0.9563,0.049
6529,128,2.660205e-04,0.9318,0.9551,0.043
6530,128,2.658017e-04,0.9945,0.9571,0.051
6531,128,2.655830e-04,0.9674,0.9576,0.044
6532,128,2.653644e-04,0.9802,0.9587,0.039
6533,128,2.651460e-04,0.9772,0.9596,0.042
6534,128,2.649276e-04,0.9549,0.9594,0.040
6535,128,2.647094e-04,0.9746,0.9602,0.043
6536,128,2.644914e-04,0.9662,0.9605,0.044
6537,128,2.642735e-04,0.9760,0.9612,0.046
6538,128,2.640557e-04,0.9766,0.9620,0.044
6539,128,2.638380e-04,0.9702,0.9624,0.047
6540,128,2.636205e-04,0.9898,0.9638,0.047
6541,128,2.634030e-04,0.9790,0.9645,0.046
6542,128,2.631858e-04,0.9329,0.9630,0.048
6543,128,2.629686e-04,0.9637,0.9630,0.050
6544,128,2.627516e-04,0.9280,0.9612,0.041
6545,128,2.625347e-04,0.9654,0.9615,0.048
6546,128,2.623180e-04,0.9713,0.9619,0.043
6547,128,2.621014e-04,0.9408,0.9609,0.049
6548,128,2.618849e-04,0.9776,0.9617,0.049
6549,128,2.616685e-04,0.9648,0.9619,0.046
6550,128,2.614523e-04,0.9576,0.9617,0.042
6551,128,2.612362e-04,0.9747,0.9623,0.050
6552,128,2.610202e-04,0.9645,0.9624,0.043
6553,128,2.608044e-04,0.9523,0.9619,0.044
6554,128,2.605887e-04,0.9595,0.9618,0.045
6555,128,2.603731e-04,0.9495,0.9612,0.047
6556,128,2.601577e-04,0.9726,0.9618,0.046
6557,128,2.599424e-04,0.9703,0.9622,0.036
6558,128,2.597272e-04,0.9184,0.9600,0.038
6559,128,2.595122e-04,0.9348,0.9587,0.045
6560,128,2.592973e-04,0.9518,0.9584,0.050
6561,128,2.590825e-04,0.9506,0.9580,0.046
6562,128,2.588678e-04,0.9601,0.9581,0.046
6563,128,2.586533e-04,0.9787,0.9591,0.049
6564,128,2.584389e-04,0.9859,0.9605,0.049
6565,128,2.582247e-04,0.9729,0.9611,0.043
6566,128,2.580106e-04,0.9746,0.9618,0.048
6567,128,2.577966e-04,0.9609,0.9617,0.046
6568,128,2.575827e-04,0.9800,0.9626,0.044
6569,128,2.573690e-04,0.9340,0.9612,0.042
6570,128,2.571554e-04,0.9810,0.9622,0.047
6571,128,2.569419e-04,0.9813,0.9632,0.042
6572,128,2.567286e-04,0.9822,0.9641,0.044
6573,128,2.565154e-04,0.9261,0.9622,0.046
6574,128,2.563024e-04,0.9867,0.9634,0.047
6575,128,2.560894e-04,0.9352,0.9620,0.046
6576,128,2.558766e-04,0.9298,0.9604,0.043
6577,128,2.556640e-04,0.9922,0.9620,0.058
6578,128,2.554514e-04,0.9613,0.9620,0.040
6579,128,2.552390e-04,0.9714,0.9624,0.041
6580,128,2.550267e-04,0.9688,0.9627,0.042
6581,128,2.548146e-04,0.9421,0.9617,0.039
6582,128,2.546026e-04,0.9536,0.9613,0.047
6583,128,2.543907e-04,0.9653,0.9615,0.043
6584,128,2.541790e-04,0.9701,0.9619,0.046
6585,128,2.539674e-04,0.9955,0.9636,0.050
6586,128,2.537559e-04,0.9608,0.9635,0.049
6587,128,2.535445e-04,0.9554,0.9631,0.051
6588,128,2.533333e-04,0.9711,0.9635,0.047
6589,128,2.531223e-04,0.9565,0.9631,0.044
6590,128,2.529113e-04,0.9754,0.9637,0.045
6591,128,2.527005e-04,0.9358,0.9623,0.041
6592,128,2.524898e-04,0.9407,0.9613,0.044
6593,128,2.522793e-04,0.9279,0.9596,0.041
6594,128,2.520688e-04,0.9456,0.9589,0.042
6595,128,2.518586e-04,0.9544,0.9587,0.042
6596,128,2.516484e-04,0.9769,0.9596,0.043
6597,128,2.514384e-04,0.9443,0.9588,0.044
6598,128,2.512285e-04,0.9454,0.9581,0.044
6599,128,2.510188e-04,0.9283,0.9567,0.041
6600,128,2.508091e-04,0.9631,0.9570,0.047
6601,128,2.505997e-04,0.9728,0.9578,0.046
6602,128,2.503903e-04,0.9535,0.9576,0.050
6603,128,2.501811e-04,0.9684,0.9581,0.044
6604,128,2.499720e-04,0.9527,0.9578,0.051
6605,128,2.497630e-04,0.9774,0.9588,0.042
6606,128,2.495542e-04,0.9762,0.9597,0.050
6607,128,2.493455e-04,0.9379,0.9586,0.043
6608,128,2.491370e-04,0.9767,0.9595,0.052
6609,128,2.489286e-04,0.9671,0.9599,0.046
6610,128,2.487203e-04,0.9480,0.9593,0.048
6611,128,2.485121e-04,0.9382,0.9582,0.045
6612,128,2.483041e-04,0.9712,0.9589,0.046
6613,128,2.480962e-04,0.9651,0.9592,0.043
6614,128,2.478885e-04,0.9471,0.9586,0.043
6615,128,2.476809e-04,0.9685,0.9591,0.043
6616,128,2.474734e-04,0.9673,0.9595,0.046
6617,128,2.472660e-04,0.9748,0.9603,0.043
6618,128,2.470588e-04,0.9758,0.9610,0.047
6619,128,2.468517e-04,0.9397,0.9600,0.038
6620,128,2.466448e-04,0.9559,0.9598,0.045
6621,128,2.464379e-04,0.9567,0.9596,0.042
6622,128,2.462313e-04,0.9932,0.9613,0.049
6623,128,2.460247e-04,0.9327,0.9599,0.045
6624,128,2.458183e-04,0.9693,0.9603,0.048
6625,128,2.456120e-04,0.9289,0.9588,0.041
6626,128,2.454059e-04,0.9750,0.9596,0.044
6627,128,2.451998e-04,0.9104,0.9571,0.043
6628,128,2.449940e-04,0.9652,0.9575,0.048
6629,128,2.447882e-04,0.9636,0.9578,0.046
6630,128,2.445826e-04,0.9292,0.9564,0.042
6631,128,2.443771e-04,0.9318,0.9552,0.050
6632,128,2.441718e-04,0.9300,0.9539,0.048
6633,128,2.439666e-04,0.9956,0.9560,0.049
6634,128,2.437615e-04,0.9724,0.9568,0.047
6635,128,2.435566e-04,0.9579,0.9569,0.045
6636,128,2.433518e-04,0.9866,0.9583,0.047
6637,128,2.431471e-04,0.9450,0.9577,0.040
6638,128,2.429425e-04,0.9432,0.9570,0.043
6639,128,2.427381e-04,0.9691,0.9576,0.045
6640,128,2.425339e-04,0.9468,0.9570,0.048
6641,128,2.423297e-04,0.9151,0.9549,0.042
6642,128,2.421257e-04,0.9664,0.9555,0.045
6643,128,2.419219e-04,0.9723,0.9563,0.043
6644,128,2.417181e-04,0.9691,0.9570,0.051
6645,128,2.415145e-04,0.9376,0.9560,0.045
6646,128,2.413111e-04,0.9624,0.9563,0.041
6647,128,2.411077e-04,0.9377,0.9554,0.045
6648,128,2.409045e-04,0.9807,0.9567,0.043
6649,128,2.407015e-04,0.9460,0.9561,0.042
6650,128,2.404986e-04,0.9642,0.9565,0.042
6651,128,2.402958e-04,0.9441,0.9559,0.045
6652,128,2.400931e-04,0.9494,0.9556,0.041
6653,128,2.398906e-04,0.9454,0.9551,0.045
6654,128,2.396882e-04,0.9307,0.9539,0.040
6655,128,2.394860e-04,0.9544,0.9539,0.041
6656,128,2.392839e-04,0.9515,0.9538,0.043
6657,128,2.390819e-04,0.9634,0.9543,0.041
6658,128,2.388800e-04,0.9531,0.9542,0.053
6659,128,2.386783e-04,0.9435,0.9537,0.047
6660,128,2.384767e-04,0.9626,0.9541,0.048
6661,128,2.382753e-04,0.9517,0.9540,0.044
6662,128,2.380740e-04,0.9520,0.9539,0.054
6663,128,2.378728e-04,0.9667,0.9545,0.047
6664,128,2.376718e-04,0.9578,0.9547,0.045
6665,128,2.374709e-04,0.9560,0.9548,0.045
6666,128,2.372701e-04,0.9650,0.9553,0.049
6667,128,2.370695e-04,0.9415,0.9546,0.044
6668,128,2.368690e-04,0.9510,0.9544,0.043
6669,128,2.366686e-04,0.9673,0.9550,0.044
6670,128,2.364684e-04,0.9498,0.9548,0.041
6671,128,2.362683e-04,0.9632,0.9552,0.045
6672,128,2.360684e-04,0.9440,0.9546,0.044
6673,128,2.358686e-04,0.9777,0.9558,0.044
6674,128,2.356689e-04,0.9495,0.9555,0.045
6675,128,2.354693e-04,0.9617,0.9558,0.049
6676,128,2.352699e-04,0.9598,0.9560,0.042
6677,128,2.350707e-04,0.9584,0.9561,0.039
6678,128,2.348715e-04,0.9633,0.9565,0.044
6679,128,2.346725e-04,0.9537,0.9563,0.043
6680,128,2.344736e-04,0.9621,0.9566,0.045
6681,128,2.342749e-04,0.9444,0.9560,0.045
6682,128,2.340763e-04,0.9853,0.9575,0.044
6683,128,2.338779e-04,0.9729,0.9582,0.046
6684,128,2.336795e-04,0.9368,0.9572,0.043
6685,128,2.334813e-04,0.9410,0.9564,0.051
6686,128,2.332833e-04,0.9620,0.9566,0.046
6687,128,2.330854e-04,0.9835,0.9580,0.042
6688,128,2.328876e-04,0.9664,0.9584,0.043
6689,128,2.326900e-04,0.9518,0.9581,0.042
6690,128,2.324924e-04,0.9408,0.9572,0.041
6691,128,2.322951e-04,0.9700,0.9579,0.041
6692,128,2.320978e-04,0.9592,0.9579,0.046
6693,128,2.319007e-04,0.9608,0.9581,0.043
6694,128,2.317038e-04,0.9437,0.9573,0.043
6695,128,2.315069e-04,0.9517,0.9571,0.042
6696,128,2.313103e-04,0.9524,0.9568,0.047
6697,128,2.311137e-04,0.9651,0.9572,0.043
6698,128,2.309173e-04,0.9709,0.9579,0.049
6699,128,2.307210e-04,0.9393,0.9570,0.043
6700,128,2.305249e-04,0.9591,0.9571,0.052
6701,128,2.303288e-04,0.9839,0.9584,0.044
6702,128,2.301330e-04,0.9674,0.9589,0.042
6703,128,2.299372e-04,0.9556,0.9587,0.047
6704,128,2.297416e-04,0.9920,0.9604,0.043
6705,128,2.295462e-04,0.9682,0.9608,0.044
6706,128,2.293508e-04,0.9655,0.9610,0.045
6707,128,2.291557e-04,0.9347,0.9597,0.047
6708,128,2.289606e-04,0.9380,0.9586,0.043
6709,128,2.287657e-04,0.9580,0.9586,0.039
6710,128,2.285709e-04,0.9787,0.9596,0.046
6711,128,2.283763e-04,0.9643,0.9598,0.043
6712,128,2.281818e-04,0.9445,0.9591,0.041
6713,128,2.279874e-04,0.9594,0.9591,0.041
6714,128,2.277932e-04,0.9851,0.9604,0.041
6715,128,2.275991e-04,0.9599,0.9603,0.044
6716,128,2.274051e-04,0.9702,0.9608,0.045
6717,128,2.272113e-04,0.9927,0.9624,0.048
6718,128,2.270176e-04,0.9655,0.9626,0.043
6719,128,2.268240e-04,0.9738,0.9631,0.041
6720,128,2.266306e-04,0.9713,0.9636,0.046
6721,128,2.264374e-04,0.9398,0.9624,0.038
6722,128,2.262442e-04,0.9566,0.9621,0.047
6723,128,2.260512e-04,0.9474,0.9613,0.038
6724,128,2.258584e-04,0.9530,0.9609,0.054
6725,128,2.256656e-04,0.9498,0.9604,0.048
6726,128,2.254730e-04,0.9740,0.9611,0.051
6727,128,2.252806e-04,0.9292,0.9595,0.049
6728,128,2.250883e-04,0.9682,0.9599,0.046
6729,128,2.248961e-04,0.9539,0.9596,0.043
6730,128,2.247041e-04,0.9769,0.9605,0.043
6731,128,2.245122e-04,0.9332,0.9591,0.038
6732,128,2.243204e-04,0.9661,0.9595,0.044
6733,128,2.241288e-04,0.9227,0.9576,0.038
6734,128,2.239373e-04,0.9570,0.9576,0.039
6735,128,2.237459e-04,0.9823,0.9588,0.046
6736,128,2.235547e-04,0.9931,0.9605,0.048
6737,128,2.233636e-04,0.9558,0.9603,0.041
6738,128,2.231727e-04,0.9210,0.9583,0.045
6739,128,2.229819e-04,0.9527,0.9580,0.044
6740,128,2.227912e-04,0.9767,0.9590,0.047
6741,128,2.226007e-04,0.9429,0.9582,0.038
6742,128,2.224103e-04,0.9585,0.9582,0.053
6743,128,2.222201e-04,0.9540,0.9580,0.047
6744,128,2.220299e-04,0.9515,0.9577,0.048
6745,128,2.218400e-04,0.9391,0.9567,0.045
6746,128,2.216501e-04,0.9706,0.9574,0.044
6747,128,2.214604e-04,0.9626,0.9577,0.046
6748,128,2.212709e-04,0.9615,0.9579,0.049
6749,128,2.210815e-04,0.9964,0.9598,0.051
6750,128,2.208922e-04,0.9802,0.9608,0.046
6751,128,2.207030e-04,0.9691,0.9612,0.046
6752,128,2.205140e-04,0.9519,0.9608,0.050
6753,128,2.203251e-04,0.9785,0.9617,0.041
6754,128,2.201364e-04,0.9632,0.9617,0.049
6755,128,2.199478e-04,0.9605,0.9617,0.049
6756,128,2.197594e-04,0.9548,0.9613,0.041
6757,128,2.195710e-04,0.9693,0.9617,0.042
6758,128,2.193829e-04,0.9910,0.9632,0.049
6759,128,2.191948e-04,0.9976,0.9649,0.044
6760,128,2.190069e-04,0.9672,0.9650,0.044
6761,128,2.188191e-04,0.9414,0.9638,0.045
6762,128,2.186315e-04,0.9434,0.9628,0.044
6763,128,2.184440e-04,0.9633,0.9628,0.049
6764,128,2.182567e-04,0.9762,0.9635,0.043
6765,128,2.180695e-04,0.9703,0.9638,0.044
6766,128,2.178824e-04,0.9335,0.9623,0.043
6767,128,2.176955e-04,0.9404,0.9612,0.043
6768,128,2.175087e-04,0.9686,0.9616,0.045
6769,128,2.173220e-04,0.9713,0.9621,0.039
6770,128,2.171355e-04,0.9401,0.9610,0.044
6771,128,2.169491e-04,0.9614,0.9610,0.039
6772,128,2.167629e-04,0.9627,0.9611,0.047
6773,128,2.165768e-04,0.9640,0.9612,0.046
6774,128,2.163908e-04,0.9693,0.9616,0.049
6775,128,2.162050e-04,0.9548,0.9613,0.045
6776,128,2.160193e-04,0.9312,0.9598,0.042
6777,128,2.158337e-04,0.9696,0.9603,0.041
6778,128,2.156483e-04,0.9638,0.9605,0.041
6779,128,2.154630e-04,0.9493,0.9599,0.050
6780,128,2.152779e-04,0.9408,0.9589,0.048
6781,128,2.150929e-04,0.9822,0.9601,0.044
6782,128,2.149081e-04,0.9631,0.9603,0.044
6783,128,2.147234e-04,0.9577,0.9601,0.051
6784,128,2.145388e-04,0.9648,0.9604,0.044
6785,128,2.143543e-04,0.9402,0.9594,0.051
6786,128,2.141700e-04,0.9756,0.9602,0.049
6787,128,2.139859e-04,0.9795,0.9611,0.046
6788,128,2.138019e-04,0.9571,0.9609,0.041
6789,128,2.136180e-04,0.9608,0.9609,0.040
6790,128,2.134342e-04,0.9186,0.9588,0.039
6791,128,2.132506e-04,0.9874,0.9602,0.044
6792,128,2.130672e-04,0.9127,0.9579,0.040
6793,128,2.128839e-04,0.9714,0.9585,0.041
6794,128,2.127007e-04,0.9509,0.9582,0.045
6795,128,2.125176e-04,0.9278,0.9566,0.041
6796,128,2.123347e-04,0.9537,0.9565,0.047
6797,128,2.121520e-04,0.9862,0.9580,0.044
6798,128,2.119693e-04,0.9659,0.9584,0.046
6799,128,2.117868e-04,0.9602,0.9585,0.043
6800,128,2.116045e-04,0.9370,0.9574,0.047
6801,128,2.114223e-04,0.9338,0.9562,0.044
6802,128,2.112402e-04,0.9694,0.9569,0.052
6803,128,2.110583e-04,0.9728,0.9577,0.044
6804,128,2.108765e-04,0.9675,0.9582,0.046
6805,128,2.106949e-04,0.9555,0.9580,0.050
6806,128,2.105134e-04,0.9570,0.9580,0.047
6807,128,2.103320e-04,0.9631,0.9582,0.050
6808,128,2.101508e-04,0.9663,0.9586,0.045
6809,128,2.099697e-04,0.9569,0.9586,0.050
6810,128,2.097887e-04,0.9462,0.9579,0.045
6811,128,2.096079e-04,0.9478,0.9574,0.042
6812,128,2.094272e-04,0.9769,0.9584,0.047
6813,128,2.092467e-04,0.9774,0.9594,0.044
6814,128,2.090663e-04,0.9453,0.9587,0.046
6815,128,2.088861e-04,0.9777,0.9596,0.040
6816,128,2.087060e-04,0.9711,0.9602,0.043
6817,128,2.085260e-04,0.9551,0.9599,0.039
6818,128,2.083462e-04,0.9716,0.9605,0.041
6819,128,2.081665e-04,0.9325,0.9591,0.041
6820,128,2.079869e-04,0.9558,0.9589,0.049
6821,128,2.078075e-04,0.9688,0.9594,0.043
6822,128,2.076282e-04,0.9465,0.9588,0.041
6823,128,2.074491e-04,0.9471,0.9582,0.042
6824,128,2.072701e-04,0.9605,0.9583,0.049
6825,128,2.070913e-04,0.9755,0.9592,0.046
6826,128,2.069126e-04,0.9444,0.9584,0.042
6827,128,2.067340e-04,0.9794,0.9595,0.045
6828,128,2.065556e-04,0.9683,0.9599,0.046
6829,128,2.063773e-04,0.9362,0.9587,0.046
6830,128,2.061991e-04,0.9785,0.9597,0.044
6831,128,2.060211e-04,0.9578,0.9596,0.043
6832,128,2.058433e-04,0.9612,0.9597,0.039
6833,128,2.056655e-04,0.9518,0.9593,0.041
6834,128,2.054879e-04,0.9499,0.9588,0.044
6835,128,2.053105e-04,0.9237,0.9571,0.041
6836,128,2.051332e-04,0.9458,0.9565,0.041
6837,128,2.049560e-04,0.9753,0.9575,0.047
6838,128,2.047790e-04,0.9419,0.9567,0.038
6839,128,2.046021e-04,0.9558,0.9566,0.040
6840,128,2.044254e-04,0.9489,0.9563,0.040
6841,128,2.042488e-04,0.9649,0.9567,0.049
6842,128,2.040723e-04,0.9228,0.9550,0.039
6843,128,2.038960e-04,0.9547,0.9550,0.043
6844,128,2.037198e-04,0.9672,0.9556,0.045
6845,128,2.035438e-04,0.9578,0.9557,0.046
6846,128,2.033679e-04,0.9780,0.9568,0.044
6847,128,2.031922e-04,0.9587,0.9569,0.047
6848,128,2.030165e-04,0.9473,0.9564,0.045
6849,128,2.028411e-04,0.9617,0.9567,0.043
6850,128,2.026657e-04,0.9485,0.9563,0.044
6851,128,2.024905e-04,0.9405,0.9555,0.047
6852,128,2.023155e-04,0.9655,0.9560,0.046
6853,128,2.021406e-04,0.9353,0.9550,0.046
6854,128,2.019658e-04,0.9475,0.9546,0.049
6855,128,2.017912e-04,0.9701,0.9554,0.048
6856,128,2.016167e-04,0.9419,0.9547,0.042
6857,128,2.014424e-04,0.9785,0.9559,0.044
6858,128,2.012682e-04,0.9471,0.9554,0.046
6859,128,2.010941e-04,0.9699,0.9562,0.043
6860,128,2.009202e-04,0.9584,0.9563,0.049
6861,128,2.007464e-04,0.9535,0.9561,0.044
6862,128,2.005728e-04,0.9668,0.9567,0.048
6863,128,2.003993e-04,0.9674,0.9572,0.044
6864,128,2.002259e-04,0.9590,0.9573,0.048
6865,128,2.000527e-04,0.9457,0.9567,0.045
6866,128,1.998796e-04,0.9615,0.9570,0.044
6867,128,1.997067e-04,0.9352,0.9559,0.042
6868,128,1.995339e-04,0.9480,0.9555,0.053
6869,128,1.993613e-04,0.9066,0.9530,0.044
6870,128,1.991888e-04,0.9668,0.9537,0.045
6871,128,1.990164e-04,0.9507,0.9536,0.044
6872,128,1.988442e-04,0.9732,0.9545,0.046
6873,128,1.986721e-04,0.9463,0.9541,0.041
6874,128,1.985001e-04,0.9600,0.9544,0.045
6875,128,1.983284e-04,0.9657,0.9550,0.053
6876,128,1.981567e-04,0.9712,0.9558,0.051
6877,128,1.979852e-04,0.9351,0.9548,0.039
6878,128,1.978138e-04,0.9329,0.9537,0.043
6879,128,1.976426e-04,0.9424,0.9531,0.045
6880,128,1.974715e-04,0.9759,0.9542,0.044
6881,128,1.973005e-04,0.9384,0.9535,0.045
6882,128,1.971297e-04,0.9846,0.9550,0.048
6883,128,1.969591e-04,0.9729,0.9559,0.047
6884,128,1.967886e-04,0.9716,0.9567,0.051
6885,128,1.966182e-04,0.9665,0.9572,0.045
6886,128,1.964479e-04,0.9602,0.9573,0.041
6887,128,1.962779e-04,0.9826,0.9586,0.045
6888,128,1.961079e-04,0.9554,0.9584,0.041
6889,128,1.959381e-04,0.9670,0.9589,0.044
6890,128,1.957684e-04,0.9298,0.9574,0.047
6891,128,1.955989e-04,0.9715,0.9581,0.046
6892,128,1.954295e-04,0.9482,0.9576,0.054
6893,128,1.952603e-04,0.9805,0.9588,0.046
6894,128,1.950912e-04,0.9518,0.9584,0.045
6895,128,1.949222e-04,0.9706,0.9590,0.041
6896,128,1.947534e-04,0.9447,0.9583,0.044
6897,128,1.945847e-04,0.9547,0.9581,0.046
6898,128,1.944162e-04,0.9429,0.9574,0.045
6899,128,1.942478e-04,0.9329,0.9561,0.050
6900,128,1.940796e-04,0.9357,0.9551,0.044
6901,128,1.939115e-04,0.9505,0.9549,0.044
6902,128,1.937435e-04,0.9808,0.9562,0.048
6903,128,1.935757e-04,0.9490,0.9558,0.052
6904,128,1.934080e-04,0.9170,0.9539,0.043
6905,128,1.932405e-04,0.9610,0.9542,0.048
6906,128,1.930731e-04,0.9327,0.9532,0.043
6907,128,1.929059e-04,0.9625,0.9536,0.044
6908,128,1.927388e-04,0.9846,0.9552,0.048
6909,128,1.925718e-04,0.9464,0.9547,0.046
6910,128,1.924050e-04,0.9593,0.9550,0.046
6911,128,1.922383e-04,0.9512,0.9548,0.046
6912,128,1.920718e-04,0.9316,0.9536,0.044
6913,128,1.919054e-04,0.9459,0.9532,0.044
6914,128,1.917391e-04,0.9335,0.9522,0.045
6915,128,1.915730e-04,0.9566,0.9525,0.046
6916,128,1.914071e-04,0.9147,0.9506,0.046
6917,128,1.912412e-04,0.9519,0.9506,0.049
6918,128,1.910756e-04,0.9775,0.9520,0.048
6919,128,1.909100e-04,0.9229,0.9505,0.044
6920,128,1.907446e-04,0.9710,0.9516,0.050
6921,128,1.905794e-04,0.9305,0.9505,0.042
6922,128,1.904143e-04,0.9340,0.9497,0.046
6923,128,1.902493e-04,0.9523,0.9498,0.049
6924,128,1.900845e-04,0.9527,0.9500,0.043
6925,128,1.899198e-04,0.9615,0.9505,0.042
6926,128,1.897553e-04,0.9341,0.9497,0.041
6927,128,1.895909e-04,0.9652,0.9505,0.043
6928,128,1.894267e-04,0.9895,0.9524,0.047
6929,128,1.892626e-04,0.9572,0.9527,0.042
6930,128,1.890986e-04,0.9549,0.9528,0.045
6931,128,1.889348e-04,0.9502,0.9527,0.043
6932,128,1.887711e-04,0.9359,0.9518,0.042
6933,128,1.886076e-04,0.9492,0.9517,0.040
6934,128,1.884442e-04,0.9780,0.9530,0.043
6935,128,1.882810e-04,0.9676,0.9537,0.048
6936,128,1.881179e-04,0.9540,0.9538,0.040
6937,128,1.879549e-04,0.9556,0.9538,0.039
6938,128,1.877921e-04,0.9679,0.9545,0.046
6939,128,1.876295e-04,0.9357,0.9536,0.040
6940,128,1.874669e-04,0.9321,0.9525,0.044
6941,128,1.873046e-04,0.9592,0.9529,0.043
6942,128,1.871423e-04,0.9469,0.9526,0.041
6943,128,1.869802e-04,0.9861,0.9542,0.050
6944,128,1.868183e-04,0.9451,0.9538,0.048
6945,128,1.866565e-04,0.9702,0.9546,0.047
6946,128,1.864948e-04,0.9389,0.9538,0.044
6947,128,1.863333e-04,0.9584,0.9541,0.044
6948,128,1.861719e-04,0.9540,0.9540,0.053
6949,128,1.860107e-04,0.9486,0.9538,0.043
6950,128,1.858496e-04,0.9646,0.9543,0.046
6951,128,1.856887e-04,0.9694,0.9551,0.046
6952,128,1.855279e-04,0.9927,0.9570,0.044
6953,128,1.853672e-04,0.9691,0.9576,0.050
6954,128,1.852067e-04,0.9609,0.9577,0.048
6955,128,1.850463e-04,0.9503,0.9574,0.047
6956,128,1.848861e-04,0.9499,0.9570,0.045
6957,128,1.847260e-04,0.9459,0.9564,0.040
6958,128,1.845661e-04,0.9395,0.9556,0.041
6959,128,1.844063e-04,0.9571,0.9557,0.049
6960,128,1.842467e-04,0.9576,0.9558,0.044
6961,128,1.840872e-04,0.9497,0.9555,0.041
6962,128,1.839278e-04,0.9408,0.9547,0.042
6963,128,1.837686e-04,0.9628,0.9551,0.045
6964,128,1.836095e-04,0.9488,0.9548,0.041
6965,128,1.834506e-04,0.9188,0.9530,0.039
6966,128,1.832918e-04,0.9634,0.9535,0.039
6967,128,1.831332e-04,0.9579,0.9537,0.042
6968,128,1.829747e-04,0.9581,0.9540,0.046
6969,128,1.828163e-04,0.9454,0.9535,0.043
6970,128,1.826581e-04,0.9715,0.9544,0.042
6971,128,1.825001e-04,0.9581,0.9546,0.047
6972,128,1.823421e-04,0.9606,0.9549,0.044
6973,128,1.821844e-04,0.9661,0.9555,0.050
6974,128,1.820267e-04,0.9406,0.9547,0.040
6975,128,1.818693e-04,0.9894,0.9565,0.046
6976,128,1.817119e-04,0.9492,0.9561,0.045
6977,128,1.815547e-04,0.9197,0.9543,0.046
6978,128,1.813977e-04,0.9505,0.9541,0.046
6979,128,1.812408e-04,0.9332,0.9531,0.046
6980,128,1.810840e-04,0.9871,0.9548,0.048
6981,128,1.809274e-04,0.9620,0.9551,0.045
6982,128,1.807709e-04,0.9837,0.9565,0.041
6983,128,1.806146e-04,0.9108,0.9543,0.043
6984,128,1.804584e-04,0.9727,0.9552,0.039
6985,128,1.803024e-04,0.9839,0.9566,0.047
6986,128,1.801465e-04,0.9481,0.9562,0.042
6987,128,1.799908e-04,0.9489,0.9558,0.039
6988,128,1.798352e-04,0.9550,0.9558,0.042
6989,128,1.796797e-04,0.9392,0.9550,0.040
6990,128,1.795244e-04,0.9556,0.9550,0.048
6991,128,1.793692e-04,0.9527,0.9549,0.050
6992,128,1.792142e-04,0.9558,0.9549,0.044
6993,128,1.790593e-04,0.9308,0.9537,0.044
6994,128,1.789046e-04,0.9431,0.9532,0.045
6995,128,1.787500e-04,0.9655,0.9538,0.047
6996,128,1.785956e-04,0.9667,0.9544,0.044
6997,128,1.784413e-04,0.9112,0.9523,0.039
6998,128,1.782871e-04,0.9686,0.9531,0.042
6999,128,1.781331e-04,0.9663,0.9538,0.046
7000,128,1.779792e-04,0.9673,0.9544,0.039
7001,128,1.778255e-04,0.9336,0.9534,0.045
7002,128,1.776720e-04,0.9324,0.9523,0.044
7003,128,1.775185e-04,0.9392,0.9517,0.041
7004,128,1.773652e-04,0.9675,0.9525,0.044
7005,128,1.772121e-04,0.9287,0.9513,0.039
7006,128,1.770591e-04,0.9749,0.9525,0.045
7007,128,1.769063e-04,0.9610,0.9529,0.040
7008,128,1.767536e-04,0.9659,0.9536,0.040
7009,128,1.766010e-04,0.9411,0.9529,0.042
7010,128,1.764486e-04,0.9512,0.9528,0.047
7011,128,1.762964e-04,0.9417,0.9523,0.040
7012,128,1.761442e-04,0.9665,0.9530,0.042
7013,128,1.759923e-04,0.9559,0.9531,0.042
7014,128,1.758404e-04,0.9719,0.9541,0.043
7015,128,1.756888e-04,0.9471,0.9537,0.041
7016,128,1.755372e-04,0.9562,0.9539,0.045
7017,128,1.753858e-04,0.9601,0.9542,0.046
7018,128,1.752346e-04,0.9707,0.9550,0.047
7019,128,1.750835e-04,0.9799,0.9562,0.056
7020,128,1.749325e-04,0.9552,0.9562,0.046
7021,128,1.747817e-04,0.9286,0.9548,0.039
7022,128,1.746311e-04,0.9658,0.9554,0.049
7023,128,1.744805e-04,0.9684,0.9560,0.047
7024,128,1.743302e-04,0.9644,0.9564,0.052
7025,128,1.741799e-04,0.9177,0.9545,0.042
7026,128,1.740299e-04,0.9632,0.9549,0.044
7027,128,1.738799e-04,0.9690,0.9556,0.043
7028,128,1.737301e-04,0.9766,0.9567,0.044
7029,128,1.735805e-04,0.9624,0.9570,0.046
7030,128,1.734310e-04,0.9593,0.9571,0.043
7031,128,1.732817e-04,0.9523,0.9568,0.041
7032,128,1.731325e-04,0.9557,0.9568,0.042
7033,128,1.729834e-04,0.9594,0.9569,0.047
7034,128,1.728345e-04,0.9498,0.9566,0.041
7035,128,1.726857e-04,0.9645,0.9570,0.045
7036,128,1.725371e-04,0.9459,0.9564,0.047
7037,128,1.723886e-04,0.9539,0.9563,0.041
7038,128,1.722403e-04,0.9264,0.9548,0.042
7039,128,1.720921e-04,0.9285,0.9535,0.047
7040,128,1.719441e-04,0.9471,0.9532,0.047
7041,128,1.717962e-04,0.9689,0.9539,0.042
7042,128,1.716484e-04,0.9590,0.9542,0.045
7043,128,1.715009e-04,0.9537,0.9542,0.042
7044,128,1.713534e-04,0.9813,0.9555,0.052
7045,128,1.712061e-04,0.9423,0.9549,0.044
7046,128,1.710589e-04,0.9732,0.9558,0.046
7047,128,1.709119e-04,0.9556,0.9558,0.042
7048,128,1.707651e-04,0.9398,0.9550,0.043
7049,128,1.706183e-04,0.9565,0.9551,0.039
7050,128,1.704718e-04,0.9693,0.9558,0.045
7051,128,1.703253e-04,0.9564,0.9558,0.047
7052,128,1.701791e-04,0.9429,0.9552,0.041
7053,128,1.700329e-04,0.9380,0.9543,0.043
7054,128,1.698869e-04,0.9681,0.9550,0.041
7055,128,1.697411e-04,0.9519,0.9548,0.043
7056,128,1.695954e-04,0.9356,0.9539,0.043
7057,128,1.694499e-04,0.9452,0.9534,0.044
7058,128,1.693045e-04,0.9276,0.9522,0.050
7059,128,1.691592e-04,0.9827,0.9537,0.050
7060,128,1.690141e-04,0.9647,0.9542,0.046
7061,128,1.688691e-04,0.9750,0.9553,0.050
7062,128,1.687243e-04,0.9822,0.9566,0.045
7063,128,1.685797e-04,0.9291,0.9552,0.044
7064,128,1.684351e-04,0.9818,0.9566,0.044
7065,128,1.682908e-04,0.9452,0.9560,0.046
7066,128,1.681465e-04,0.9762,0.9570,0.047
7067,128,1.680025e-04,0.9775,0.9580,0.048
7068,128,1.678585e-04,0.9614,0.9582,0.050
7069,128,1.677147e-04,0.9566,0.9581,0.043
7070,128,1.675711e-04,0.9536,0.9579,0.040
7071,128,1.674276e-04,0.9757,0.9588,0.049
7072,128,1.672843e-04,0.9593,0.9588,0.048
7073,128,1.671411e-04,0.9437,0.9581,0.041
7074,128,1.669980e-04,0.9345,0.9569,0.046
7075,128,1.668551e-04,0.9653,0.9573,0.048
7076,128,1.667123e-04,0.9524,0.9571,0.044
7077,128,1.665697e-04,0.9583,0.9571,0.049
7078,128,1.664273e-04,0.9501,0.9568,0.043
7079,128,1.662849e-04,0.9637,0.9571,0.051
7080,128,1.661428e-04,0.9322,0.9559,0.041
7081,128,1.660008e-04,0.9773,0.9569,0.048
7082,128,1.658589e-04,0.9656,0.9574,0.042
7083,128,1.657171e-04,0.9420,0.9566,0.044
7084,128,1.655756e-04,0.9591,0.9567,0.048
7085,128,1.654341e-04,0.9407,0.9559,0.044
7086,128,1.652928e-04,0.9381,0.9550,0.044
7087,128,1.651517e-04,0.9084,0.9527,0.042
7088,128,1.650107e-04,0.9545,0.9528,0.043
7089,128,1.648699e-04,0.9431,0.9523,0.045
7090,128,1.647292e-04,0.9325,0.9513,0.041
7091,128,1.645886e-04,0.9431,0.9509,0.046
7092,128,1.644482e-04,0.9496,0.9508,0.038
7093,128,1.643080e-04,0.9531,0.9510,0.043
7094,128,1.641679e-04,0.9537,0.9511,0.044
7095,128,1.640279e-04,0.9474,0.9509,0.041
7096,128,1.638881e-04,0.9496,0.9509,0.046
7097,128,1.637484e-04,0.9393,0.9503,0.047
7098,128,1.636089e-04,0.9489,0.9502,0.047
7099,128,1.634695e-04,0.9451,0.9499,0.044
7100,128,1.633303e-04,0.9628,0.9506,0.041
7101,128,1.631912e-04,0.9558,0.9509,0.041
7102,128,1.630523e-04,0.9484,0.9507,0.050
7103,128,1.629135e-04,0.9326,0.9498,0.041
7104,128,1.627749e-04,0.9585,0.9503,0.044
7105,128,1.626364e-04,0.9718,0.9513,0.046
7106,128,1.624981e-04,0.9427,0.9509,0.045
7107,128,1.623599e-04,0.9583,0.9513,0.049
7108,128,1.622218e-04,0.9570,0.9516,0.045
7109,128,1.620839e-04,0.9548,0.9517,0.042
7110,128,1.619462e-04,0.9655,0.9524,0.046
7111,128,1.618086e-04,0.9757,0.9536,0.049
7112,128,1.616711e-04,0.9690,0.9543,0.045
7113,128,1.615338e-04,0.9383,0.9535,0.048
7114,128,1.613967e-04,0.9563,0.9537,0.045
7115,128,1.612597e-04,0.9585,0.9539,0.038
7116,128,1.611228e-04,0.9776,0.9551,0.048
7117,128,1.609861e-04,0.9994,0.9573,0.047
7118,128,1.608496e-04,0.9457,0.9567,0.044
7119,128,1.607131e-04,0.9365,0.9557,0.043
7120,128,1.605769e-04,0.9550,0.9557,0.046
7121,128,1.604408e-04,0.9619,0.9560,0.045
7122,128,1.603048e-04,0.9546,0.9559,0.045
7123,128,1.601690e-04,0.9638,0.9563,0.038
7124,128,1.600333e-04,0.9435,0.9557,0.039
7125,128,1.598978e-04,0.9630,0.9561,0.044
7126,128,1.597624e-04,0.9200,0.9543,0.042
7127,128,1.596272e-04,0.9456,0.9538,0.045
7128,128,1.594921e-04,0.9737,0.9548,0.039
7129,128,1.593571e-04,0.9703,0.9556,0.053
7130,128,1.592224e-04,0.9581,0.9557,0.050
7131,128,1.590877e-04,0.9330,0.9546,0.041
7132,128,1.589532e-04,0.9619,0.9549,0.045
7133,128,1.588189e-04,0.9541,0.9549,0.040
7134,128,1.586847e-04,0.9336,0.9538,0.042
7135,128,1.585507e-04,0.9777,0.9550,0.048
7136,128,1.584168e-04,0.9582,0.9552,0.040
7137,128,1.582830e-04,0.9499,0.9549,0.047
7138,128,1.581494e-04,0.9346,0.9539,0.038
7139,128,1.580160e-04,0.9406,0.9532,0.046
7140,128,1.578827e-04,0.9449,0.9528,0.047
7141,128,1.577495e-04,0.9469,0.9525,0.045
7142,128,1.576165e-04,0.9638,0.9531,0.045
7143,128,1.574837e-04,0.9755,0.9542,0.046
7144,128,1.573509e-04,0.9484,0.9539,0.040
7145,128,1.572184e-04,0.9365,0.9530,0.040
7146,128,1.570860e-04,0.9492,0.9529,0.046
7147,128,1.569537e-04,0.9567,0.9531,0.044
7148,128,1.568216e-04,0.9520,0.9530,0.039
7149,128,1.566896e-04,0.9469,0.9527,0.045
7150,128,1.565578e-04,0.9181,0.9510,0.046
7151,128,1.564262e-04,0.9637,0.9516,0.040
7152,128,1.562946e-04,0.9361,0.9508,0.045
7153,128,1.561633e-04,0.9604,0.9513,0.043
7154,128,1.560320e-04,0.9435,0.9509,0.042
7155,128,1.559010e-04,0.9747,0.9521,0.045
7156,128,1.557701e-04,0.9656,0.9528,0.038
7157,128,1.556393e-04,0.9544,0.9529,0.046
7158,128,1.555087e-04,0.9529,0.9529,0.048
7159,128,1.553782e-04,0.9486,0.9526,0.045
7160,128,1.552479e-04,0.9644,0.9532,0.045
7161,128,1.551177e-04,0.9420,0.9527,0.040
7162,128,1.549876e-04,0.9595,0.9530,0.050
7163,128,1.548578e-04,0.9416,0.9524,0.041
7164,128,1.547280e-04,0.9515,0.9524,0.041
7165,128,1.545985e-04,0.9614,0.9528,0.046
7166,128,1.544690e-04,0.9650,0.9534,0.044
7167,128,1.543397e-04,0.9750,0.9545,0.041
7168,128,1.542106e-04,0.9462,0.9541,0.043
7169,128,1.540816e-04,0.9688,0.9548,0.045
7170,128,1.539528e-04,0.9488,0.9545,0.048
7171,128,1.538241e-04,0.9502,0.9543,0.046
7172,128,1.536956e-04,0.9668,0.9550,0.039
7173,128,1.535672e-04,0.9580,0.9551,0.055
7174,128,1.534389e-04,0.9959,0.9571,0.044
7175,128,1.533108e-04,0.9654,0.9576,0.052
7176,128,1.531829e-04,0.9315,0.9563,0.041
7177,128,1.530551e-04,0.9486,0.9559,0.046
7178,128,1.529275e-04,0.9369,0.9549,0.045
7179,128,1.528000e-04,0.9533,0.9548,0.045
7180,128,1.526726e-04,0.9537,0.9548,0.049
7181,128,1.525454e-04,0.9425,0.9542,0.043
7182,128,1.524184e-04,0.9864,0.9558,0.047
7183,128,1.522915e-04,0.9659,0.9563,0.043
7184,128,1.521647e-04,0.9562,0.9563,0.045
7185,128,1.520381e-04,0.9559,0.9563,0.045
7186,128,1.519117e-04,0.9412,0.9555,0.049
7187,128,1.517854e-04,0.9590,0.9557,0.044
7188,128,1.516593e-04,0.9450,0.9551,0.053
7189,128,1.515333e-04,0.9361,0.9542,0.041
7190,128,1.514074e-04,0.9656,0.9548,0.040
7191,128,1.512817e-04,0.9427,0.9542,0.045
7192,128,1.511562e-04,0.9523,0.9541,0.046
7193,128,1.510308e-04,0.9737,0.9551,0.048
7194,128,1.509055e-04,0.9350,0.9540,0.044
7195,128,1.507804e-04,0.9150,0.9521,0.047
7196,128,1.506554e-04,0.9542,0.9522,0.050
7197,128,1.505306e-04,0.9410,0.9516,0.041
7198,128,1.504060e-04,0.9702,0.9526,0.043
7199,128,1.502815e-04,0.9421,0.9520,0.037
7200,128,1.501571e-04,0.9317,0.9510,0.037
7201,128,1.500329e-04,0.9645,0.9517,0.042
7202,128,1.499089e-04,0.9750,0.9529,0.042
7203,128,1.497850e-04,0.9259,0.9515,0.040
7204,128,1.496612e-04,0.9354,0.9507,0.041
7205,128,1.495376e-04,0.9383,0.9501,0.039
7206,128,1.494142e-04,0.9525,0.9502,0.046
7207,128,1.492909e-04,0.9673,0.9511,0.040
7208,128,1.491677e-04,0.9705,0.9520,0.044
7209,128,1.490447e-04,0.9104,0.9500,0.039
7210,128,1.489219e-04,0.9555,0.9502,0.041
7211,128,1.487992e-04,0.9366,0.9496,0.042
7212,128,1.486766e-04,0.9516,0.9497,0.043
7213,128,1.485542e-04,0.9259,0.9485,0.044
7214,128,1.484319e-04,0.9563,0.9489,0.044
7215,128,1.483098e-04,0.9374,0.9483,0.043
7216,128,1.481879e-04,0.9402,0.9479,0.046
7217,128,1.480661e-04,0.9215,0.9466,0.046
7218,128,1.479444e-04,0.9574,0.9471,0.046
7219,128,1.478229e-04,0.9759,0.9485,0.053
7220,128,1.477016e-04,0.9583,0.9490,0.045
7221,128,1.475804e-04,0.9287,0.9480,0.038
7222,128,1.474593e-04,0.9827,0.9497,0.041
7223,128,1.473384e-04,0.9552,0.9500,0.045
7224,128,1.472177e-04,0.9391,0.9495,0.044
7225,128,1.470971e-04,0.9437,0.9492,0.047
7226,128,1.469766e-04,0.9541,0.9494,0.042
7227,128,1.468563e-04,0.9748,0.9507,0.043
7228,128,1.467362e-04,0.9633,0.9513,0.044
7229,128,1.466162e-04,0.9555,0.9515,0.041
7230,128,1.464963e-04,0.9103,0.9495,0.039
7231,128,1.463766e-04,1.0045,0.9522,0.046
7232,128,1.462571e-04,0.9620,0.9527,0.043
7233,128,1.461377e-04,0.9400,0.9521,0.043
7234,128,1.460184e-04,0.9820,0.9536,0.045
7235,128,1.458993e-04,0.9636,0.9541,0.046
7236,128,1.457804e-04,0.9400,0.9534,0.041
7237,128,1.456616e-04,0.9666,0.9540,0.042
7238,128,1.455429e-04,0.9526,0.9540,0.046
7239,128,1.454244e-04,0.9683,0.9547,0.044
7240,128,1.453061e-04,0.9260,0.9532,0.044
7241,128,1.451879e-04,0.9585,0.9535,0.045
7242,128,1.450698e-04,0.9782,0.9547,0.053
7243,128,1.449520e-04,0.9563,0.9548,0.043
7244,128,1.448342e-04,0.9621,0.9552,0.044
7245,128,1.447166e-04,0.9452,0.9547,0.041
7246,128,1.445992e-04,0.9697,0.9554,0.043
7247,128,1.444819e-04,0.9696,0.9561,0.043
7248,128,1.443647e-04,0.9480,0.9557,0.041
7249,128,1.442478e-04,0.9379,0.9548,0.042
7250,128,1.441309e-04,0.9228,0.9532,0.040
7251,128,1.440142e-04,0.9475,0.9530,0.038
7252,128,1.438977e-04,0.9838,0.9545,0.043
7253,128,1.437813e-04,0.9320,0.9534,0.040
7254,128,1.436651e-04,0.9474,0.9531,0.041
7255,128,1.435490e-04,0.9687,0.9539,0.045
7256,128,1.434331e-04,0.9648,0.9544,0.046
7257,128,1.433173e-04,0.9527,0.9543,0.050
7258,128,1.432016e-04,0.9258,0.9529,0.043
7259,128,1.430862e-04,0.9454,0.9525,0.047
7260,128,1.429708e-04,0.9446,0.9521,0.042
7261,128,1.428557e-04,0.9594,0.9525,0.043
7262,128,1.427406e-04,0.9550,0.9526,0.045
7263,128,1.426258e-04,0.9596,0.9530,0.048
7264,128,1.425110e-04,0.9584,0.9532,0.043
7265,128,1.423965e-04,0.9429,0.9527,0.046
7266,128,1.422820e-04,0.9681,0.9535,0.051
7267,128,1.421678e-04,0.9888,0.9553,0.039
7268,128,1.420536e-04,0.9754,0.9563,0.047
7269,128,1.419397e-04,0.9635,0.9566,0.042
7270,128,1.418259e-04,0.9391,0.9557,0.044
7271,128,1.417122e-04,0.9480,0.9554,0.039
7272,128,1.415987e-04,0.9642,0.9558,0.040
7273,128,1.414853e-04,0.9524,0.9556,0.045
7274,128,1.413721e-04,0.9436,0.9550,0.049
7275,128,1.412590e-04,0.9652,0.9555,0.041
7276,128,1.411461e-04,0.9365,0.9546,0.041
7277,128,1.410334e-04,0.9476,0.9542,0.042
7278,128,1.409207e-04,0.9477,0.9539,0.044
7279,128,1.408083e-04,0.9429,0.9534,0.042
7280,128,1.406960e-04,0.9547,0.9534,0.045
7281,128,1.405838e-04,0.9120,0.9514,0.042
7282,128,1.404718e-04,0.9641,0.9520,0.042
7283,128,1.403600e-04,0.9738,0.9531,0.048
7284,128,1.402483e-04,0.9336,0.9521,0.040
7285,128,1.401367e-04,0.9526,0.9521,0.049
7286,128,1.400253e-04,0.9448,0.9518,0.044
7287,128,1.399141e-04,0.9658,0.9525,0.043
7288,128,1.398030e-04,0.9799,0.9538,0.048
7289,128,1.396920e-04,0.9791,0.9551,0.042
7290,128,1.395813e-04,0.9381,0.9542,0.040
7291,128,1.394706e-04,0.9650,0.9548,0.041
7292,128,1.393601e-04,0.9537,0.9547,0.045
7293,128,1.392498e-04,0.9439,0.9542,0.043
7294,128,1.391396e-04,0.9149,0.9522,0.042
7295,128,1.390296e-04,0.9599,0.9526,0.045
7296,128,1.389197e-04,0.9663,0.9533,0.043
7297,128,1.388100e-04,0.9680,0.9540,0.046
7298,128,1.387004e-04,0.9785,0.9553,0.047
7299,128,1.385910e-04,0.9757,0.9563,0.051
7300,128,1.384817e-04,0.9477,0.9558,0.042
7301,128,1.383726e-04,0.9558,0.9558,0.040
7302,128,1.382636e-04,0.9427,0.9552,0.042
7303,128,1.381548e-04,0.9662,0.9557,0.047
7304,128,1.380461e-04,0.9487,0.9554,0.041
7305,128,1.379376e-04,0.9661,0.9559,0.043
7306,128,1.378292e-04,0.9404,0.9551,0.042
7307,128,1.377210e-04,0.9473,0.9548,0.042
7308,128,1.376129e-04,0.9578,0.9549,0.042
7309,128,1.375050e-04,0.9522,0.9548,0.048
7310,128,1.373973e-04,0.9566,0.9549,0.041
7311,128,1.372897e-04,0.9425,0.9542,0.041
7312,128,1.371822e-04,0.9673,0.9549,0.044
7313,128,1.370749e-04,0.9377,0.9540,0.044
7314,128,1.369678e-04,0.9398,0.9533,0.043
7315,128,1.368608e-04,0.9353,0.9524,0.041
7316,128,1.367539e-04,0.9621,0.9529,0.044
7317,128,1.366472e-04,0.9497,0.9527,0.046
7318,128,1.365407e-04,0.9641,0.9533,0.042
7319,128,1.364343e-04,0.9733,0.9543,0.047
7320,128,1.363281e-04,0.9583,0.9545,0.044
7321,128,1.362220e-04,0.9535,0.9545,0.047
7322,128,1.361160e-04,0.9467,0.9541,0.043
7323,128,1.360103e-04,0.9453,0.9536,0.045
7324,128,1.359046e-04,0.9791,0.9549,0.052
7325,128,1.357992e-04,0.9539,0.9549,0.046
7326,128,1.356938e-04,0.9091,0.9526,0.053
7327,128,1.355887e-04,0.9375,0.9518,0.039
7328,128,1.354836e-04,0.9950,0.9540,0.049
7329,128,1.353788e-04,0.9693,0.9547,0.050
7330,128,1.352741e-04,0.9760,0.9558,0.045
7331,128,1.351695e-04,0.9585,0.9559,0.043
7332,128,1.350651e-04,0.9626,0.9563,0.043
7333,128,1.349608e-04,0.9610,0.9565,0.046
7334,128,1.348567e-04,0.9361,0.9555,0.039
7335,128,1.347528e-04,0.9960,0.9575,0.046
7336,128,1.346490e-04,0.9538,0.9573,0.043
7337,128,1.345453e-04,0.9475,0.9568,0.042
7338,128,1.344418e-04,0.9613,0.9571,0.051
7339,128,1.343385e-04,0.9660,0.9575,0.043
7340,128,1.342353e-04,0.9534,0.9573,0.055
7341,128,1.341322e-04,0.9483,0.9568,0.045
7342,128,1.340294e-04,0.9603,0.9570,0.046
7343,128,1.339266e-04,0.9499,0.9567,0.044
7344,128,1.338240e-04,0.9169,0.9547,0.038
7345,128,1.337216e-04,0.9336,0.9536,0.043
7346,128,1.336193e-04,0.9556,0.9537,0.046
7347,128,1.335172e-04,0.9234,0.9522,0.046
7348,128,1.334152e-04,0.9543,0.9523,0.043
7349,128,1.333134e-04,0.9682,0.9531,0.047
7350,128,1.332118e-04,0.9485,0.9529,0.047
7351,128,1.331102e-04,0.9664,0.9536,0.052
7352,128,1.330089e-04,0.9740,0.9546,0.043
7353,128,1.329077e-04,0.9368,0.9537,0.049
7354,128,1.328066e-04,0.9596,0.9540,0.045
7355,128,1.327057e-04,0.9499,0.9538,0.050
7356,128,1.326050e-04,0.9558,0.9539,0.042
7357,128,1.325044e-04,0.9838,0.9554,0.041
7358,128,1.324039e-04,0.9613,0.9557,0.038
7359,128,1.323036e-04,0.9388,0.9548,0.040
7360,128,1.322035e-04,0.9300,0.9536,0.051
7361,128,1.321035e-04,0.9144,0.9516,0.039
7362,128,1.320037e-04,0.9527,0.9517,0.041
7363,128,1.319040e-04,0.9480,0.9515,0.039
7364,128,1.318044e-04,0.9597,0.9519,0.040
7365,128,1.317051e-04,0.9503,0.9518,0.042
7366,128,1.316059e-04,0.9513,0.9518,0.041
7367,128,1.315068e-04,0.9342,0.9509,0.044
7368,128,1.314079e-04,0.9786,0.9523,0.044
7369,128,1.313091e-04,0.9470,0.9520,0.040
7370,128,1.312105e-04,0.9919,0.9540,0.040
7371,128,1.311120e-04,0.9350,0.9531,0.041
7372,128,1.310137e-04,0.9788,0.9544,0.041
7373,128,1.309156e-04,0.9496,0.9541,0.040
7374,128,1.308176e-04,0.9698,0.9549,0.040
7375,128,1.307197e-04,0.9505,0.9547,0.041
7376,128,1.306220e-04,0.9584,0.9549,0.044
7377,128,1.305245e-04,0.9483,0.9545,0.047
7378,128,1.304271e-04,0.9577,0.9547,0.039
7379,128,1.303299e-04,0.9611,0.9550,0.042
7380,128,1.302328e-04,0.9617,0.9554,0.042
7381,128,1.301359e-04,0.9653,0.9559,0.049
7382,128,1.300391e-04,0.9321,0.9547,0.047
7383,128,1.299425e-04,0.9575,0.9548,0.045
7384,128,1.298460e-04,0.9557,0.9549,0.044
7385,128,1.297497e-04,0.9604,0.9551,0.042
7386,128,1.296535e-04,0.9759,0.9562,0.051
7387,128,1.295575e-04,0.9288,0.9548,0.044
7388,128,1.294617e-04,0.9337,0.9537,0.041
7389,128,1.293660e-04,0.9424,0.9532,0.045
7390,128,1.292704e-04,0.9576,0.9534,0.046
7391,128,1.291750e-04,0.9302,0.9522,0.040
7392,128,1.290798e-04,0.9742,0.9533,0.042
7393,128,1.289847e-04,0.9467,0.9530,0.042
7394,128,1.288897e-04,0.9730,0.9540,0.043
7395,128,1.287950e-04,0.9215,0.9524,0.043
7396,128,1.287003e-04,0.9650,0.9530,0.041
7397,128,1.286059e-04,0.9524,0.9530,0.045
7398,128,1.285115e-04,0.9160,0.9511,0.046
7399,128,1.284174e-04,0.9516,0.9512,0.045
7400,128,1.283233e-04,0.9530,0.9512,0.041
7401,128,1.282295e-04,0.9867,0.9530,0.047
7402,128,1.281358e-04,0.9377,0.9523,0.044
7403,128,1.280422e-04,0.9435,0.9518,0.044
7404,128,1.279488e-04,0.9565,0.9520,0.044
7405,128,1.278556e-04,0.9468,0.9518,0.046
7406,128,1.277625e-04,0.9643,0.9524,0.046
7407,128,1.276695e-04,0.9901,0.9543,0.043
7408,128,1.275767e-04,0.9753,0.9553,0.053
7409,128,1.274841e-04,0.9640,0.9558,0.043
7410,128,1.273916e-04,0.9472,0.9553,0.051
7411,128,1.272993e-04,0.9613,0.9556,0.043
7412,128,1.272071e-04,0.9245,0.9541,0.043
7413,128,1.271151e-04,0.9569,0.9542,0.050
7414,128,1.270232e-04,0.9519,0.9541,0.042
7415,128,1.269315e-04,0.9569,0.9543,0.041
7416,128,1.268400e-04,0.9595,0.9545,0.042
7417,128,1.267486e-04,0.9972,0.9567,0.049
7418,128,1.266573e-04,0.9636,0.9570,0.044
7419,128,1.265662e-04,0.9688,0.9576,0.039
7420,128,1.264753e-04,0.9450,0.9570,0.042
7421,128,1.263845e-04,0.9347,0.9558,0.039
7422,128,1.262938e-04,0.9789,0.9570,0.045
7423,128,1.262034e-04,0.9454,0.9564,0.039
7424,128,1.261130e-04,0.9513,0.9562,0.041
7425,128,1.260228e-04,0.9347,0.9551,0.044
7426,128,1.259328e-04,0.9469,0.9547,0.040
7427,128,1.258430e-04,0.9453,0.9542,0.041
7428,128,1.257532e-04,0.9491,0.9540,0.049
7429,128,1.256637e-04,0.9435,0.9534,0.053
7430,128,1.255743e-04,0.9403,0.9528,0.047
7431,128,1.254850e-04,0.9687,0.9536,0.049
7432,128,1.253959e-04,0.9548,0.9536,0.042
7433,128,1.253070e-04,0.9564,0.9538,0.043
7434,128,1.252182e-04,0.9784,0.9550,0.048
7435,128,1.251296e-04,0.9542,0.9550,0.043
7436,128,1.250411e-04,0.9555,0.9550,0.050
7437,128,1.249527e-04,0.9805,0.9563,0.046
7438,128,1.248646e-04,0.9585,0.9564,0.041
7439,128,1.247765e-04,0.9640,0.9568,0.041
7440,128,1.246887e-04,0.9798,0.9579,0.041
7441,128,1.246010e-04,0.9561,0.9578,0.041
7442,128,1.245134e-04,0.9497,0.9574,0.043
7443,128,1.244260e-04,0.9504,0.9571,0.044
7444,128,1.243388e-04,0.9523,0.9568,0.045
7445,128,1.242517e-04,0.9486,0.9564,0.046
7446,128,1.241647e-04,0.9597,0.9566,0.039
7447,128,1.240779e-04,0.9483,0.9562,0.044
7448,128,1.239913e-04,0.9388,0.9553,0.043
7449,128,1.239048e-04,0.9792,0.9565,0.044
7450,128,1.238185e-04,0.9425,0.9558,0.046
7451,128,1.237323e-04,0.9694,0.9565,0.050
7452,128,1.236463e-04,0.9542,0.9564,0.042
7453,128,1.235604e-04,0.9524,0.9562,0.052
7454,128,1.234747e-04,0.9352,0.9551,0.053
7455,128,1.233892e-04,0.9343,0.9541,0.047
7456,128,1.233038e-04,0.9364,0.9532,0.046
7457,128,1.232185e-04,0.9397,0.9525,0.043
7458,128,1.231334e-04,0.9428,0.9520,0.045
7459,128,1.230485e-04,0.9423,0.9515,0.043
7460,128,1.229637e-04,0.9523,0.9516,0.040
7461,128,1.228791e-04,0.9638,0.9522,0.045
7462,128,1.227946e-04,0.9849,0.9538,0.044
7463,128,1.227103e-04,0.9575,0.9540,0.045
7464,128,1.226261e-04,0.9579,0.9542,0.042
7465,128,1.225421e-04,0.9716,0.9551,0.043
7466,128,1.224582e-04,0.9666,0.9557,0.041
7467,128,1.223745e-04,0.9345,0.9546,0.037
7468,128,1.222910e-04,0.9429,0.9540,0.041
7469,128,1.222076e-04,0.9623,0.9544,0.050
7470,128,1.221244e-04,0.9646,0.9549,0.044
7471,128,1.220413e-04,0.9662,0.9555,0.049
7472,128,1.219583e-04,0.9502,0.9552,0.038
7473,128,1.218756e-04,0.9408,0.9545,0.054
7474,128,1.217929e-04,0.9541,0.9545,0.045
7475,128,1.217105e-04,0.9679,0.9552,0.047
7476,128,1.216282e-04,0.9395,0.9544,0.046
7477,128,1.215460e-04,0.9452,0.9539,0.044
7478,128,1.214640e-04,0.9518,0.9538,0.044
7479,128,1.213822e-04,0.9827,0.9553,0.039
7480,128,1.213005e-04,0.9353,0.9543,0.046
7481,128,1.212189e-04,0.9896,0.9560,0.045
7482,128,1.211375e-04,0.9470,0.9556,0.041
7483,128,1.210563e-04,0.9401,0.9548,0.044
7484,128,1.209752e-04,0.9374,0.9539,0.041
7485,128,1.208943e-04,0.9441,0.9534,0.039
7486,128,1.208135e-04,0.9645,0.9540,0.047
7487,128,1.207329e-04,0.9481,0.9537,0.039
7488,128,1.206525e-04,0.9784,0.9549,0.045
7489,128,1.205722e-04,0.9630,0.9553,0.045
7490,128,1.204920e-04,0.9843,0.9568,0.045
7491,128,1.204120e-04,0.9459,0.9562,0.043
7492,128,1.203322e-04,0.9487,0.9559,0.041
7493,128,1.202525e-04,0.9512,0.9556,0.042
7494,128,1.201730e-04,0.9391,0.9548,0.042
7495,128,1.200936e-04,0.9577,0.9550,0.042
7496,128,1.200144e-04,0.9443,0.9544,0.042
7497,128,1.199353e-04,0.9295,0.9532,0.046
7498,128,1.198564e-04,0.9433,0.9527,0.039
7499,128,1.197776e-04,0.9643,0.9533,0.041
7500,128,1.196990e-04,0.9149,0.9513,0.046
7501,128,1.196206e-04,0.9518,0.9514,0.040
7502,128,1.195423e-04,0.9644,0.9520,0.047
7503,128,1.194642e-04,0.9446,0.9517,0.046
7504,128,1.193862e-04,0.9500,0.9516,0.048
7505,128,1.193084e-04,0.9387,0.9509,0.043
7506,128,1.192307e-04,0.9599,0.9514,0.044
7507,128,1.191532e-04,0.9296,0.9503,0.040
7508,128,1.190758e-04,0.9764,0.9516,0.052
7509,128,1.189986e-04,0.9154,0.9498,0.040
7510,128,1.189216e-04,0.9197,0.9483,0.047
7511,128,1.188447e-04,0.9505,0.9484,0.045
7512,128,1.187679e-04,0.9767,0.9498,0.049
7513,128,1.186913e-04,0.9560,0.9501,0.043
7514,128,1.186149e-04,0.9417,0.9497,0.041
7515,128,1.185386e-04,0.9672,0.9506,0.040
7516,128,1.184625e-04,0.9502,0.9506,0.044
7517,128,1.183866e-04,0.9391,0.9500,0.043
7518,128,1.183107e-04,0.9562,0.9503,0.043
7519,128,1.182351e-04,0.9619,0.9509,0.046
7520,128,1.181596e-04,0.9758,0.9521,0.046
7521,128,1.180842e-04,0.9647,0.9527,0.043
7522,128,1.180090e-04,0.9322,0.9517,0.042
7523,128,1.179340e-04,0.9531,0.9518,0.043
7524,128,1.178591e-04,0.9487,0.9516,0.043
7525,128,1.177844e-04,0.9402,0.9511,0.051
7526,128,1.177098e-04,0.9499,0.9510,0.045
7527,128,1.176354e-04,0.9493,0.9509,0.043
7528,128,1.175612e-04,0.9568,0.9512,0.042
7529,128,1.174871e-04,0.9744,0.9524,0.045
7530,128,1.174131e-04,0.9646,0.9530,0.044
7531,128,1.173393e-04,0.9544,0.9530,0.041
7532,128,1.172657e-04,0.9989,0.9553,0.043
7533,128,1.171922e-04,0.9387,0.9545,0.037
7534,128,1.171189e-04,0.9481,0.9542,0.047
7535,128,1.170457e-04,0.9250,0.9527,0.043
7536,128,1.169727e-04,0.9540,0.9528,0.047
7537,128,1.168998e-04,0.9618,0.9532,0.047
7538,128,1.168271e-04,0.9255,0.9519,0.038
7539,128,1.167546e-04,0.9639,0.9525,0.042
7540,128,1.166822e-04,0.9201,0.9508,0.045
7541,128,1.166099e-04,0.9629,0.9514,0.049
7542,128,1.165378e-04,0.9463,0.9512,0.044
7543,128,1.164659e-04,0.9658,0.9519,0.044
7544,128,1.163941e-04,0.9534,0.9520,0.042
7545,128,1.163225e-04,0.9685,0.9528,0.044
7546,128,1.162511e-04,0.9483,0.9526,0.046
7547,128,1.161797e-04,0.9894,0.9544,0.043
7548,128,1.161086e-04,0.9789,0.9557,0.042
7549,128,1.160376e-04,0.9852,0.9571,0.040
7550,128,1.159668e-04,0.9639,0.9575,0.047
7551,128,1.158961e-04,0.9562,0.9574,0.040
7552,128,1.158255e-04,0.9633,0.9577,0.044
7553,128,1.157552e-04,0.9461,0.9571,0.042
7554,128,1.156849e-04,0.9590,0.9572,0.040
7555,128,1.156149e-04,0.9342,0.9561,0.041
7556,128,1.155450e-04,0.9803,0.9573,0.048
7557,128,1.154752e-04,0.9488,0.9569,0.042
7558,128,1.154056e-04,0.9654,0.9573,0.046
7559,128,1.153362e-04,0.9152,0.9552,0.043
7560,128,1.152669e-04,0.9414,0.9545,0.042
7561,128,1.151978e-04,0.9576,0.9546,0.044
7562,128,1.151288e-04,0.9381,0.9538,0.046
7563,128,1.150600e-04,0.9516,0.9537,0.045
7564,128,1.149913e-04,0.9667,0.9544,0.057
7565,128,1.149228e-04,0.9621,0.9547,0.045
7566,128,1.148544e-04,0.9402,0.9540,0.049
7567,128,1.147862e-04,0.9570,0.9542,0.048
7568,128,1.147182e-04,0.9420,0.9536,0.047
7569,128,1.146503e-04,0.9503,0.9534,0.043
7570,128,1.145826e-04,0.9715,0.9543,0.046
7571,128,1.145150e-04,0.9723,0.9552,0.045
7572,128,1.144476e-04,0.9695,0.9559,0.047
7573,128,1.143803e-04,0.9494,0.9556,0.039
7574,128,1.143132e-04,0.9277,0.9542,0.042
7575,128,1.142463e-04,0.9382,0.9534,0.048
7576,128,1.141795e-04,0.9564,0.9535,0.044
7577,128,1.141128e-04,0.9568,0.9537,0.050
7578,128,1.140464e-04,0.9399,0.9530,0.044
7579,128,1.139800e-04,0.9391,0.9523,0.048
7580,128,1.139139e-04,0.9487,0.9521,0.043
7581,128,1.138478e-04,0.9485,0.9520,0.041
7582,128,1.137820e-04,0.9530,0.9520,0.046
7583,128,1.137163e-04,0.9841,0.9536,0.041
7584,128,1.136507e-04,0.9700,0.9544,0.047
7585,128,1.135853e-04,0.9598,0.9547,0.040
7586,128,1.135201e-04,0.9616,0.9551,0.042
7587,128,1.134550e-04,0.9634,0.9555,0.043
7588,128,1.133901e-04,0.9733,0.9564,0.044
7589,128,1.133253e-04,0.9519,0.9561,0.046
7590,128,1.132607e-04,0.9430,0.9555,0.049
7591,128,1.131962e-04,0.9361,0.9545,0.041
7592,128,1.131319e-04,0.9452,0.9540,0.043
7593,128,1.130678e-04,0.9878,0.9557,0.054
7594,128,1.130038e-04,0.9603,0.9560,0.039
7595,128,1.129400e-04,0.9711,0.9567,0.044
7596,128,1.128763e-04,0.9174,0.9548,0.047
7597,128,1.128128e-04,0.9443,0.9542,0.048
7598,128,1.127494e-04,0.9875,0.9559,0.053
7599,128,1.126862e-04,0.9510,0.9556,0.043
7600,128,1.126232e-04,0.9558,0.9557,0.044
7601,128,1.125603e-04,0.9502,0.9554,0.041
7602,128,1.124975e-04,0.9417,0.9547,0.041
7603,128,1.124349e-04,0.9438,0.9542,0.047
7604,128,1.123725e-04,0.9642,0.9547,0.044
7605,128,1.123102e-04,0.9278,0.9533,0.039
7606,128,1.122481e-04,0.9297,0.9521,0.045
7607,128,1.121861e-04,0.9500,0.9520,0.040
7608,128,1.121243e-04,0.9449,0.9517,0.046
7609,128,1.120627e-04,0.9615,0.9522,0.044
7610,128,1.120012e-04,0.9570,0.9524,0.042
7611,128,1.119399e-04,0.9567,0.9526,0.046
7612,128,1.118787e-04,0.9661,0.9533,0.039
7613,128,1.118177e-04,0.9354,0.9524,0.053
7614,128,1.117568e-04,0.9540,0.9525,0.046
7615,128,1.116961e-04,0.9501,0.9524,0.047
7616,128,1.116355e-04,0.9544,0.9525,0.044
7617,128,1.115751e-04,0.9649,0.9531,0.048
7618,128,1.115149e-04,0.9419,0.9525,0.042
7619,128,1.114548e-04,0.9819,0.9540,0.043
7620,128,1.113949e-04,0.9480,0.9537,0.044
7621,128,1.113351e-04,0.9462,0.9533,0.042
7622,128,1.112755e-04,1.0121,0.9563,0.045
7623,128,1.112160e-04,0.9530,0.9561,0.043
7624,128,1.111567e-04,0.9443,0.9555,0.042
7625,128,1.110975e-04,0.9453,0.9550,0.042
7626,128,1.110386e-04,0.9341,0.9540,0.044
7627,128,1.109797e-04,0.9260,0.9526,0.040
7628,128,1.109210e-04,0.9605,0.9530,0.043
7629,128,1.108625e-04,0.9519,0.9529,0.045
7630,128,1.108041e-04,0.9544,0.9530,0.058
7631,128,1.107459e-04,0.9472,0.9527,0.044
7632,128,1.106879e-04,0.9832,0.9542,0.045
7633,128,1.106300e-04,0.9518,0.9541,0.043
7634,128,1.105722e-04,0.9558,0.9542,0.048
7635,128,1.105147e-04,0.9744,0.9552,0.045
7636,128,1.104572e-04,0.9649,0.9557,0.045
7637,128,1.103999e-04,0.9693,0.9564,0.045
7638,128,1.103428e-04,0.9674,0.9569,0.050
7639,128,1.102859e-04,0.9555,0.9568,0.048
7640,128,1.102291e-04,0.9563,0.9568,0.045
7641,128,1.101724e-04,0.9560,0.9568,0.047
7642,128,1.101159e-04,0.9734,0.9576,0.044
7643,128,1.100596e-04,0.9512,0.9573,0.042
7644,128,1.100034e-04,0.9639,0.9576,0.053
7645,128,1.099474e-04,0.9316,0.9563,0.038
7646,128,1.098915e-04,0.9516,0.9561,0.043
7647,128,1.098358e-04,0.9656,0.9566,0.044
7648,128,1.097803e-04,0.9474,0.9561,0.048
7649,128,1.097249e-04,0.9631,0.9564,0.048
7650,128,1.096696e-04,0.9396,0.9556,0.045
7651,128,1.096145e-04,0.9726,0.9565,0.043
7652,128,1.095596e-04,0.9570,0.9565,0.044
7653,128,1.095049e-04,0.9964,0.9585,0.044
7654,128,1.094502e-04,0.9776,0.9594,0.042
7655,128,1.093958e-04,0.9476,0.9588,0.043
7656,128,1.093415e-04,0.9853,0.9602,0.047
7657,128,1.092873e-04,0.9259,0.9585,0.039
7658,128,1.092334e-04,0.9655,0.9588,0.045
7659,128,1.091795e-04,0.9382,0.9578,0.046
7660,128,1.091258e-04,0.9406,0.9569,0.048
7661,128,1.090723e-04,0.9184,0.9550,0.040
7662,128,1.090190e-04,0.9355,0.9540,0.043
7663,128,1.089658e-04,0.9255,0.9526,0.042
7664,128,1.089127e-04,0.9831,0.9541,0.046
7665,128,1.088598e-04,0.9437,0.9536,0.042
7666,128,1.088071e-04,0.9766,0.9547,0.045
7667,128,1.087545e-04,0.9148,0.9527,0.038
7668,128,1.087021e-04,0.9494,0.9526,0.047
7669,128,1.086498e-04,0.9360,0.9518,0.040
7670,128,1.085977e-04,0.9675,0.9525,0.043
7671,128,1.085458e-04,0.9482,0.9523,0.045
7672,128,1.084940e-04,0.9170,0.9506,0.044
7673,128,1.084423e-04,0.9345,0.9498,0.045
7674,128,1.083909e-04,0.9758,0.9511,0.043
7675,128,1.083395e-04,0.9512,0.9511,0.045
7676,128,1.082884e-04,0.9612,0.9516,0.042
7677,128,1.082374e-04,0.9342,0.9507,0.042
7678,128,1.081865e-04,0.9466,0.9505,0.040
7679,128,1.081358e-04,0.9564,0.9508,0.049
7680,128,1.080853e-04,0.9523,0.9509,0.044
7681,128,1.080349e-04,0.9323,0.9499,0.044
7682,128,1.079847e-04,0.9260,0.9487,0.043
7683,128,1.079346e-04,0.9776,0.9502,0.043
7684,128,1.078847e-04,0.9651,0.9509,0.048
7685,128,1.078349e-04,0.9644,0.9516,0.043
7686,128,1.077853e-04,0.9658,0.9523,0.047
7687,128,1.077359e-04,0.9665,0.9530,0.043
7688,128,1.076866e-04,0.9506,0.9529,0.044
7689,128,1.076375e-04,0.9585,0.9532,0.045
7690,128,1.075885e-04,0.9532,0.9532,0.041
7691,128,1.075397e-04,0.9782,0.9544,0.044
7692,128,1.074910e-04,0.9609,0.9548,0.046
7693,128,1.074425e-04,0.9568,0.9549,0.049
7694,128,1.073942e-04,0.9568,0.9550,0.040
7695,128,1.073460e-04,0.9695,0.9557,0.047
7696,128,1.072980e-04,0.9606,0.9559,0.041
7697,128,1.072501e-04,0.9544,0.9559,0.045
7698,128,1.072024e-04,0.9070,0.9534,0.040
7699,128,1.071548e-04,0.9112,0.9513,0.047
7700,128,1.071074e-04,0.9582,0.9517,0.042
7701,128,1.070602e-04,0.9700,0.9526,0.047
7702,128,1.070131e-04,0.9354,0.9517,0.041
7703,128,1.069662e-04,0.9650,0.9524,0.047
7704,128,1.069194e-04,0.9299,0.9513,0.039
7705,128,1.068728e-04,0.9556,0.9515,0.044
7706,128,1.068263e-04,0.9751,0.9527,0.047
7707,128,1.067800e-04,0.9761,0.9538,0.042
7708,128,1.067339e-04,0.9659,0.9544,0.055
7709,128,1.066879e-04,0.9677,0.9551,0.049
7710,128,1.066420e-04,1.0050,0.9576,0.049
7711,128,1.065964e-04,0.9487,0.9571,0.042
7712,128,1.065508e-04,0.9628,0.9574,0.048
7713,128,1.065055e-04,0.9623,0.9577,0.044
7714,128,1.064603e-04,0.9574,0.9577,0.042
7715,128,1.064152e-04,0.9699,0.9583,0.039
7716,128,1.063703e-04,0.9576,0.9582,0.047
7717,128,1.063256e-04,0.9310,0.9569,0.044
7718,128,1.062810e-04,0.9647,0.9573,0.045
7719,128,1.062366e-04,0.9805,0.9584,0.041
7720,128,1.061924e-04,0.9358,0.9573,0.041
7721,128,1.061482e-04,0.9382,0.9563,0.042
7722,128,1.061043e-04,0.9712,0.9571,0.051
7723,128,1.060605e-04,0.9520,0.9568,0.046
7724,128,1.060169e-04,0.9513,0.9566,0.045
7725,128,1.059734e-04,0.9399,0.9557,0.045
7726,128,1.059301e-04,0.9693,0.9564,0.040
7727,128,1.058869e-04,0.9554,0.9564,0.044
7728,128,1.058439e-04,0.9667,0.9569,0.047
7729,128,1.058011e-04,0.9312,0.9556,0.045
7730,128,1.057584e-04,0.9432,0.9550,0.043
7731,128,1.057158e-04,0.9264,0.9535,0.042
7732,128,1.056735e-04,0.9417,0.9529,0.044
7733,128,1.056313e-04,0.9470,0.9526,0.040
7734,128,1.055892e-04,0.9661,0.9533,0.041
7735,128,1.055473e-04,0.9633,0.9538,0.043
7736,128,1.055055e-04,0.9639,0.9543,0.043
7737,128,1.054639e-04,0.9562,0.9544,0.043
7738,128,1.054225e-04,0.9458,0.9540,0.041
7739,128,1.053812e-04,0.9610,0.9543,0.046
7740,128,1.053401e-04,0.9548,0.9544,0.041
7741,128,1.052992e-04,0.9743,0.9554,0.049
7742,128,1.052584e-04,0.9655,0.9559,0.044
7743,128,1.052177e-04,0.9449,0.9553,0.043
7744,128,1.051772e-04,0.9669,0.9559,0.049
7745,128,1.051369e-04,0.9509,0.9556,0.040
7746,128,1.050967e-04,0.9750,0.9566,0.045
7747,128,1.050567e-04,0.9709,0.9573,0.049
7748,128,1.050168e-04,0.9748,0.9582,0.048
7749,128,1.049771e-04,0.9729,0.9589,0.048
7750,128,1.049376e-04,0.9658,0.9593,0.049
7751,128,1.048982e-04,0.9414,0.9584,0.042
7752,128,1.048590e-04,0.9530,0.9581,0.041
7753,128,1.048199e-04,0.9486,0.9576,0.043
7754,128,1.047810e-04,0.9351,0.9565,0.040
7755,128,1.047422e-04,0.9305,0.9552,0.045
7756,128,1.047036e-04,0.9398,0.9544,0.041
7757,128,1.046652e-04,0.9462,0.9540,0.045
7758,128,1.046269e-04,0.9529,0.9540,0.043
7759,128,1.045888e-04,0.9551,0.9540,0.043
7760,128,1.045508e-04,0.9521,0.9539,0.041
7761,128,1.045130e-04,0.9364,0.9531,0.043
7762,128,1.044753e-04,0.9627,0.9535,0.042
7763,128,1.044378e-04,0.9721,0.9545,0.042
7764,128,1.044005e-04,0.9537,0.9544,0.044
7765,128,1.043633e-04,0.9743,0.9554,0.045
7766,128,1.043263e-04,0.9692,0.9561,0.046
7767,128,1.042894e-04,0.9697,0.9568,0.048
7768,128,1.042527e-04,0.9504,0.9565,0.046
7769,128,1.042161e-04,0.9389,0.9556,0.043
7770,128,1.041797e-04,0.9330,0.9545,0.041
7771,128,1.041435e-04,0.9382,0.9537,0.045
7772,128,1.041074e-04,0.9509,0.9535,0.041
7773,128,1.040715e-04,0.9519,0.9534,0.043
7774,128,1.040357e-04,0.9558,0.9536,0.045
7775,128,1.040001e-04,0.9392,0.9528,0.046
7776,128,1.039647e-04,0.9603,0.9532,0.046
7777,128,1.039294e-04,0.9336,0.9522,0.044
7778,128,1.038942e-04,0.9255,0.9509,0.040
7779,128,1.038592e-04,0.9615,0.9514,0.040
7780,128,1.038244e-04,0.9625,0.9520,0.043
7781,128,1.037898e-04,0.9746,0.9531,0.042
7782,128,1.037552e-04,0.9247,0.9517,0.043
7783,128,1.037209e-04,0.9319,0.9507,0.046
7784,128,1.036867e-04,0.9528,0.9508,0.053
7785,128,1.036527e-04,0.9232,0.9494,0.054
7786,128,1.036188e-04,0.9643,0.9502,0.046
7787,128,1.035851e-04,0.9608,0.9507,0.045
7788,128,1.035515e-04,0.9505,0.9507,0.044
7789,128,1.035181e-04,0.9494,0.9506,0.039
7790,128,1.034849e-04,0.9511,0.9507,0.045
7791,128,1.034518e-04,0.9274,0.9495,0.039
7792,128,1.034188e-04,0.9740,0.9507,0.039
7793,128,1.033861e-04,0.9481,0.9506,0.045
7794,128,1.033534e-04,0.9426,0.9502,0.043
7795,128,1.033210e-04,0.9567,0.9505,0.047
7796,128,1.032887e-04,0.9433,0.9502,0.041
7797,128,1.032565e-04,0.9296,0.9491,0.039
7798,128,1.032245e-04,0.9422,0.9488,0.045
7799,128,1.031927e-04,0.9558,0.9491,0.040
7800,128,1.031610e-04,0.9469,0.9490,0.043
7801,128,1.031295e-04,0.9438,0.9488,0.042
7802,128,1.030982e-04,0.9409,0.9484,0.043
7803,128,1.030670e-04,0.9565,0.9488,0.042
7804,128,1.030359e-04,0.9796,0.9503,0.048
7805,128,1.030051e-04,0.9388,0.9497,0.043
7806,128,1.029743e-04,0.9721,0.9509,0.048
7807,128,1.029438e-04,0.9603,0.9513,0.048
7808,128,1.029133e-04,0.9501,0.9513,0.052
7809,128,1.028831e-04,0.9486,0.9511,0.049
7810,128,1.028530e-04,0.9642,0.9518,0.042
7811,128,1.028231e-04,0.9685,0.9526,0.043
7812,128,1.027933e-04,0.9610,0.9530,0.042
7813,128,1.027637e-04,0.9690,0.9538,0.042
7814,128,1.027342e-04,0.9798,0.9551,0.048
7815,128,1.027049e-04,0.9611,0.9554,0.045
7816,128,1.026757e-04,0.9364,0.9545,0.045
7817,128,1.026467e-04,0.9558,0.9546,0.042
7818,128,1.026179e-04,0.9455,0.9541,0.045
7819,128,1.025892e-04,0.9717,0.9550,0.043
7820,128,1.025607e-04,0.9536,0.9549,0.046
7821,128,1.025324e-04,0.9493,0.9546,0.042
7822,128,1.025042e-04,0.9471,0.9542,0.050
7823,128,1.024761e-04,0.9491,0.9540,0.045
7824,128,1.024482e-04,0.9220,0.9524,0.042
7825,128,1.024205e-04,0.9609,0.9528,0.045
7826,128,1.023929e-04,0.9420,0.9523,0.044
7827,128,1.023655e-04,0.9693,0.9531,0.048
7828,128,1.023382e-04,0.9253,0.9517,0.040
7829,128,1.023111e-04,0.9336,0.9508,0.044
7830,128,1.022842e-04,0.9518,0.9509,0.042
7831,128,1.022574e-04,0.9715,0.9519,0.045
7832,128,1.022308e-04,0.9593,0.9523,0.042
7833,128,1.022043e-04,0.9447,0.9519,0.042
7834,128,1.021780e-04,0.9337,0.9510,0.040
7835,128,1.021519e-04,0.9219,0.9495,0.041
7836,128,1.021259e-04,0.9382,0.9490,0.039
7837,128,1.021000e-04,0.9755,0.9503,0.043
7838,128,1.020744e-04,0.9466,0.9501,0.044
7839,128,1.020488e-04,0.9367,0.9494,0.042
7840,128,1.020235e-04,0.9299,0.9485,0.043
7841,128,1.019983e-04,0.9649,0.9493,0.039
7842,128,1.019732e-04,0.9540,0.9495,0.046
7843,128,1.019483e-04,0.9702,0.9506,0.046
7844,128,1.019236e-04,0.9826,0.9522,0.042
7845,128,1.018990e-04,0.9465,0.9519,0.050
7846,128,1.018746e-04,0.9568,0.9521,0.043
7847,128,1.018503e-04,0.9544,0.9522,0.045
7848,128,1.018262e-04,0.9358,0.9514,0.040
7849,128,1.018023e-04,0.9772,0.9527,0.044
7850,128,1.017785e-04,0.9698,0.9536,0.043
7851,128,1.017549e-04,0.9329,0.9525,0.042
7852,128,1.017314e-04,0.9538,0.9526,0.045
7853,128,1.017081e-04,0.9327,0.9516,0.041
7854,128,1.016850e-04,0.9721,0.9526,0.039
7855,128,1.016620e-04,0.9706,0.9535,0.041
7856,128,1.016391e-04,0.9692,0.9543,0.045
7857,128,1.016164e-04,0.9205,0.9526,0.041
7858,128,1.015939e-04,0.9344,0.9517,0.044
7859,128,1.015716e-04,0.9591,0.9521,0.041
7860,128,1.015494e-04,0.9314,0.9510,0.040
7861,128,1.015273e-04,0.9350,0.9502,0.045
7862,128,1.015054e-04,0.9722,0.9513,0.042
7863,128,1.014837e-04,0.9298,0.9502,0.044
7864,128,1.014621e-04,0.9849,0.9520,0.049
7865,128,1.014407e-04,0.9273,0.9507,0.048
7866,128,1.014194e-04,0.9260,0.9495,0.047
7867,128,1.013983e-04,0.9762,0.9508,0.048
7868,128,1.013774e-04,0.9278,0.9497,0.049
7869,128,1.013566e-04,0.9343,0.9489,0.051
7870,128,1.013360e-04,0.9362,0.9483,0.045
7871,128,1.013155e-04,0.9381,0.9478,0.048
7872,128,1.012952e-04,0.9335,0.9471,0.041
7873,128,1.012750e-04,0.9573,0.9476,0.046
7874,128,1.012550e-04,0.9598,0.9482,0.050
7875,128,1.012352e-04,0.9721,0.9494,0.044
7876,128,1.012155e-04,0.9625,0.9500,0.041
7877,128,1.011960e-04,0.9346,0.9493,0.043
7878,128,1.011766e-04,0.9697,0.9503,0.042
7879,128,1.011574e-04,0.9763,0.9516,0.054
7880,128,1.011384e-04,0.9580,0.9519,0.051
7881,128,1.011195e-04,0.9503,0.9518,0.051
7882,128,1.011008e-04,0.9534,0.9519,0.048
7883,128,1.010822e-04,0.9833,0.9535,0.049
7884,128,1.010638e-04,0.9420,0.9529,0.048
7885,128,1.010455e-04,0.9505,0.9528,0.042
7886,128,1.010274e-04,0.9545,0.9529,0.039
7887,128,1.010095e-04,0.9519,0.9528,0.041
7888,128,1.009917e-04,0.9474,0.9526,0.042
7889,128,1.009741e-04,0.9580,0.9528,0.046
7890,128,1.009566e-04,0.9589,0.9531,0.045
7891,128,1.009393e-04,0.9382,0.9524,0.049
7892,128,1.009221e-04,0.9467,0.9521,0.040
7893,128,1.009051e-04,0.9352,0.9513,0.043
7894,128,1.008883e-04,0.9447,0.9509,0.041
7895,128,1.008716e-04,0.9330,0.9500,0.038
7896,128,1.008551e-04,0.9361,0.9493,0.048
7897,128,1.008387e-04,0.9729,0.9505,0.045
7898,128,1.008225e-04,0.9288,0.9494,0.041
7899,128,1.008065e-04,0.9399,0.9489,0.040
7900,128,1.007906e-04,0.9673,0.9499,0.047
7901,128,1.007749e-04,0.8921,0.9470,0.037
7902,128,1.007593e-04,0.9662,0.9479,0.044
7903,128,1.007439e-04,0.9643,0.9488,0.046
7904,128,1.007286e-04,0.9547,0.9491,0.043
7905,128,1.007135e-04,0.9719,0.9502,0.044
7906,128,1.006986e-04,0.9588,0.9506,0.050
7907,128,1.006838e-04,0.9420,0.9502,0.044
7908,128,1.006692e-04,0.9518,0.9503,0.048
7909,128,1.006547e-04,0.9506,0.9503,0.040
7910,128,1.006404e-04,0.9452,0.9500,0.048
7911,128,1.006262e-04,0.9571,0.9504,0.043
7912,128,1.006123e-04,1.0071,0.9532,0.047
7913,128,1.005984e-04,0.9285,0.9520,0.045
7914,128,1.005847e-04,0.9396,0.9514,0.046
7915,128,1.005712e-04,0.9644,0.9520,0.047
7916,128,1.005579e-04,0.9083,0.9498,0.040
7917,128,1.005447e-04,1.0000,0.9524,0.048
7918,128,1.005316e-04,0.9470,0.9521,0.046
7919,128,1.005187e-04,0.9472,0.9518,0.042
7920,128,1.005060e-04,0.9209,0.9503,0.037
7921,128,1.004934e-04,0.9534,0.9505,0.041
7922,128,1.004810e-04,0.9762,0.9517,0.041
7923,128,1.004688e-04,0.9643,0.9524,0.045
7924,128,1.004567e-04,0.9768,0.9536,0.045
7925,128,1.004447e-04,0.9345,0.9526,0.054
7926,128,1.004330e-04,0.9400,0.9520,0.044
7927,128,1.004213e-04,0.9742,0.9531,0.049
7928,128,1.004099e-04,0.9615,0.9535,0.042
7929,128,1.003986e-04,0.9843,0.9551,0.046
7930,128,1.003874e-04,0.9656,0.9556,0.045
7931,128,1.003764e-04,0.9377,0.9547,0.038
7932,128,1.003656e-04,0.9218,0.9531,0.042
7933,128,1.003549e-04,0.9202,0.9514,0.041
7934,128,1.003444e-04,0.9990,0.9538,0.051
7935,128,1.003341e-04,0.9296,0.9526,0.042
7936,128,1.003239e-04,0.9343,0.9517,0.050
7937,128,1.003138e-04,0.9269,0.9504,0.040
7938,128,1.003039e-04,0.9491,0.9504,0.045
7939,128,1.002942e-04,0.9555,0.9506,0.050
7940,128,1.002846e-04,0.9896,0.9526,0.051
7941,128,1.002752e-04,0.9660,0.9532,0.047
7942,128,1.002660e-04,0.9721,0.9542,0.047
7943,128,1.002569e-04,0.9770,0.9553,0.044
7944,128,1.002480e-04,0.9687,0.9560,0.045
7945,128,1.002392e-04,0.9801,0.9572,0.042
7946,128,1.002306e-04,0.9299,0.9558,0.040
7947,128,1.002221e-04,0.9546,0.9558,0.044
7948,128,1.002138e-04,0.9334,0.9547,0.046
7949,128,1.002057e-04,0.9713,0.9555,0.049
7950,128,1.001977e-04,0.9727,0.9563,0.041
7951,128,1.001898e-04,0.9720,0.9571,0.044
7952,128,1.001822e-04,0.9626,0.9574,0.046
7953,128,1.001747e-04,0.9715,0.9581,0.044
7954,128,1.001673e-04,0.9620,0.9583,0.047
7955,128,1.001601e-04,0.9580,0.9583,0.044
7956,128,1.001531e-04,0.9529,0.9580,0.042
7957,128,1.001462e-04,0.9785,0.9590,0.043
7958,128,1.001395e-04,0.9600,0.9591,0.042
7959,128,1.001329e-04,0.9566,0.9590,0.041
7960,128,1.001265e-04,0.9501,0.9585,0.036
7961,128,1.001203e-04,0.9541,0.9583,0.041
7962,128,1.001142e-04,0.9572,0.9583,0.043
7963,128,1.001082e-04,0.9380,0.9572,0.038
7964,128,1.001025e-04,0.9287,0.9558,0.039
7965,128,1.000969e-04,0.9484,0.9554,0.043
7966,128,1.000914e-04,0.9861,0.9570,0.043
7967,128,1.000861e-04,0.9480,0.9565,0.048
7968,128,1.000810e-04,0.9322,0.9553,0.041
7969,128,1.000760e-04,0.9355,0.9543,0.045
7970,128,1.000712e-04,0.9627,0.9547,0.043
7971,128,1.000665e-04,0.9436,0.9542,0.044
7972,128,1.000620e-04,0.9449,0.9537,0.041
7973,128,1.000576e-04,0.9686,0.9545,0.044
7974,128,1.000535e-04,0.9776,0.9556,0.045
7975,128,1.000494e-04,0.9519,0.9554,0.042
7976,128,1.000455e-04,0.9436,0.9548,0.045
7977,128,1.000418e-04,0.9546,0.9548,0.045
7978,128,1.000383e-04,0.9664,0.9554,0.045
7979,128,1.000349e-04,0.9072,0.9530,0.044
7980,128,1.000316e-04,0.9490,0.9528,0.042
7981,128,1.000285e-04,0.9663,0.9535,0.046
7982,128,1.000256e-04,0.9711,0.9544,0.045
7983,128,1.000229e-04,0.9717,0.9552,0.043
7984,128,1.000202e-04,0.9318,0.9540,0.040
7985,128,1.000178e-04,0.9647,0.9546,0.047
7986,128,1.000155e-04,0.9175,0.9527,0.045
7987,128,1.000134e-04,0.9521,0.9527,0.049
7988,128,1.000114e-04,0.9692,0.9535,0.041
7989,128,1.000096e-04,0.9428,0.9530,0.044
7990,128,1.000079e-04,0.9520,0.9529,0.045
7991,128,1.000064e-04,0.9440,0.9525,0.046
7992,128,1.000051e-04,0.9493,0.9523,0.040
7993,128,1.000039e-04,0.9781,0.9536,0.043
7994,128,1.000028e-04,0.9309,0.9525,0.040
7995,128,1.000020e-04,0.9182,0.9508,0.043
7996,128,1.000013e-04,0.9512,0.9508,0.042
7997,128,1.000007e-04,0.9719,0.9518,0.040
7998,128,1.000003e-04,0.9349,0.9510,0.041
7999,128,1.000001e-04,0.9420,0.9505,0.041
